[0.027s] Invoking command in '/home/webotpi/ros2_ws/build/rplidar_ros': CMAKE_PREFIX_PATH=${CMAKE_PREFIX_PATH}:/opt/ros/jazzy DEBUGINFOD_URLS=https://debuginfod.ubuntu.com /usr/bin/cmake --build /home/webotpi/ros2_ws/build/rplidar_ros -- -j4 -l4
[0.452s] [  7%] Building CXX object CMakeFiles/rplidar_node.dir/src/rplidar_node.cpp.o
[0.452s] [  7%] Building CXX object CMakeFiles/rplidar_client.dir/src/rplidar_client.cpp.o
[0.452s] [  7%] Building CXX object CMakeFiles/rplidar_composition.dir/src/rplidar_node.cpp.o
[0.455s] [ 10%] Building CXX object CMakeFiles/rplidar_composition.dir/sdk/src/arch/linux/net_serial.cpp.o
[1.648s] /home/webotpi/ros2_ws/src/rplidar_ros/sdk/src/arch/linux/net_serial.cpp: In member function ‘bool rp::arch::net::raw_serial::open(const char*, uint32_t, uint32_t)’:
[1.648s] /home/webotpi/ros2_ws/src/rplidar_ros/sdk/src/arch/linux/net_serial.cpp:97:74: warning: unused parameter ‘flags’ [-Wunused-parameter]
[1.648s]    97 | bool raw_serial::open(const char * portname, uint32_t baudrate, uint32_t flags)
[1.648s]       |                                                                 ~~~~~~~~~^~~~~
[1.649s] /home/webotpi/ros2_ws/src/rplidar_ros/sdk/src/arch/linux/net_serial.cpp: In member function ‘virtual void rp::arch::net::raw_serial::flush(_u32)’:
[1.649s] /home/webotpi/ros2_ws/src/rplidar_ros/sdk/src/arch/linux/net_serial.cpp:281:30: warning: unused parameter ‘flags’ [-Wunused-parameter]
[1.649s]   281 | void raw_serial::flush( _u32 flags)
[1.649s]       |                         ~~~~~^~~~~
[1.649s] /home/webotpi/ros2_ws/src/rplidar_ros/sdk/src/arch/linux/net_serial.cpp: In member function ‘virtual int rp::arch::net::raw_serial::waitforsent(_u32, size_t*)’:
[1.649s] /home/webotpi/ros2_ws/src/rplidar_ros/sdk/src/arch/linux/net_serial.cpp:286:34: warning: unused parameter ‘timeout’ [-Wunused-parameter]
[1.649s]   286 | int raw_serial::waitforsent(_u32 timeout, size_t * returned_size)
[1.649s]       |                             ~~~~~^~~~~~~
[1.649s] /home/webotpi/ros2_ws/src/rplidar_ros/sdk/src/arch/linux/net_serial.cpp: In member function ‘virtual int rp::arch::net::raw_serial::waitforrecv(_u32, size_t*)’:
[1.650s] /home/webotpi/ros2_ws/src/rplidar_ros/sdk/src/arch/linux/net_serial.cpp:292:34: warning: unused parameter ‘timeout’ [-Wunused-parameter]
[1.650s]   292 | int raw_serial::waitforrecv(_u32 timeout, size_t * returned_size)
[1.650s]       |                             ~~~~~^~~~~~~
[1.654s] /home/webotpi/ros2_ws/src/rplidar_ros/sdk/src/arch/linux/net_serial.cpp: In member function ‘virtual void rp::arch::net::raw_serial::cancelOperation()’:
[1.654s] /home/webotpi/ros2_ws/src/rplidar_ros/sdk/src/arch/linux/net_serial.cpp:427:5: warning: value computed is not used [-Wunused-value]
[1.654s]   427 |     (int)::write(_selfpipe[1], "x", 1);
[1.654s]       |     ^~~~~~~~~~~~~~~~~~~~~~~~~~~~~~~~~~
[2.078s] [ 13%] Building CXX object CMakeFiles/rplidar_composition.dir/sdk/src/arch/linux/net_socket.cpp.o
[3.140s] In file included from /home/webotpi/ros2_ws/src/rplidar_ros/sdk/include/rplidar_protocol.h:36,
[3.140s]                  from /home/webotpi/ros2_ws/src/rplidar_ros/sdk/include/rplidar.h:39,
[3.140s]                  from /home/webotpi/ros2_ws/src/rplidar_ros/sdk/src/sdkcommon.h:49,
[3.140s]                  from /home/webotpi/ros2_ws/src/rplidar_ros/sdk/src/arch/linux/net_socket.cpp:10:
[3.141s] /home/webotpi/ros2_ws/src/rplidar_ros/sdk/include/sl_lidar_protocol.h:66:16: warning: ISO C++ forbids zero-size array ‘data’ [-Wpedantic]
[3.141s]    66 |     sl_u8 data[0];
[3.141s]       |                ^
[3.141s] In file included from /home/webotpi/ros2_ws/src/rplidar_ros/sdk/include/rplidar_cmd.h:36,
[3.141s]                  from /home/webotpi/ros2_ws/src/rplidar_ros/sdk/include/rplidar.h:40:
[3.141s] /home/webotpi/ros2_ws/src/rplidar_ros/sdk/include/sl_lidar_cmd.h:324:20: warning: ISO C++ forbids zero-size array ‘payload’ [-Wpedantic]
[3.141s]   324 |     sl_u8  payload[0];
[3.141s]       |                    ^
[3.234s] In file included from /home/webotpi/ros2_ws/src/rplidar_ros/sdk/src/arch/linux/arch_linux.h:42,
[3.234s]                  from /home/webotpi/ros2_ws/src/rplidar_ros/sdk/src/sdkcommon.h:41:
[3.234s] /home/webotpi/ros2_ws/src/rplidar_ros/sdk/src/arch/linux/net_socket.cpp: In member function ‘virtual u_result rp::arch::net::DGramSocketImpl::sendTo(const rp::net::SocketAddress*, const void*, size_t)’:
[3.235s] /home/webotpi/ros2_ws/src/rplidar_ros/sdk/src/arch/linux/net_socket.cpp:733:24: warning: comparison of integer expressions of different signedness: ‘int’ and ‘size_t’ {aka ‘long unsigned int’} [-Wsign-compare]
[3.235s]   733 |             assert(ans == len);
[3.235s]       |                    ~~~~^~~~~~
[3.659s] [ 15%] Building CXX object CMakeFiles/rplidar_composition.dir/sdk/src/arch/linux/timer.cpp.o
[4.654s] [ 18%] Building CXX object CMakeFiles/rplidar_node.dir/sdk/src/arch/linux/net_serial.cpp.o
[5.548s] /home/webotpi/ros2_ws/src/rplidar_ros/sdk/src/arch/linux/net_serial.cpp: In member function ‘bool rp::arch::net::raw_serial::open(const char*, uint32_t, uint32_t)’:
[5.548s] /home/webotpi/ros2_ws/src/rplidar_ros/sdk/src/arch/linux/net_serial.cpp:97:74: warning: unused parameter ‘flags’ [-Wunused-parameter]
[5.549s]    97 | bool raw_serial::open(const char * portname, uint32_t baudrate, uint32_t flags)
[5.549s]       |                                                                 ~~~~~~~~~^~~~~
[5.551s] /home/webotpi/ros2_ws/src/rplidar_ros/sdk/src/arch/linux/net_serial.cpp: In member function ‘virtual void rp::arch::net::raw_serial::flush(_u32)’:
[5.551s] /home/webotpi/ros2_ws/src/rplidar_ros/sdk/src/arch/linux/net_serial.cpp:281:30: warning: unused parameter ‘flags’ [-Wunused-parameter]
[5.551s]   281 | void raw_serial::flush( _u32 flags)
[5.551s]       |                         ~~~~~^~~~~
[5.552s] /home/webotpi/ros2_ws/src/rplidar_ros/sdk/src/arch/linux/net_serial.cpp: In member function ‘virtual int rp::arch::net::raw_serial::waitforsent(_u32, size_t*)’:
[5.552s] /home/webotpi/ros2_ws/src/rplidar_ros/sdk/src/arch/linux/net_serial.cpp:286:34: warning: unused parameter ‘timeout’ [-Wunused-parameter]
[5.552s]   286 | int raw_serial::waitforsent(_u32 timeout, size_t * returned_size)
[5.553s]       |                             ~~~~~^~~~~~~
[5.553s] /home/webotpi/ros2_ws/src/rplidar_ros/sdk/src/arch/linux/net_serial.cpp: In member function ‘virtual int rp::arch::net::raw_serial::waitforrecv(_u32, size_t*)’:
[5.553s] /home/webotpi/ros2_ws/src/rplidar_ros/sdk/src/arch/linux/net_serial.cpp:292:34: warning: unused parameter ‘timeout’ [-Wunused-parameter]
[5.553s]   292 | int raw_serial::waitforrecv(_u32 timeout, size_t * returned_size)
[5.553s]       |                             ~~~~~^~~~~~~
[5.555s] /home/webotpi/ros2_ws/src/rplidar_ros/sdk/src/arch/linux/net_serial.cpp: In member function ‘virtual void rp::arch::net::raw_serial::cancelOperation()’:
[5.555s] /home/webotpi/ros2_ws/src/rplidar_ros/sdk/src/arch/linux/net_serial.cpp:427:5: warning: value computed is not used [-Wunused-value]
[5.556s]   427 |     (int)::write(_selfpipe[1], "x", 1);
[5.556s]       |     ^~~~~~~~~~~~~~~~~~~~~~~~~~~~~~~~~~
[5.790s] [ 21%] Building CXX object CMakeFiles/rplidar_node.dir/sdk/src/arch/linux/net_socket.cpp.o
[6.705s] In file included from /home/webotpi/ros2_ws/src/rplidar_ros/sdk/include/rplidar_protocol.h:36,
[6.705s]                  from /home/webotpi/ros2_ws/src/rplidar_ros/sdk/include/rplidar.h:39,
[6.705s]                  from /home/webotpi/ros2_ws/src/rplidar_ros/sdk/src/sdkcommon.h:49,
[6.706s]                  from /home/webotpi/ros2_ws/src/rplidar_ros/sdk/src/arch/linux/net_socket.cpp:10:
[6.706s] /home/webotpi/ros2_ws/src/rplidar_ros/sdk/include/sl_lidar_protocol.h:66:16: warning: ISO C++ forbids zero-size array ‘data’ [-Wpedantic]
[6.706s]    66 |     sl_u8 data[0];
[6.706s]       |                ^
[6.706s] In file included from /home/webotpi/ros2_ws/src/rplidar_ros/sdk/include/rplidar_cmd.h:36,
[6.706s]                  from /home/webotpi/ros2_ws/src/rplidar_ros/sdk/include/rplidar.h:40:
[6.707s] /home/webotpi/ros2_ws/src/rplidar_ros/sdk/include/sl_lidar_cmd.h:324:20: warning: ISO C++ forbids zero-size array ‘payload’ [-Wpedantic]
[6.707s]   324 |     sl_u8  payload[0];
[6.707s]       |                    ^
[6.794s] In file included from /home/webotpi/ros2_ws/src/rplidar_ros/sdk/src/arch/linux/arch_linux.h:42,
[6.794s]                  from /home/webotpi/ros2_ws/src/rplidar_ros/sdk/src/sdkcommon.h:41:
[6.794s] /home/webotpi/ros2_ws/src/rplidar_ros/sdk/src/arch/linux/net_socket.cpp: In member function ‘virtual u_result rp::arch::net::DGramSocketImpl::sendTo(const rp::net::SocketAddress*, const void*, size_t)’:
[6.794s] /home/webotpi/ros2_ws/src/rplidar_ros/sdk/src/arch/linux/net_socket.cpp:733:24: warning: comparison of integer expressions of different signedness: ‘int’ and ‘size_t’ {aka ‘long unsigned int’} [-Wsign-compare]
[6.794s]   733 |             assert(ans == len);
[6.795s]       |                    ~~~~^~~~~~
[7.077s] In file included from /home/webotpi/ros2_ws/src/rplidar_ros/sdk/include/sl_lidar_cmd.h:41,
[7.078s]                  from /home/webotpi/ros2_ws/src/rplidar_ros/sdk/include/sl_lidar_driver.h:54,
[7.078s]                  from /home/webotpi/ros2_ws/src/rplidar_ros/sdk/include/sl_lidar.h:36,
[7.078s]                  from /home/webotpi/ros2_ws/src/rplidar_ros/src/rplidar_node.cpp:38:
[7.078s] /home/webotpi/ros2_ws/src/rplidar_ros/sdk/include/sl_lidar_protocol.h:66:16: warning: ISO C++ forbids zero-size array ‘data’ [-Wpedantic]
[7.078s]    66 |     sl_u8 data[0];
[7.078s]       |                ^
[7.078s] /home/webotpi/ros2_ws/src/rplidar_ros/sdk/include/sl_lidar_cmd.h:324:20: warning: ISO C++ forbids zero-size array ‘payload’ [-Wpedantic]
[7.078s]   324 |     sl_u8  payload[0];
[7.078s]       |                    ^
[7.181s] In file included from /home/webotpi/ros2_ws/src/rplidar_ros/sdk/include/sl_lidar_cmd.h:41,
[7.181s]                  from /home/webotpi/ros2_ws/src/rplidar_ros/sdk/include/sl_lidar_driver.h:54,
[7.181s]                  from /home/webotpi/ros2_ws/src/rplidar_ros/sdk/include/sl_lidar.h:36,
[7.181s]                  from /home/webotpi/ros2_ws/src/rplidar_ros/src/rplidar_node.cpp:38:
[7.181s] /home/webotpi/ros2_ws/src/rplidar_ros/sdk/include/sl_lidar_protocol.h:66:16: warning: ISO C++ forbids zero-size array ‘data’ [-Wpedantic]
[7.184s]    66 |     sl_u8 data[0];
[7.184s]       |                ^
[7.185s] /home/webotpi/ros2_ws/src/rplidar_ros/sdk/include/sl_lidar_cmd.h:324:20: warning: ISO C++ forbids zero-size array ‘payload’ [-Wpedantic]
[7.185s]   324 |     sl_u8  payload[0];
[7.185s]       |                    ^
[7.185s] [ 23%] Building CXX object CMakeFiles/rplidar_composition.dir/sdk/src/dataunpacker/dataunpacker.cpp.o
[8.068s] In file included from /home/webotpi/ros2_ws/src/rplidar_ros/sdk/include/rplidar_protocol.h:36,
[8.068s]                  from /home/webotpi/ros2_ws/src/rplidar_ros/sdk/include/rplidar.h:39,
[8.069s]                  from /home/webotpi/ros2_ws/src/rplidar_ros/sdk/src/sdkcommon.h:49,
[8.069s]                  from /home/webotpi/ros2_ws/src/rplidar_ros/sdk/src/dataunpacker/dataunnpacker_commondef.h:41,
[8.069s]                  from /home/webotpi/ros2_ws/src/rplidar_ros/sdk/src/dataunpacker/dataunpacker.cpp:39:
[8.069s] /home/webotpi/ros2_ws/src/rplidar_ros/sdk/include/sl_lidar_protocol.h:66:16: warning: ISO C++ forbids zero-size array ‘data’ [-Wpedantic]
[8.069s]    66 |     sl_u8 data[0];
[8.070s]       |                ^
[8.070s] In file included from /home/webotpi/ros2_ws/src/rplidar_ros/sdk/include/rplidar_cmd.h:36,
[8.070s]                  from /home/webotpi/ros2_ws/src/rplidar_ros/sdk/include/rplidar.h:40:
[8.070s] /home/webotpi/ros2_ws/src/rplidar_ros/sdk/include/sl_lidar_cmd.h:324:20: warning: ISO C++ forbids zero-size array ‘payload’ [-Wpedantic]
[8.070s]   324 |     sl_u8  payload[0];
[8.070s]       |                    ^
[8.288s] In file included from /home/webotpi/ros2_ws/src/rplidar_ros/sdk/src/dataunpacker/dataunpacker.cpp:40:
[8.289s] /home/webotpi/ros2_ws/src/rplidar_ros/sdk/src/dataunpacker/dataunpacker.h: In member function ‘virtual void sl::internal::LIDARSampleDataListener::onCustomSampleDataDecoded(_u8, _u32, const void*, size_t)’:
[8.289s] /home/webotpi/ros2_ws/src/rplidar_ros/sdk/src/dataunpacker/dataunpacker.h:54:52: warning: unused parameter ‘ansType’ [-Wunused-parameter]
[8.289s]    54 |         virtual void onCustomSampleDataDecoded(_u8 ansType, _u32 customCode, const void* data, size_t size) {}
[8.289s]       |                                                ~~~~^~~~~~~
[8.290s] /home/webotpi/ros2_ws/src/rplidar_ros/sdk/src/dataunpacker/dataunpacker.h:54:66: warning: unused parameter ‘customCode’ [-Wunused-parameter]
[8.290s]    54 |         virtual void onCustomSampleDataDecoded(_u8 ansType, _u32 customCode, const void* data, size_t size) {}
[8.290s]       |                                                             ~~~~~^~~~~~~~~~
[8.294s] /home/webotpi/ros2_ws/src/rplidar_ros/sdk/src/dataunpacker/dataunpacker.h:54:90: warning: unused parameter ‘data’ [-Wunused-parameter]
[8.294s]    54 |         virtual void onCustomSampleDataDecoded(_u8 ansType, _u32 customCode, const void* data, size_t size) {}
[8.294s]       |                                                                              ~~~~~~~~~~~~^~~~
[8.294s] /home/webotpi/ros2_ws/src/rplidar_ros/sdk/src/dataunpacker/dataunpacker.h:54:103: warning: unused parameter ‘size’ [-Wunused-parameter]
[8.294s]    54 |         virtual void onCustomSampleDataDecoded(_u8 ansType, _u32 customCode, const void* data, size_t size) {}
[8.294s]       |                                                                                                ~~~~~~~^~~~
[8.294s] /home/webotpi/ros2_ws/src/rplidar_ros/sdk/src/dataunpacker/dataunpacker.h: In member function ‘virtual void sl::internal::LIDARSampleDataListener::onDecodingError(int, _u8, const void*, size_t)’:
[8.295s] /home/webotpi/ros2_ws/src/rplidar_ros/sdk/src/dataunpacker/dataunpacker.h:56:42: warning: unused parameter ‘errMsg’ [-Wunused-parameter]
[8.295s]    56 |         virtual void onDecodingError(int errMsg, _u8 ansType, const void* payload, size_t size) {}
[8.295s]       |                                      ~~~~^~~~~~
[8.295s] /home/webotpi/ros2_ws/src/rplidar_ros/sdk/src/dataunpacker/dataunpacker.h:56:54: warning: unused parameter ‘ansType’ [-Wunused-parameter]
[8.295s]    56 |         virtual void onDecodingError(int errMsg, _u8 ansType, const void* payload, size_t size) {}
[8.295s]       |                                                  ~~~~^~~~~~~
[8.295s] /home/webotpi/ros2_ws/src/rplidar_ros/sdk/src/dataunpacker/dataunpacker.h:56:75: warning: unused parameter ‘payload’ [-Wunused-parameter]
[8.295s]    56 |         virtual void onDecodingError(int errMsg, _u8 ansType, const void* payload, size_t size) {}
[8.296s]       |                                                               ~~~~~~~~~~~~^~~~~~~
[8.296s] /home/webotpi/ros2_ws/src/rplidar_ros/sdk/src/dataunpacker/dataunpacker.h:56:91: warning: unused parameter ‘size’ [-Wunused-parameter]
[8.296s]    56 |         virtual void onDecodingError(int errMsg, _u8 ansType, const void* payload, size_t size) {}
[8.296s]       |                                                                                    ~~~~~~~^~~~
[8.799s] [ 26%] Building CXX object CMakeFiles/rplidar_composition.dir/sdk/src/dataunpacker/unpacker/handler_capsules.cpp.o
[9.686s] In file included from /home/webotpi/ros2_ws/src/rplidar_ros/sdk/include/rplidar_protocol.h:36,
[9.686s]                  from /home/webotpi/ros2_ws/src/rplidar_ros/sdk/include/rplidar.h:39,
[9.686s]                  from /home/webotpi/ros2_ws/src/rplidar_ros/sdk/src/sdkcommon.h:49,
[9.687s]                  from /home/webotpi/ros2_ws/src/rplidar_ros/sdk/src/dataunpacker/unpacker/../dataunnpacker_commondef.h:41,
[9.687s]                  from /home/webotpi/ros2_ws/src/rplidar_ros/sdk/src/dataunpacker/unpacker/handler_capsules.cpp:39:
[9.687s] /home/webotpi/ros2_ws/src/rplidar_ros/sdk/include/sl_lidar_protocol.h:66:16: warning: ISO C++ forbids zero-size array ‘data’ [-Wpedantic]
[9.687s]    66 |     sl_u8 data[0];
[9.687s]       |                ^
[9.688s] In file included from /home/webotpi/ros2_ws/src/rplidar_ros/sdk/include/rplidar_cmd.h:36,
[9.689s]                  from /home/webotpi/ros2_ws/src/rplidar_ros/sdk/include/rplidar.h:40:
[9.689s] /home/webotpi/ros2_ws/src/rplidar_ros/sdk/include/sl_lidar_cmd.h:324:20: warning: ISO C++ forbids zero-size array ‘payload’ [-Wpedantic]
[9.690s]   324 |     sl_u8  payload[0];
[9.690s]       |                    ^
[9.928s] In file included from /home/webotpi/ros2_ws/src/rplidar_ros/sdk/src/dataunpacker/unpacker/handler_capsules.cpp:40:
[9.928s] /home/webotpi/ros2_ws/src/rplidar_ros/sdk/src/dataunpacker/unpacker/../dataunpacker.h: In member function ‘virtual void sl::internal::LIDARSampleDataListener::onCustomSampleDataDecoded(_u8, _u32, const void*, size_t)’:
[9.928s] /home/webotpi/ros2_ws/src/rplidar_ros/sdk/src/dataunpacker/unpacker/../dataunpacker.h:54:52: warning: unused parameter ‘ansType’ [-Wunused-parameter]
[9.928s]    54 |         virtual void onCustomSampleDataDecoded(_u8 ansType, _u32 customCode, const void* data, size_t size) {}
[9.928s]       |                                                ~~~~^~~~~~~
[9.931s] /home/webotpi/ros2_ws/src/rplidar_ros/sdk/src/dataunpacker/unpacker/../dataunpacker.h:54:66: warning: unused parameter ‘customCode’ [-Wunused-parameter]
[9.931s]    54 |         virtual void onCustomSampleDataDecoded(_u8 ansType, _u32 customCode, const void* data, size_t size) {}
[9.931s]       |                                                             ~~~~~^~~~~~~~~~
[9.931s] /home/webotpi/ros2_ws/src/rplidar_ros/sdk/src/dataunpacker/unpacker/../dataunpacker.h:54:90: warning: unused parameter ‘data’ [-Wunused-parameter]
[9.931s]    54 |         virtual void onCustomSampleDataDecoded(_u8 ansType, _u32 customCode, const void* data, size_t size) {}
[9.931s]       |                                                                              ~~~~~~~~~~~~^~~~
[9.931s] /home/webotpi/ros2_ws/src/rplidar_ros/sdk/src/dataunpacker/unpacker/../dataunpacker.h:54:103: warning: unused parameter ‘size’ [-Wunused-parameter]
[9.931s]    54 |         virtual void onCustomSampleDataDecoded(_u8 ansType, _u32 customCode, const void* data, size_t size) {}
[9.931s]       |                                                                                                ~~~~~~~^~~~
[9.932s] /home/webotpi/ros2_ws/src/rplidar_ros/sdk/src/dataunpacker/unpacker/../dataunpacker.h: In member function ‘virtual void sl::internal::LIDARSampleDataListener::onDecodingError(int, _u8, const void*, size_t)’:
[9.932s] /home/webotpi/ros2_ws/src/rplidar_ros/sdk/src/dataunpacker/unpacker/../dataunpacker.h:56:42: warning: unused parameter ‘errMsg’ [-Wunused-parameter]
[9.932s]    56 |         virtual void onDecodingError(int errMsg, _u8 ansType, const void* payload, size_t size) {}
[9.932s]       |                                      ~~~~^~~~~~
[9.932s] /home/webotpi/ros2_ws/src/rplidar_ros/sdk/src/dataunpacker/unpacker/../dataunpacker.h:56:54: warning: unused parameter ‘ansType’ [-Wunused-parameter]
[9.932s]    56 |         virtual void onDecodingError(int errMsg, _u8 ansType, const void* payload, size_t size) {}
[9.932s]       |                                                  ~~~~^~~~~~~
[9.932s] /home/webotpi/ros2_ws/src/rplidar_ros/sdk/src/dataunpacker/unpacker/../dataunpacker.h:56:75: warning: unused parameter ‘payload’ [-Wunused-parameter]
[9.932s]    56 |         virtual void onDecodingError(int errMsg, _u8 ansType, const void* payload, size_t size) {}
[9.932s]       |                                                               ~~~~~~~~~~~~^~~~~~~
[9.932s] /home/webotpi/ros2_ws/src/rplidar_ros/sdk/src/dataunpacker/unpacker/../dataunpacker.h:56:91: warning: unused parameter ‘size’ [-Wunused-parameter]
[9.933s]    56 |         virtual void onDecodingError(int errMsg, _u8 ansType, const void* payload, size_t size) {}
[9.933s]       |                                                                                    ~~~~~~~^~~~
[9.956s] /home/webotpi/ros2_ws/src/rplidar_ros/sdk/src/dataunpacker/unpacker/handler_capsules.cpp: In member function ‘void sl::internal::unpacker::UnpackerHandler_DenseCapsuleNode::_onScanNodeDenseCapsuleData(rplidar_response_dense_capsule_measurement_nodes_t&, sl::internal::LIDARSampleDataUnpackerInner*)’:
[9.960s] /home/webotpi/ros2_ws/src/rplidar_ros/sdk/src/dataunpacker/unpacker/handler_capsules.cpp:763:30: warning: type qualifiers ignored on cast result type [-Wignored-qualifiers]
[9.960s]   763 |             const int dist = static_cast<const int>(_cached_previous_dense_capsuledata.cabins[pos].distance);
[9.960s]       |                              ^~~~~~~~~~~~~~~~~~~~~~~~~~~~~~~~~~~~~~~~~~~~~~~~~~~~~~~~~~~~~~~~~~~~~~~~~~~~~~~
[10.338s] [ 28%] Building CXX object CMakeFiles/rplidar_composition.dir/sdk/src/dataunpacker/unpacker/handler_hqnode.cpp.o
[11.328s] In file included from /home/webotpi/ros2_ws/src/rplidar_ros/sdk/include/rplidar_protocol.h:36,
[11.328s]                  from /home/webotpi/ros2_ws/src/rplidar_ros/sdk/include/rplidar.h:39,
[11.329s]                  from /home/webotpi/ros2_ws/src/rplidar_ros/sdk/src/sdkcommon.h:49,
[11.329s]                  from /home/webotpi/ros2_ws/src/rplidar_ros/sdk/src/dataunpacker/unpacker/../dataunnpacker_commondef.h:41,
[11.329s]                  from /home/webotpi/ros2_ws/src/rplidar_ros/sdk/src/dataunpacker/unpacker/handler_hqnode.cpp:39:
[11.329s] /home/webotpi/ros2_ws/src/rplidar_ros/sdk/include/sl_lidar_protocol.h:66:16: warning: ISO C++ forbids zero-size array ‘data’ [-Wpedantic]
[11.329s]    66 |     sl_u8 data[0];
[11.329s]       |                ^
[11.332s] In file included from /home/webotpi/ros2_ws/src/rplidar_ros/sdk/include/rplidar_cmd.h:36,
[11.332s]                  from /home/webotpi/ros2_ws/src/rplidar_ros/sdk/include/rplidar.h:40:
[11.333s] /home/webotpi/ros2_ws/src/rplidar_ros/sdk/include/sl_lidar_cmd.h:324:20: warning: ISO C++ forbids zero-size array ‘payload’ [-Wpedantic]
[11.333s]   324 |     sl_u8  payload[0];
[11.333s]       |                    ^
[11.621s] In file included from /home/webotpi/ros2_ws/src/rplidar_ros/sdk/src/dataunpacker/unpacker/handler_hqnode.cpp:40:
[11.622s] /home/webotpi/ros2_ws/src/rplidar_ros/sdk/src/dataunpacker/unpacker/../dataunpacker.h: In member function ‘virtual void sl::internal::LIDARSampleDataListener::onCustomSampleDataDecoded(_u8, _u32, const void*, size_t)’:
[11.622s] /home/webotpi/ros2_ws/src/rplidar_ros/sdk/src/dataunpacker/unpacker/../dataunpacker.h:54:52: warning: unused parameter ‘ansType’ [-Wunused-parameter]
[11.622s]    54 |         virtual void onCustomSampleDataDecoded(_u8 ansType, _u32 customCode, const void* data, size_t size) {}
[11.622s]       |                                                ~~~~^~~~~~~
[11.625s] /home/webotpi/ros2_ws/src/rplidar_ros/sdk/src/dataunpacker/unpacker/../dataunpacker.h:54:66: warning: unused parameter ‘customCode’ [-Wunused-parameter]
[11.625s]    54 |         virtual void onCustomSampleDataDecoded(_u8 ansType, _u32 customCode, const void* data, size_t size) {}
[11.625s]       |                                                             ~~~~~^~~~~~~~~~
[11.625s] /home/webotpi/ros2_ws/src/rplidar_ros/sdk/src/dataunpacker/unpacker/../dataunpacker.h:54:90: warning: unused parameter ‘data’ [-Wunused-parameter]
[11.625s]    54 |         virtual void onCustomSampleDataDecoded(_u8 ansType, _u32 customCode, const void* data, size_t size) {}
[11.625s]       |                                                                              ~~~~~~~~~~~~^~~~
[11.625s] /home/webotpi/ros2_ws/src/rplidar_ros/sdk/src/dataunpacker/unpacker/../dataunpacker.h:54:103: warning: unused parameter ‘size’ [-Wunused-parameter]
[11.625s]    54 |         virtual void onCustomSampleDataDecoded(_u8 ansType, _u32 customCode, const void* data, size_t size) {}
[11.625s]       |                                                                                                ~~~~~~~^~~~
[11.626s] /home/webotpi/ros2_ws/src/rplidar_ros/sdk/src/dataunpacker/unpacker/../dataunpacker.h: In member function ‘virtual void sl::internal::LIDARSampleDataListener::onDecodingError(int, _u8, const void*, size_t)’:
[11.626s] /home/webotpi/ros2_ws/src/rplidar_ros/sdk/src/dataunpacker/unpacker/../dataunpacker.h:56:42: warning: unused parameter ‘errMsg’ [-Wunused-parameter]
[11.626s]    56 |         virtual void onDecodingError(int errMsg, _u8 ansType, const void* payload, size_t size) {}
[11.626s]       |                                      ~~~~^~~~~~
[11.626s] /home/webotpi/ros2_ws/src/rplidar_ros/sdk/src/dataunpacker/unpacker/../dataunpacker.h:56:54: warning: unused parameter ‘ansType’ [-Wunused-parameter]
[11.626s]    56 |         virtual void onDecodingError(int errMsg, _u8 ansType, const void* payload, size_t size) {}
[11.626s]       |                                                  ~~~~^~~~~~~
[11.626s] /home/webotpi/ros2_ws/src/rplidar_ros/sdk/src/dataunpacker/unpacker/../dataunpacker.h:56:75: warning: unused parameter ‘payload’ [-Wunused-parameter]
[11.626s]    56 |         virtual void onDecodingError(int errMsg, _u8 ansType, const void* payload, size_t size) {}
[11.627s]       |                                                               ~~~~~~~~~~~~^~~~~~~
[11.627s] /home/webotpi/ros2_ws/src/rplidar_ros/sdk/src/dataunpacker/unpacker/../dataunpacker.h:56:91: warning: unused parameter ‘size’ [-Wunused-parameter]
[11.627s]    56 |         virtual void onDecodingError(int errMsg, _u8 ansType, const void* payload, size_t size) {}
[11.627s]       |                                                                                    ~~~~~~~^~~~
[11.920s] [ 31%] Building CXX object CMakeFiles/rplidar_composition.dir/sdk/src/dataunpacker/unpacker/handler_normalnode.cpp.o
[13.025s] In file included from /home/webotpi/ros2_ws/src/rplidar_ros/sdk/include/rplidar_protocol.h:36,
[13.025s]                  from /home/webotpi/ros2_ws/src/rplidar_ros/sdk/include/rplidar.h:39,
[13.025s]                  from /home/webotpi/ros2_ws/src/rplidar_ros/sdk/src/sdkcommon.h:49,
[13.025s]                  from /home/webotpi/ros2_ws/src/rplidar_ros/sdk/src/dataunpacker/unpacker/../dataunnpacker_commondef.h:41,
[13.026s]                  from /home/webotpi/ros2_ws/src/rplidar_ros/sdk/src/dataunpacker/unpacker/handler_normalnode.cpp:39:
[13.026s] /home/webotpi/ros2_ws/src/rplidar_ros/sdk/include/sl_lidar_protocol.h:66:16: warning: ISO C++ forbids zero-size array ‘data’ [-Wpedantic]
[13.026s]    66 |     sl_u8 data[0];
[13.026s]       |                ^
[13.030s] In file included from /home/webotpi/ros2_ws/src/rplidar_ros/sdk/include/rplidar_cmd.h:36,
[13.031s]                  from /home/webotpi/ros2_ws/src/rplidar_ros/sdk/include/rplidar.h:40:
[13.031s] /home/webotpi/ros2_ws/src/rplidar_ros/sdk/include/sl_lidar_cmd.h:324:20: warning: ISO C++ forbids zero-size array ‘payload’ [-Wpedantic]
[13.031s]   324 |     sl_u8  payload[0];
[13.031s]       |                    ^
[13.328s] In file included from /home/webotpi/ros2_ws/src/rplidar_ros/sdk/src/dataunpacker/unpacker/handler_normalnode.cpp:40:
[13.329s] /home/webotpi/ros2_ws/src/rplidar_ros/sdk/src/dataunpacker/unpacker/../dataunpacker.h: In member function ‘virtual void sl::internal::LIDARSampleDataListener::onCustomSampleDataDecoded(_u8, _u32, const void*, size_t)’:
[13.329s] /home/webotpi/ros2_ws/src/rplidar_ros/sdk/src/dataunpacker/unpacker/../dataunpacker.h:54:52: warning: unused parameter ‘ansType’ [-Wunused-parameter]
[13.329s]    54 |         virtual void onCustomSampleDataDecoded(_u8 ansType, _u32 customCode, const void* data, size_t size) {}
[13.329s]       |                                                ~~~~^~~~~~~
[13.333s] /home/webotpi/ros2_ws/src/rplidar_ros/sdk/src/dataunpacker/unpacker/../dataunpacker.h:54:66: warning: unused parameter ‘customCode’ [-Wunused-parameter]
[13.333s]    54 |         virtual void onCustomSampleDataDecoded(_u8 ansType, _u32 customCode, const void* data, size_t size) {}
[13.334s]       |                                                             ~~~~~^~~~~~~~~~
[13.334s] /home/webotpi/ros2_ws/src/rplidar_ros/sdk/src/dataunpacker/unpacker/../dataunpacker.h:54:90: warning: unused parameter ‘data’ [-Wunused-parameter]
[13.334s]    54 |         virtual void onCustomSampleDataDecoded(_u8 ansType, _u32 customCode, const void* data, size_t size) {}
[13.334s]       |                                                                              ~~~~~~~~~~~~^~~~
[13.334s] /home/webotpi/ros2_ws/src/rplidar_ros/sdk/src/dataunpacker/unpacker/../dataunpacker.h:54:103: warning: unused parameter ‘size’ [-Wunused-parameter]
[13.335s]    54 |         virtual void onCustomSampleDataDecoded(_u8 ansType, _u32 customCode, const void* data, size_t size) {}
[13.335s]       |                                                                                                ~~~~~~~^~~~
[13.335s] /home/webotpi/ros2_ws/src/rplidar_ros/sdk/src/dataunpacker/unpacker/../dataunpacker.h: In member function ‘virtual void sl::internal::LIDARSampleDataListener::onDecodingError(int, _u8, const void*, size_t)’:
[13.338s] /home/webotpi/ros2_ws/src/rplidar_ros/sdk/src/dataunpacker/unpacker/../dataunpacker.h:56:42: warning: unused parameter ‘errMsg’ [-Wunused-parameter]
[13.339s]    56 |         virtual void onDecodingError(int errMsg, _u8 ansType, const void* payload, size_t size) {}
[13.339s]       |                                      ~~~~^~~~~~
[13.339s] /home/webotpi/ros2_ws/src/rplidar_ros/sdk/src/dataunpacker/unpacker/../dataunpacker.h:56:54: warning: unused parameter ‘ansType’ [-Wunused-parameter]
[13.339s]    56 |         virtual void onDecodingError(int errMsg, _u8 ansType, const void* payload, size_t size) {}
[13.339s]       |                                                  ~~~~^~~~~~~
[13.339s] /home/webotpi/ros2_ws/src/rplidar_ros/sdk/src/dataunpacker/unpacker/../dataunpacker.h:56:75: warning: unused parameter ‘payload’ [-Wunused-parameter]
[13.340s]    56 |         virtual void onDecodingError(int errMsg, _u8 ansType, const void* payload, size_t size) {}
[13.340s]       |                                                               ~~~~~~~~~~~~^~~~~~~
[13.340s] /home/webotpi/ros2_ws/src/rplidar_ros/sdk/src/dataunpacker/unpacker/../dataunpacker.h:56:91: warning: unused parameter ‘size’ [-Wunused-parameter]
[13.340s]    56 |         virtual void onDecodingError(int errMsg, _u8 ansType, const void* payload, size_t size) {}
[13.340s]       |                                                                                    ~~~~~~~^~~~
[13.669s] [ 34%] Building CXX object CMakeFiles/rplidar_composition.dir/sdk/src/hal/thread.cpp.o
[14.594s] In file included from /home/webotpi/ros2_ws/src/rplidar_ros/sdk/include/rplidar_protocol.h:36,
[14.595s]                  from /home/webotpi/ros2_ws/src/rplidar_ros/sdk/include/rplidar.h:39,
[14.595s]                  from /home/webotpi/ros2_ws/src/rplidar_ros/sdk/src/sdkcommon.h:49,
[14.595s]                  from /home/webotpi/ros2_ws/src/rplidar_ros/sdk/src/hal/thread.cpp:35:
[14.595s] /home/webotpi/ros2_ws/src/rplidar_ros/sdk/include/sl_lidar_protocol.h:66:16: warning: ISO C++ forbids zero-size array ‘data’ [-Wpedantic]
[14.595s]    66 |     sl_u8 data[0];
[14.595s]       |                ^
[14.596s] In file included from /home/webotpi/ros2_ws/src/rplidar_ros/sdk/include/rplidar_cmd.h:36,
[14.596s]                  from /home/webotpi/ros2_ws/src/rplidar_ros/sdk/include/rplidar.h:40:
[14.597s] /home/webotpi/ros2_ws/src/rplidar_ros/sdk/include/sl_lidar_cmd.h:324:20: warning: ISO C++ forbids zero-size array ‘payload’ [-Wpedantic]
[14.597s]   324 |     sl_u8  payload[0];
[14.597s]       |                    ^
[14.643s] In file included from /home/webotpi/ros2_ws/src/rplidar_ros/sdk/src/hal/thread.cpp:43:
[14.643s] /home/webotpi/ros2_ws/src/rplidar_ros/sdk/src/arch/linux/thread.hpp: In static member function ‘static rp::hal::Thread rp::hal::Thread::create(thread_proc_t, void*)’:
[14.644s] /home/webotpi/ros2_ws/src/rplidar_ros/sdk/src/arch/linux/thread.hpp:52:57: warning: cast between incompatible function types from ‘thread_proc_t’ {aka ‘long unsigned int (*)(void*)’} to ‘void* (*)(void*)’ [-Wcast-function-type]
[14.644s]    52 |     pthread_create((pthread_t *)&newborn._handle, NULL, (void * (*)(void *))proc, data);
[14.644s]       |                                                         ^~~~~~~~~~~~~~~~~~~~~~~~
[14.645s] /home/webotpi/ros2_ws/src/rplidar_ros/sdk/src/arch/linux/thread.hpp: In member function ‘u_result rp::hal::Thread::join(long unsigned int)’:
[14.645s] /home/webotpi/ros2_ws/src/rplidar_ros/sdk/src/arch/linux/thread.hpp:176:37: warning: unused parameter ‘timeout’ [-Wunused-parameter]
[14.645s]   176 | u_result Thread::join(unsigned long timeout)
[14.645s]       |                       ~~~~~~~~~~~~~~^~~~~~~
[14.872s] [ 36%] Building CXX object CMakeFiles/rplidar_node.dir/sdk/src/arch/linux/timer.cpp.o
[14.996s] [ 39%] Building CXX object CMakeFiles/rplidar_node.dir/sdk/src/dataunpacker/dataunpacker.cpp.o
[15.377s] [ 42%] Building CXX object CMakeFiles/rplidar_composition.dir/sdk/src/rplidar_driver.cpp.o
[15.899s] [ 44%] Building CXX object CMakeFiles/rplidar_node.dir/sdk/src/dataunpacker/unpacker/handler_capsules.cpp.o
[16.000s] In file included from /home/webotpi/ros2_ws/src/rplidar_ros/sdk/include/rplidar_protocol.h:36,
[16.000s]                  from /home/webotpi/ros2_ws/src/rplidar_ros/sdk/include/rplidar.h:39,
[16.000s]                  from /home/webotpi/ros2_ws/src/rplidar_ros/sdk/src/sdkcommon.h:49,
[16.000s]                  from /home/webotpi/ros2_ws/src/rplidar_ros/sdk/src/dataunpacker/dataunnpacker_commondef.h:41,
[16.000s]                  from /home/webotpi/ros2_ws/src/rplidar_ros/sdk/src/dataunpacker/dataunpacker.cpp:39:
[16.000s] /home/webotpi/ros2_ws/src/rplidar_ros/sdk/include/sl_lidar_protocol.h:66:16: warning: ISO C++ forbids zero-size array ‘data’ [-Wpedantic]
[16.001s]    66 |     sl_u8 data[0];
[16.005s]       |                ^
[16.005s] In file included from /home/webotpi/ros2_ws/src/rplidar_ros/sdk/include/rplidar_cmd.h:36,
[16.005s]                  from /home/webotpi/ros2_ws/src/rplidar_ros/sdk/include/rplidar.h:40:
[16.006s] /home/webotpi/ros2_ws/src/rplidar_ros/sdk/include/sl_lidar_cmd.h:324:20: warning: ISO C++ forbids zero-size array ‘payload’ [-Wpedantic]
[16.006s]   324 |     sl_u8  payload[0];
[16.006s]       |                    ^
[16.286s] In file included from /home/webotpi/ros2_ws/src/rplidar_ros/sdk/src/dataunpacker/dataunpacker.cpp:40:
[16.286s] /home/webotpi/ros2_ws/src/rplidar_ros/sdk/src/dataunpacker/dataunpacker.h: In member function ‘virtual void sl::internal::LIDARSampleDataListener::onCustomSampleDataDecoded(_u8, _u32, const void*, size_t)’:
[16.287s] /home/webotpi/ros2_ws/src/rplidar_ros/sdk/src/dataunpacker/dataunpacker.h:54:52: warning: unused parameter ‘ansType’ [-Wunused-parameter]
[16.287s]    54 |         virtual void onCustomSampleDataDecoded(_u8 ansType, _u32 customCode, const void* data, size_t size) {}
[16.287s]       |                                                ~~~~^~~~~~~
[16.287s] /home/webotpi/ros2_ws/src/rplidar_ros/sdk/src/dataunpacker/dataunpacker.h:54:66: warning: unused parameter ‘customCode’ [-Wunused-parameter]
[16.288s]    54 |         virtual void onCustomSampleDataDecoded(_u8 ansType, _u32 customCode, const void* data, size_t size) {}
[16.288s]       |                                                             ~~~~~^~~~~~~~~~
[16.288s] /home/webotpi/ros2_ws/src/rplidar_ros/sdk/src/dataunpacker/dataunpacker.h:54:90: warning: unused parameter ‘data’ [-Wunused-parameter]
[16.288s]    54 |         virtual void onCustomSampleDataDecoded(_u8 ansType, _u32 customCode, const void* data, size_t size) {}
[16.288s]       |                                                                              ~~~~~~~~~~~~^~~~
[16.288s] /home/webotpi/ros2_ws/src/rplidar_ros/sdk/src/dataunpacker/dataunpacker.h:54:103: warning: unused parameter ‘size’ [-Wunused-parameter]
[16.288s]    54 |         virtual void onCustomSampleDataDecoded(_u8 ansType, _u32 customCode, const void* data, size_t size) {}
[16.289s]       |                                                                                                ~~~~~~~^~~~
[16.289s] /home/webotpi/ros2_ws/src/rplidar_ros/sdk/src/dataunpacker/dataunpacker.h: In member function ‘virtual void sl::internal::LIDARSampleDataListener::onDecodingError(int, _u8, const void*, size_t)’:
[16.289s] /home/webotpi/ros2_ws/src/rplidar_ros/sdk/src/dataunpacker/dataunpacker.h:56:42: warning: unused parameter ‘errMsg’ [-Wunused-parameter]
[16.293s]    56 |         virtual void onDecodingError(int errMsg, _u8 ansType, const void* payload, size_t size) {}
[16.293s]       |                                      ~~~~^~~~~~
[16.294s] /home/webotpi/ros2_ws/src/rplidar_ros/sdk/src/dataunpacker/dataunpacker.h:56:54: warning: unused parameter ‘ansType’ [-Wunused-parameter]
[16.294s]    56 |         virtual void onDecodingError(int errMsg, _u8 ansType, const void* payload, size_t size) {}
[16.294s]       |                                                  ~~~~^~~~~~~
[16.294s] /home/webotpi/ros2_ws/src/rplidar_ros/sdk/src/dataunpacker/dataunpacker.h:56:75: warning: unused parameter ‘payload’ [-Wunused-parameter]
[16.294s]    56 |         virtual void onDecodingError(int errMsg, _u8 ansType, const void* payload, size_t size) {}
[16.294s]       |                                                               ~~~~~~~~~~~~^~~~~~~
[16.294s] /home/webotpi/ros2_ws/src/rplidar_ros/sdk/src/dataunpacker/dataunpacker.h:56:91: warning: unused parameter ‘size’ [-Wunused-parameter]
[16.295s]    56 |         virtual void onDecodingError(int errMsg, _u8 ansType, const void* payload, size_t size) {}
[16.295s]       |                                                                                    ~~~~~~~^~~~
[16.415s] In file included from /home/webotpi/ros2_ws/src/rplidar_ros/sdk/include/rplidar_protocol.h:36,
[16.415s]                  from /home/webotpi/ros2_ws/src/rplidar_ros/sdk/include/rplidar.h:39,
[16.415s]                  from /home/webotpi/ros2_ws/src/rplidar_ros/sdk/src/sdkcommon.h:49,
[16.415s]                  from /home/webotpi/ros2_ws/src/rplidar_ros/sdk/src/rplidar_driver.cpp:33:
[16.415s] /home/webotpi/ros2_ws/src/rplidar_ros/sdk/include/sl_lidar_protocol.h:66:16: warning: ISO C++ forbids zero-size array ‘data’ [-Wpedantic]
[16.416s]    66 |     sl_u8 data[0];
[16.416s]       |                ^
[16.420s] In file included from /home/webotpi/ros2_ws/src/rplidar_ros/sdk/include/rplidar_cmd.h:36,
[16.420s]                  from /home/webotpi/ros2_ws/src/rplidar_ros/sdk/include/rplidar.h:40:
[16.421s] /home/webotpi/ros2_ws/src/rplidar_ros/sdk/include/sl_lidar_cmd.h:324:20: warning: ISO C++ forbids zero-size array ‘payload’ [-Wpedantic]
[16.421s]   324 |     sl_u8  payload[0];
[16.421s]       |                    ^
[16.529s] /home/webotpi/ros2_ws/src/rplidar_ros/sdk/src/rplidar_driver.cpp: In member function ‘u_result rp::standalone::rplidar::RPlidarDriver::connect(const char*, _u32, _u32)’:
[16.530s] /home/webotpi/ros2_ws/src/rplidar_ros/sdk/src/rplidar_driver.cpp:67:77: warning: unused parameter ‘flag’ [-Wunused-parameter]
[16.530s]    67 |     u_result RPlidarDriver::connect(const char *path, _u32 portOrBaud, _u32 flag)
[16.530s]       |                                                                        ~~~~~^~~~
[16.531s] /home/webotpi/ros2_ws/src/rplidar_ros/sdk/src/rplidar_driver.cpp: In member function ‘u_result rp::standalone::rplidar::RPlidarDriver::reset(_u32)’:
[16.531s] /home/webotpi/ros2_ws/src/rplidar_ros/sdk/src/rplidar_driver.cpp:101:40: warning: unused parameter ‘timeout’ [-Wunused-parameter]
[16.531s]   101 |     u_result RPlidarDriver::reset(_u32 timeout)
[16.531s]       |                                   ~~~~~^~~~~~~
[16.533s] /home/webotpi/ros2_ws/src/rplidar_ros/sdk/src/rplidar_driver.cpp: In member function ‘u_result rp::standalone::rplidar::RPlidarDriver::getScanDataWithInterval(rplidar_response_measurement_node_t*, size_t&)’:
[16.533s] /home/webotpi/ros2_ws/src/rplidar_ros/sdk/src/rplidar_driver.cpp:180:91: warning: unused parameter ‘nodebuffer’ [-Wunused-parameter]
[16.534s]   180 |     u_result RPlidarDriver::getScanDataWithInterval(rplidar_response_measurement_node_t * nodebuffer, size_t & count)
[16.534s]       |                                                     ~~~~~~~~~~~~~~~~~~~~~~~~~~~~~~~~~~~~~~^~~~~~~~~~
[16.534s] /home/webotpi/ros2_ws/src/rplidar_ros/sdk/src/rplidar_driver.cpp:180:112: warning: unused parameter ‘count’ [-Wunused-parameter]
[16.534s]   180 |     u_result RPlidarDriver::getScanDataWithInterval(rplidar_response_measurement_node_t * nodebuffer, size_t & count)
[16.534s]       |                                                                                                       ~~~~~~~~~^~~~~
[16.799s] [ 47%] Building CXX object CMakeFiles/rplidar_composition.dir/sdk/src/sl_async_transceiver.cpp.o
[16.834s] [ 50%] Building CXX object CMakeFiles/rplidar_node.dir/sdk/src/dataunpacker/unpacker/handler_hqnode.cpp.o
[16.864s] In file included from /home/webotpi/ros2_ws/src/rplidar_ros/sdk/include/rplidar_protocol.h:36,
[16.864s]                  from /home/webotpi/ros2_ws/src/rplidar_ros/sdk/include/rplidar.h:39,
[16.864s]                  from /home/webotpi/ros2_ws/src/rplidar_ros/sdk/src/sdkcommon.h:49,
[16.864s]                  from /home/webotpi/ros2_ws/src/rplidar_ros/sdk/src/dataunpacker/unpacker/../dataunnpacker_commondef.h:41,
[16.865s]                  from /home/webotpi/ros2_ws/src/rplidar_ros/sdk/src/dataunpacker/unpacker/handler_capsules.cpp:39:
[16.865s] /home/webotpi/ros2_ws/src/rplidar_ros/sdk/include/sl_lidar_protocol.h:66:16: warning: ISO C++ forbids zero-size array ‘data’ [-Wpedantic]
[16.865s]    66 |     sl_u8 data[0];
[16.865s]       |                ^
[16.868s] In file included from /home/webotpi/ros2_ws/src/rplidar_ros/sdk/include/rplidar_cmd.h:36,
[16.869s]                  from /home/webotpi/ros2_ws/src/rplidar_ros/sdk/include/rplidar.h:40:
[16.869s] /home/webotpi/ros2_ws/src/rplidar_ros/sdk/include/sl_lidar_cmd.h:324:20: warning: ISO C++ forbids zero-size array ‘payload’ [-Wpedantic]
[16.869s]   324 |     sl_u8  payload[0];
[16.869s]       |                    ^
[17.056s] In file included from /home/webotpi/ros2_ws/src/rplidar_ros/sdk/src/dataunpacker/unpacker/handler_capsules.cpp:40:
[17.056s] /home/webotpi/ros2_ws/src/rplidar_ros/sdk/src/dataunpacker/unpacker/../dataunpacker.h: In member function ‘virtual void sl::internal::LIDARSampleDataListener::onCustomSampleDataDecoded(_u8, _u32, const void*, size_t)’:
[17.056s] /home/webotpi/ros2_ws/src/rplidar_ros/sdk/src/dataunpacker/unpacker/../dataunpacker.h:54:52: warning: unused parameter ‘ansType’ [-Wunused-parameter]
[17.056s]    54 |         virtual void onCustomSampleDataDecoded(_u8 ansType, _u32 customCode, const void* data, size_t size) {}
[17.056s]       |                                                ~~~~^~~~~~~
[17.057s] /home/webotpi/ros2_ws/src/rplidar_ros/sdk/src/dataunpacker/unpacker/../dataunpacker.h:54:66: warning: unused parameter ‘customCode’ [-Wunused-parameter]
[17.057s]    54 |         virtual void onCustomSampleDataDecoded(_u8 ansType, _u32 customCode, const void* data, size_t size) {}
[17.057s]       |                                                             ~~~~~^~~~~~~~~~
[17.057s] /home/webotpi/ros2_ws/src/rplidar_ros/sdk/src/dataunpacker/unpacker/../dataunpacker.h:54:90: warning: unused parameter ‘data’ [-Wunused-parameter]
[17.057s]    54 |         virtual void onCustomSampleDataDecoded(_u8 ansType, _u32 customCode, const void* data, size_t size) {}
[17.058s]       |                                                                              ~~~~~~~~~~~~^~~~
[17.058s] /home/webotpi/ros2_ws/src/rplidar_ros/sdk/src/dataunpacker/unpacker/../dataunpacker.h:54:103: warning: unused parameter ‘size’ [-Wunused-parameter]
[17.058s]    54 |         virtual void onCustomSampleDataDecoded(_u8 ansType, _u32 customCode, const void* data, size_t size) {}
[17.058s]       |                                                                                                ~~~~~~~^~~~
[17.061s] /home/webotpi/ros2_ws/src/rplidar_ros/sdk/src/dataunpacker/unpacker/../dataunpacker.h: In member function ‘virtual void sl::internal::LIDARSampleDataListener::onDecodingError(int, _u8, const void*, size_t)’:
[17.061s] /home/webotpi/ros2_ws/src/rplidar_ros/sdk/src/dataunpacker/unpacker/../dataunpacker.h:56:42: warning: unused parameter ‘errMsg’ [-Wunused-parameter]
[17.061s]    56 |         virtual void onDecodingError(int errMsg, _u8 ansType, const void* payload, size_t size) {}
[17.062s]       |                                      ~~~~^~~~~~
[17.062s] /home/webotpi/ros2_ws/src/rplidar_ros/sdk/src/dataunpacker/unpacker/../dataunpacker.h:56:54: warning: unused parameter ‘ansType’ [-Wunused-parameter]
[17.062s]    56 |         virtual void onDecodingError(int errMsg, _u8 ansType, const void* payload, size_t size) {}
[17.062s]       |                                                  ~~~~^~~~~~~
[17.063s] /home/webotpi/ros2_ws/src/rplidar_ros/sdk/src/dataunpacker/unpacker/../dataunpacker.h:56:75: warning: unused parameter ‘payload’ [-Wunused-parameter]
[17.063s]    56 |         virtual void onDecodingError(int errMsg, _u8 ansType, const void* payload, size_t size) {}
[17.066s]       |                                                               ~~~~~~~~~~~~^~~~~~~
[17.066s] /home/webotpi/ros2_ws/src/rplidar_ros/sdk/src/dataunpacker/unpacker/../dataunpacker.h:56:91: warning: unused parameter ‘size’ [-Wunused-parameter]
[17.067s]    56 |         virtual void onDecodingError(int errMsg, _u8 ansType, const void* payload, size_t size) {}
[17.067s]       |                                                                                    ~~~~~~~^~~~
[17.087s] /home/webotpi/ros2_ws/src/rplidar_ros/sdk/src/dataunpacker/unpacker/handler_capsules.cpp: In member function ‘void sl::internal::unpacker::UnpackerHandler_DenseCapsuleNode::_onScanNodeDenseCapsuleData(rplidar_response_dense_capsule_measurement_nodes_t&, sl::internal::LIDARSampleDataUnpackerInner*)’:
[17.087s] /home/webotpi/ros2_ws/src/rplidar_ros/sdk/src/dataunpacker/unpacker/handler_capsules.cpp:763:30: warning: type qualifiers ignored on cast result type [-Wignored-qualifiers]
[17.087s]   763 |             const int dist = static_cast<const int>(_cached_previous_dense_capsuledata.cabins[pos].distance);
[17.087s]       |                              ^~~~~~~~~~~~~~~~~~~~~~~~~~~~~~~~~~~~~~~~~~~~~~~~~~~~~~~~~~~~~~~~~~~~~~~~~~~~~~~
[17.452s] [ 52%] Building CXX object CMakeFiles/rplidar_node.dir/sdk/src/dataunpacker/unpacker/handler_normalnode.cpp.o
[17.811s] In file included from /home/webotpi/ros2_ws/src/rplidar_ros/sdk/include/rplidar_protocol.h:36,
[17.811s]                  from /home/webotpi/ros2_ws/src/rplidar_ros/sdk/include/rplidar.h:39,
[17.812s]                  from /home/webotpi/ros2_ws/src/rplidar_ros/sdk/src/sdkcommon.h:49,
[17.812s]                  from /home/webotpi/ros2_ws/src/rplidar_ros/sdk/src/dataunpacker/unpacker/../dataunnpacker_commondef.h:41,
[17.812s]                  from /home/webotpi/ros2_ws/src/rplidar_ros/sdk/src/dataunpacker/unpacker/handler_hqnode.cpp:39:
[17.812s] /home/webotpi/ros2_ws/src/rplidar_ros/sdk/include/sl_lidar_protocol.h:66:16: warning: ISO C++ forbids zero-size array ‘data’ [-Wpedantic]
[17.812s]    66 |     sl_u8 data[0];
[17.812s]       |                ^
[17.815s] In file included from /home/webotpi/ros2_ws/src/rplidar_ros/sdk/include/rplidar_cmd.h:36,
[17.815s]                  from /home/webotpi/ros2_ws/src/rplidar_ros/sdk/include/rplidar.h:40:
[17.815s] /home/webotpi/ros2_ws/src/rplidar_ros/sdk/include/sl_lidar_cmd.h:324:20: warning: ISO C++ forbids zero-size array ‘payload’ [-Wpedantic]
[17.815s]   324 |     sl_u8  payload[0];
[17.815s]       |                    ^
[17.815s] In file included from /home/webotpi/ros2_ws/src/rplidar_ros/sdk/include/rplidar_protocol.h:36,
[17.815s]                  from /home/webotpi/ros2_ws/src/rplidar_ros/sdk/include/rplidar.h:39,
[17.816s]                  from /home/webotpi/ros2_ws/src/rplidar_ros/sdk/src/sdkcommon.h:49,
[17.816s]                  from /home/webotpi/ros2_ws/src/rplidar_ros/sdk/src/sl_async_transceiver.cpp:35:
[17.816s] /home/webotpi/ros2_ws/src/rplidar_ros/sdk/include/sl_lidar_protocol.h:66:16: warning: ISO C++ forbids zero-size array ‘data’ [-Wpedantic]
[17.816s]    66 |     sl_u8 data[0];
[17.816s]       |                ^
[17.816s] In file included from /home/webotpi/ros2_ws/src/rplidar_ros/sdk/include/rplidar_cmd.h:36,
[17.817s]                  from /home/webotpi/ros2_ws/src/rplidar_ros/sdk/include/rplidar.h:40:
[17.819s] /home/webotpi/ros2_ws/src/rplidar_ros/sdk/include/sl_lidar_cmd.h:324:20: warning: ISO C++ forbids zero-size array ‘payload’ [-Wpedantic]
[17.820s]   324 |     sl_u8  payload[0];
[17.820s]       |                    ^
[18.050s] In file included from /home/webotpi/ros2_ws/src/rplidar_ros/sdk/src/dataunpacker/unpacker/handler_hqnode.cpp:40:
[18.050s] /home/webotpi/ros2_ws/src/rplidar_ros/sdk/src/dataunpacker/unpacker/../dataunpacker.h: In member function ‘virtual void sl::internal::LIDARSampleDataListener::onCustomSampleDataDecoded(_u8, _u32, const void*, size_t)’:
[18.050s] /home/webotpi/ros2_ws/src/rplidar_ros/sdk/src/dataunpacker/unpacker/../dataunpacker.h:54:52: warning: unused parameter ‘ansType’ [-Wunused-parameter]
[18.050s]    54 |         virtual void onCustomSampleDataDecoded(_u8 ansType, _u32 customCode, const void* data, size_t size) {}
[18.050s]       |                                                ~~~~^~~~~~~
[18.051s] /home/webotpi/ros2_ws/src/rplidar_ros/sdk/src/dataunpacker/unpacker/../dataunpacker.h:54:66: warning: unused parameter ‘customCode’ [-Wunused-parameter]
[18.051s]    54 |         virtual void onCustomSampleDataDecoded(_u8 ansType, _u32 customCode, const void* data, size_t size) {}
[18.051s]       |                                                             ~~~~~^~~~~~~~~~
[18.051s] /home/webotpi/ros2_ws/src/rplidar_ros/sdk/src/dataunpacker/unpacker/../dataunpacker.h:54:90: warning: unused parameter ‘data’ [-Wunused-parameter]
[18.051s]    54 |         virtual void onCustomSampleDataDecoded(_u8 ansType, _u32 customCode, const void* data, size_t size) {}
[18.051s]       |                                                                              ~~~~~~~~~~~~^~~~
[18.051s] /home/webotpi/ros2_ws/src/rplidar_ros/sdk/src/dataunpacker/unpacker/../dataunpacker.h:54:103: warning: unused parameter ‘size’ [-Wunused-parameter]
[18.052s]    54 |         virtual void onCustomSampleDataDecoded(_u8 ansType, _u32 customCode, const void* data, size_t size) {}
[18.052s]       |                                                                                                ~~~~~~~^~~~
[18.052s] /home/webotpi/ros2_ws/src/rplidar_ros/sdk/src/dataunpacker/unpacker/../dataunpacker.h: In member function ‘virtual void sl::internal::LIDARSampleDataListener::onDecodingError(int, _u8, const void*, size_t)’:
[18.055s] /home/webotpi/ros2_ws/src/rplidar_ros/sdk/src/dataunpacker/unpacker/../dataunpacker.h:56:42: warning: unused parameter ‘errMsg’ [-Wunused-parameter]
[18.055s]    56 |         virtual void onDecodingError(int errMsg, _u8 ansType, const void* payload, size_t size) {}
[18.056s]       |                                      ~~~~^~~~~~
[18.056s] /home/webotpi/ros2_ws/src/rplidar_ros/sdk/src/dataunpacker/unpacker/../dataunpacker.h:56:54: warning: unused parameter ‘ansType’ [-Wunused-parameter]
[18.056s]    56 |         virtual void onDecodingError(int errMsg, _u8 ansType, const void* payload, size_t size) {}
[18.056s]       |                                                  ~~~~^~~~~~~
[18.056s] /home/webotpi/ros2_ws/src/rplidar_ros/sdk/src/dataunpacker/unpacker/../dataunpacker.h:56:75: warning: unused parameter ‘payload’ [-Wunused-parameter]
[18.056s]    56 |         virtual void onDecodingError(int errMsg, _u8 ansType, const void* payload, size_t size) {}
[18.057s]       |                                                               ~~~~~~~~~~~~^~~~~~~
[18.057s] /home/webotpi/ros2_ws/src/rplidar_ros/sdk/src/dataunpacker/unpacker/../dataunpacker.h:56:91: warning: unused parameter ‘size’ [-Wunused-parameter]
[18.057s]    56 |         virtual void onDecodingError(int errMsg, _u8 ansType, const void* payload, size_t size) {}
[18.057s]       |                                                                                    ~~~~~~~^~~~
[18.068s] In file included from /home/webotpi/ros2_ws/src/rplidar_ros/sdk/src/sl_async_transceiver.cpp:44:
[18.068s] /home/webotpi/ros2_ws/src/rplidar_ros/sdk/src/sl_async_transceiver.h: In member function ‘virtual void sl::internal::IAsyncProtocolCodec::onChannelError(u_result)’:
[18.068s] /home/webotpi/ros2_ws/src/rplidar_ros/sdk/src/sl_async_transceiver.h:90:48: warning: unused parameter ‘errCode’ [-Wunused-parameter]
[18.068s]    90 |         virtual void   onChannelError(u_result errCode) {}
[18.068s]       |                                       ~~~~~~~~~^~~~~~~
[18.342s] [ 55%] Building CXX object CMakeFiles/rplidar_node.dir/sdk/src/hal/thread.cpp.o
[18.402s] In file included from /home/webotpi/ros2_ws/src/rplidar_ros/sdk/include/rplidar_protocol.h:36,
[18.402s]                  from /home/webotpi/ros2_ws/src/rplidar_ros/sdk/include/rplidar.h:39,
[18.402s]                  from /home/webotpi/ros2_ws/src/rplidar_ros/sdk/src/sdkcommon.h:49,
[18.402s]                  from /home/webotpi/ros2_ws/src/rplidar_ros/sdk/src/dataunpacker/unpacker/../dataunnpacker_commondef.h:41,
[18.402s]                  from /home/webotpi/ros2_ws/src/rplidar_ros/sdk/src/dataunpacker/unpacker/handler_normalnode.cpp:39:
[18.402s] /home/webotpi/ros2_ws/src/rplidar_ros/sdk/include/sl_lidar_protocol.h:66:16: warning: ISO C++ forbids zero-size array ‘data’ [-Wpedantic]
[18.402s]    66 |     sl_u8 data[0];
[18.402s]       |                ^
[18.404s] In file included from /home/webotpi/ros2_ws/src/rplidar_ros/sdk/include/rplidar_cmd.h:36,
[18.404s]                  from /home/webotpi/ros2_ws/src/rplidar_ros/sdk/include/rplidar.h:40:
[18.404s] /home/webotpi/ros2_ws/src/rplidar_ros/sdk/include/sl_lidar_cmd.h:324:20: warning: ISO C++ forbids zero-size array ‘payload’ [-Wpedantic]
[18.405s]   324 |     sl_u8  payload[0];
[18.405s]       |                    ^
[18.427s] [ 57%] Building CXX object CMakeFiles/rplidar_composition.dir/sdk/src/sl_lidar_driver.cpp.o
[18.612s] In file included from /home/webotpi/ros2_ws/src/rplidar_ros/sdk/src/dataunpacker/unpacker/handler_normalnode.cpp:40:
[18.613s] /home/webotpi/ros2_ws/src/rplidar_ros/sdk/src/dataunpacker/unpacker/../dataunpacker.h: In member function ‘virtual void sl::internal::LIDARSampleDataListener::onCustomSampleDataDecoded(_u8, _u32, const void*, size_t)’:
[18.613s] /home/webotpi/ros2_ws/src/rplidar_ros/sdk/src/dataunpacker/unpacker/../dataunpacker.h:54:52: warning: unused parameter ‘ansType’ [-Wunused-parameter]
[18.613s]    54 |         virtual void onCustomSampleDataDecoded(_u8 ansType, _u32 customCode, const void* data, size_t size) {}
[18.613s]       |                                                ~~~~^~~~~~~
[18.613s] /home/webotpi/ros2_ws/src/rplidar_ros/sdk/src/dataunpacker/unpacker/../dataunpacker.h:54:66: warning: unused parameter ‘customCode’ [-Wunused-parameter]
[18.613s]    54 |         virtual void onCustomSampleDataDecoded(_u8 ansType, _u32 customCode, const void* data, size_t size) {}
[18.613s]       |                                                             ~~~~~^~~~~~~~~~
[18.613s] /home/webotpi/ros2_ws/src/rplidar_ros/sdk/src/dataunpacker/unpacker/../dataunpacker.h:54:90: warning: unused parameter ‘data’ [-Wunused-parameter]
[18.613s]    54 |         virtual void onCustomSampleDataDecoded(_u8 ansType, _u32 customCode, const void* data, size_t size) {}
[18.613s]       |                                                                              ~~~~~~~~~~~~^~~~
[18.614s] /home/webotpi/ros2_ws/src/rplidar_ros/sdk/src/dataunpacker/unpacker/../dataunpacker.h:54:103: warning: unused parameter ‘size’ [-Wunused-parameter]
[18.614s]    54 |         virtual void onCustomSampleDataDecoded(_u8 ansType, _u32 customCode, const void* data, size_t size) {}
[18.614s]       |                                                                                                ~~~~~~~^~~~
[18.614s] /home/webotpi/ros2_ws/src/rplidar_ros/sdk/src/dataunpacker/unpacker/../dataunpacker.h: In member function ‘virtual void sl::internal::LIDARSampleDataListener::onDecodingError(int, _u8, const void*, size_t)’:
[18.614s] /home/webotpi/ros2_ws/src/rplidar_ros/sdk/src/dataunpacker/unpacker/../dataunpacker.h:56:42: warning: unused parameter ‘errMsg’ [-Wunused-parameter]
[18.614s]    56 |         virtual void onDecodingError(int errMsg, _u8 ansType, const void* payload, size_t size) {}
[18.614s]       |                                      ~~~~^~~~~~
[18.614s] /home/webotpi/ros2_ws/src/rplidar_ros/sdk/src/dataunpacker/unpacker/../dataunpacker.h:56:54: warning: unused parameter ‘ansType’ [-Wunused-parameter]
[18.614s]    56 |         virtual void onDecodingError(int errMsg, _u8 ansType, const void* payload, size_t size) {}
[18.614s]       |                                                  ~~~~^~~~~~~
[18.615s] /home/webotpi/ros2_ws/src/rplidar_ros/sdk/src/dataunpacker/unpacker/../dataunpacker.h:56:75: warning: unused parameter ‘payload’ [-Wunused-parameter]
[18.615s]    56 |         virtual void onDecodingError(int errMsg, _u8 ansType, const void* payload, size_t size) {}
[18.615s]       |                                                               ~~~~~~~~~~~~^~~~~~~
[18.618s] /home/webotpi/ros2_ws/src/rplidar_ros/sdk/src/dataunpacker/unpacker/../dataunpacker.h:56:91: warning: unused parameter ‘size’ [-Wunused-parameter]
[18.618s]    56 |         virtual void onDecodingError(int errMsg, _u8 ansType, const void* payload, size_t size) {}
[18.619s]       |                                                                                    ~~~~~~~^~~~
[18.891s] [ 60%] Building CXX object CMakeFiles/rplidar_node.dir/sdk/src/rplidar_driver.cpp.o
[19.234s] In file included from /home/webotpi/ros2_ws/src/rplidar_ros/sdk/include/rplidar_protocol.h:36,
[19.235s]                  from /home/webotpi/ros2_ws/src/rplidar_ros/sdk/include/rplidar.h:39,
[19.235s]                  from /home/webotpi/ros2_ws/src/rplidar_ros/sdk/src/sdkcommon.h:49,
[19.235s]                  from /home/webotpi/ros2_ws/src/rplidar_ros/sdk/src/hal/thread.cpp:35:
[19.235s] /home/webotpi/ros2_ws/src/rplidar_ros/sdk/include/sl_lidar_protocol.h:66:16: warning: ISO C++ forbids zero-size array ‘data’ [-Wpedantic]
[19.235s]    66 |     sl_u8 data[0];
[19.235s]       |                ^
[19.235s] In file included from /home/webotpi/ros2_ws/src/rplidar_ros/sdk/include/rplidar_cmd.h:36,
[19.236s]                  from /home/webotpi/ros2_ws/src/rplidar_ros/sdk/include/rplidar.h:40:
[19.236s] /home/webotpi/ros2_ws/src/rplidar_ros/sdk/include/sl_lidar_cmd.h:324:20: warning: ISO C++ forbids zero-size array ‘payload’ [-Wpedantic]
[19.236s]   324 |     sl_u8  payload[0];
[19.236s]       |                    ^
[19.343s] In file included from /home/webotpi/ros2_ws/src/rplidar_ros/sdk/src/hal/thread.cpp:43:
[19.343s] /home/webotpi/ros2_ws/src/rplidar_ros/sdk/src/arch/linux/thread.hpp: In static member function ‘static rp::hal::Thread rp::hal::Thread::create(thread_proc_t, void*)’:
[19.343s] /home/webotpi/ros2_ws/src/rplidar_ros/sdk/src/arch/linux/thread.hpp:52:57: warning: cast between incompatible function types from ‘thread_proc_t’ {aka ‘long unsigned int (*)(void*)’} to ‘void* (*)(void*)’ [-Wcast-function-type]
[19.344s]    52 |     pthread_create((pthread_t *)&newborn._handle, NULL, (void * (*)(void *))proc, data);
[19.344s]       |                                                         ^~~~~~~~~~~~~~~~~~~~~~~~
[19.344s] /home/webotpi/ros2_ws/src/rplidar_ros/sdk/src/arch/linux/thread.hpp: In member function ‘u_result rp::hal::Thread::join(long unsigned int)’:
[19.344s] /home/webotpi/ros2_ws/src/rplidar_ros/sdk/src/arch/linux/thread.hpp:176:37: warning: unused parameter ‘timeout’ [-Wunused-parameter]
[19.344s]   176 | u_result Thread::join(unsigned long timeout)
[19.344s]       |                       ~~~~~~~~~~~~~~^~~~~~~
[19.344s] In file included from /home/webotpi/ros2_ws/src/rplidar_ros/sdk/include/rplidar_protocol.h:36,
[19.344s]                  from /home/webotpi/ros2_ws/src/rplidar_ros/sdk/include/rplidar.h:39,
[19.344s]                  from /home/webotpi/ros2_ws/src/rplidar_ros/sdk/src/sdkcommon.h:49,
[19.345s]                  from /home/webotpi/ros2_ws/src/rplidar_ros/sdk/src/sl_lidar_driver.cpp:33:
[19.345s] /home/webotpi/ros2_ws/src/rplidar_ros/sdk/include/sl_lidar_protocol.h:66:16: warning: ISO C++ forbids zero-size array ‘data’ [-Wpedantic]
[19.345s]    66 |     sl_u8 data[0];
[19.345s]       |                ^
[19.348s] In file included from /home/webotpi/ros2_ws/src/rplidar_ros/sdk/include/rplidar_cmd.h:36,
[19.349s]                  from /home/webotpi/ros2_ws/src/rplidar_ros/sdk/include/rplidar.h:40:
[19.349s] /home/webotpi/ros2_ws/src/rplidar_ros/sdk/include/sl_lidar_cmd.h:324:20: warning: ISO C++ forbids zero-size array ‘payload’ [-Wpedantic]
[19.349s]   324 |     sl_u8  payload[0];
[19.349s]       |                    ^
[19.577s] In file included from /home/webotpi/ros2_ws/src/rplidar_ros/sdk/src/sl_lidar_driver.cpp:50:
[19.578s] /home/webotpi/ros2_ws/src/rplidar_ros/sdk/src/dataunpacker/dataunpacker.h: In member function ‘virtual void sl::internal::LIDARSampleDataListener::onCustomSampleDataDecoded(_u8, _u32, const void*, size_t)’:
[19.578s] /home/webotpi/ros2_ws/src/rplidar_ros/sdk/src/dataunpacker/dataunpacker.h:54:52: warning: unused parameter ‘ansType’ [-Wunused-parameter]
[19.578s]    54 |         virtual void onCustomSampleDataDecoded(_u8 ansType, _u32 customCode, const void* data, size_t size) {}
[19.578s]       |                                                ~~~~^~~~~~~
[19.578s] /home/webotpi/ros2_ws/src/rplidar_ros/sdk/src/dataunpacker/dataunpacker.h:54:66: warning: unused parameter ‘customCode’ [-Wunused-parameter]
[19.578s]    54 |         virtual void onCustomSampleDataDecoded(_u8 ansType, _u32 customCode, const void* data, size_t size) {}
[19.578s]       |                                                             ~~~~~^~~~~~~~~~
[19.579s] /home/webotpi/ros2_ws/src/rplidar_ros/sdk/src/dataunpacker/dataunpacker.h:54:90: warning: unused parameter ‘data’ [-Wunused-parameter]
[19.579s]    54 |         virtual void onCustomSampleDataDecoded(_u8 ansType, _u32 customCode, const void* data, size_t size) {}
[19.579s]       |                                                                              ~~~~~~~~~~~~^~~~
[19.579s] /home/webotpi/ros2_ws/src/rplidar_ros/sdk/src/dataunpacker/dataunpacker.h:54:103: warning: unused parameter ‘size’ [-Wunused-parameter]
[19.579s]    54 |         virtual void onCustomSampleDataDecoded(_u8 ansType, _u32 customCode, const void* data, size_t size) {}
[19.579s]       |                                                                                                ~~~~~~~^~~~
[19.580s] /home/webotpi/ros2_ws/src/rplidar_ros/sdk/src/dataunpacker/dataunpacker.h: In member function ‘virtual void sl::internal::LIDARSampleDataListener::onDecodingError(int, _u8, const void*, size_t)’:
[19.580s] /home/webotpi/ros2_ws/src/rplidar_ros/sdk/src/dataunpacker/dataunpacker.h:56:42: warning: unused parameter ‘errMsg’ [-Wunused-parameter]
[19.580s]    56 |         virtual void onDecodingError(int errMsg, _u8 ansType, const void* payload, size_t size) {}
[19.580s]       |                                      ~~~~^~~~~~
[19.580s] /home/webotpi/ros2_ws/src/rplidar_ros/sdk/src/dataunpacker/dataunpacker.h:56:54: warning: unused parameter ‘ansType’ [-Wunused-parameter]
[19.581s]    56 |         virtual void onDecodingError(int errMsg, _u8 ansType, const void* payload, size_t size) {}
[19.581s]       |                                                  ~~~~^~~~~~~
[19.581s] /home/webotpi/ros2_ws/src/rplidar_ros/sdk/src/dataunpacker/dataunpacker.h:56:75: warning: unused parameter ‘payload’ [-Wunused-parameter]
[19.581s]    56 |         virtual void onDecodingError(int errMsg, _u8 ansType, const void* payload, size_t size) {}
[19.582s]       |                                                               ~~~~~~~~~~~~^~~~~~~
[19.582s] /home/webotpi/ros2_ws/src/rplidar_ros/sdk/src/dataunpacker/dataunpacker.h:56:91: warning: unused parameter ‘size’ [-Wunused-parameter]
[19.582s]    56 |         virtual void onDecodingError(int errMsg, _u8 ansType, const void* payload, size_t size) {}
[19.582s]       |                                                                                    ~~~~~~~^~~~
[19.596s] In file included from /home/webotpi/ros2_ws/src/rplidar_ros/sdk/src/sl_lidar_driver.cpp:51:
[19.596s] /home/webotpi/ros2_ws/src/rplidar_ros/sdk/src/sl_async_transceiver.h: In member function ‘virtual void sl::internal::IAsyncProtocolCodec::onChannelError(u_result)’:
[19.596s] /home/webotpi/ros2_ws/src/rplidar_ros/sdk/src/sl_async_transceiver.h:90:48: warning: unused parameter ‘errCode’ [-Wunused-parameter]
[19.597s]    90 |         virtual void   onChannelError(u_result errCode) {}
[19.597s]       |                                       ~~~~~~~~~^~~~~~~
[19.634s] [ 63%] Building CXX object CMakeFiles/rplidar_node.dir/sdk/src/sl_async_transceiver.cpp.o
[19.649s] /home/webotpi/ros2_ws/src/rplidar_ros/sdk/src/sl_lidar_driver.cpp: In member function ‘virtual sl_result sl::SlamtecLidarDriver::reset(sl_u32)’:
[19.649s] /home/webotpi/ros2_ws/src/rplidar_ros/sdk/src/sl_lidar_driver.cpp:511:32: warning: unused parameter ‘timeoutInMs’ [-Wunused-parameter]
[19.649s]   511 |         sl_result reset(sl_u32 timeoutInMs = DEFAULT_TIMEOUT)
[19.649s]       |                         ~~~~~~~^~~~~~~~~~~~~~~~~~~~~~~~~~~~~
[19.659s] /home/webotpi/ros2_ws/src/rplidar_ros/sdk/src/sl_lidar_driver.cpp: In member function ‘virtual sl_result sl::SlamtecLidarDriver::startScan(bool, bool, sl_u32, sl::LidarScanMode*)’:
[19.659s] /home/webotpi/ros2_ws/src/rplidar_ros/sdk/src/sl_lidar_driver.cpp:586:69: warning: unused parameter ‘options’ [-Wunused-parameter]
[19.659s]   586 |         sl_result startScan(bool force, bool useTypicalScan, sl_u32 options = 0, LidarScanMode* outUsedScanMode = nullptr)
[19.659s]       |                                                              ~~~~~~~^~~~~~~~~~~
[19.664s] /home/webotpi/ros2_ws/src/rplidar_ros/sdk/src/sl_lidar_driver.cpp: In member function ‘virtual sl_result sl::SlamtecLidarDriver::stop(sl_u32)’:
[19.664s] /home/webotpi/ros2_ws/src/rplidar_ros/sdk/src/sl_lidar_driver.cpp:763:31: warning: unused parameter ‘timeout’ [-Wunused-parameter]
[19.664s]   763 |         sl_result stop(sl_u32 timeout = DEFAULT_TIMEOUT)
[19.664s]       |                        ~~~~~~~^~~~~~~~~~~~~~~~~~~~~~~~~
[19.668s] /home/webotpi/ros2_ws/src/rplidar_ros/sdk/src/sl_lidar_driver.cpp: In member function ‘virtual sl_result sl::SlamtecLidarDriver::getFrequency(const sl::LidarScanMode&, const sl_lidar_response_measurement_node_hq_t*, size_t, float&)’:
[19.668s] /home/webotpi/ros2_ws/src/rplidar_ros/sdk/src/sl_lidar_driver.cpp:880:110: warning: unused parameter ‘nodes’ [-Wunused-parameter]
[19.668s]   880 |         sl_result getFrequency(const LidarScanMode& scanMode, const sl_lidar_response_measurement_node_hq_t* nodes, size_t count, float& frequency)
[19.668s]       |                                                               ~~~~~~~~~~~~~~~~~~~~~~~~~~~~~~~~~~~~~~~~~~~~~~~^~~~~
[19.673s] In file included from /home/webotpi/ros2_ws/src/rplidar_ros/sdk/include/rplidar_protocol.h:36,
[19.673s]                  from /home/webotpi/ros2_ws/src/rplidar_ros/sdk/include/rplidar.h:39,
[19.673s]                  from /home/webotpi/ros2_ws/src/rplidar_ros/sdk/src/sdkcommon.h:49,
[19.674s]                  from /home/webotpi/ros2_ws/src/rplidar_ros/sdk/src/rplidar_driver.cpp:33:
[19.674s] /home/webotpi/ros2_ws/src/rplidar_ros/sdk/include/sl_lidar_protocol.h:66:16: warning: ISO C++ forbids zero-size array ‘data’ [-Wpedantic]
[19.674s]    66 |     sl_u8 data[0];
[19.674s]       |                ^
[19.677s] In file included from /home/webotpi/ros2_ws/src/rplidar_ros/sdk/include/rplidar_cmd.h:36,
[19.677s]                  from /home/webotpi/ros2_ws/src/rplidar_ros/sdk/include/rplidar.h:40:
[19.677s] /home/webotpi/ros2_ws/src/rplidar_ros/sdk/include/sl_lidar_cmd.h:324:20: warning: ISO C++ forbids zero-size array ‘payload’ [-Wpedantic]
[19.677s]   324 |     sl_u8  payload[0];
[19.677s]       |                    ^
[19.678s] /home/webotpi/ros2_ws/src/rplidar_ros/sdk/src/sl_lidar_driver.cpp: In member function ‘virtual sl_result sl::SlamtecLidarDriver::getMotorInfo(sl::LidarMotorInfo&, sl_u32)’:
[19.678s] /home/webotpi/ros2_ws/src/rplidar_ros/sdk/src/sl_lidar_driver.cpp:1023:66: warning: unused parameter ‘timeoutInMs’ [-Wunused-parameter]
[19.678s]  1023 |         sl_result getMotorInfo(LidarMotorInfo &motorInfo, sl_u32 timeoutInMs)
[19.678s]       |                                                           ~~~~~~~^~~~~~~~~~~
[19.680s] /home/webotpi/ros2_ws/src/rplidar_ros/sdk/src/sl_lidar_driver.cpp: In member function ‘u_result sl::SlamtecLidarDriver::getScanModeCount(sl_u16&, sl_u32)’:
[19.680s] /home/webotpi/ros2_ws/src/rplidar_ros/sdk/src/sl_lidar_driver.cpp:1199:61: warning: unused parameter ‘timeoutInMs’ [-Wunused-parameter]
[19.680s]  1199 |         u_result getScanModeCount(sl_u16& modeCount, sl_u32 timeoutInMs = DEFAULT_TIMEOUT)
[19.680s]       |                                                      ~~~~~~~^~~~~~~~~~~~~~~~~~~~~~~~~~~~~
[19.764s] /home/webotpi/ros2_ws/src/rplidar_ros/sdk/src/rplidar_driver.cpp: In member function ‘u_result rp::standalone::rplidar::RPlidarDriver::connect(const char*, _u32, _u32)’:
[19.765s] /home/webotpi/ros2_ws/src/rplidar_ros/sdk/src/rplidar_driver.cpp:67:77: warning: unused parameter ‘flag’ [-Wunused-parameter]
[19.765s]    67 |     u_result RPlidarDriver::connect(const char *path, _u32 portOrBaud, _u32 flag)
[19.765s]       |                                                                        ~~~~~^~~~
[19.766s] /home/webotpi/ros2_ws/src/rplidar_ros/sdk/src/rplidar_driver.cpp: In member function ‘u_result rp::standalone::rplidar::RPlidarDriver::reset(_u32)’:
[19.767s] /home/webotpi/ros2_ws/src/rplidar_ros/sdk/src/rplidar_driver.cpp:101:40: warning: unused parameter ‘timeout’ [-Wunused-parameter]
[19.769s]   101 |     u_result RPlidarDriver::reset(_u32 timeout)
[19.770s]       |                                   ~~~~~^~~~~~~
[19.770s] /home/webotpi/ros2_ws/src/rplidar_ros/sdk/src/rplidar_driver.cpp: In member function ‘u_result rp::standalone::rplidar::RPlidarDriver::getScanDataWithInterval(rplidar_response_measurement_node_t*, size_t&)’:
[19.770s] /home/webotpi/ros2_ws/src/rplidar_ros/sdk/src/rplidar_driver.cpp:180:91: warning: unused parameter ‘nodebuffer’ [-Wunused-parameter]
[19.770s]   180 |     u_result RPlidarDriver::getScanDataWithInterval(rplidar_response_measurement_node_t * nodebuffer, size_t & count)
[19.770s]       |                                                     ~~~~~~~~~~~~~~~~~~~~~~~~~~~~~~~~~~~~~~^~~~~~~~~~
[19.770s] /home/webotpi/ros2_ws/src/rplidar_ros/sdk/src/rplidar_driver.cpp:180:112: warning: unused parameter ‘count’ [-Wunused-parameter]
[19.770s]   180 |     u_result RPlidarDriver::getScanDataWithInterval(rplidar_response_measurement_node_t * nodebuffer, size_t & count)
[19.770s]       |                                                                                                       ~~~~~~~~~^~~~~
[19.771s] /home/webotpi/ros2_ws/src/rplidar_ros/sdk/src/sl_lidar_driver.cpp: In instantiation of ‘void sl::RawSampleNodeHolder<T>::pushNode(_u64, const T*) [with T = sl_lidar_response_measurement_node_hq_t; _u64 = long unsigned int]’:
[19.771s] /home/webotpi/ros2_ws/src/rplidar_ros/sdk/src/sl_lidar_driver.cpp:1648:42:   required from here
[19.771s] /home/webotpi/ros2_ws/src/rplidar_ros/sdk/src/sl_lidar_driver.cpp:202:28: warning: unused parameter ‘timestamp_uS’ [-Wunused-parameter]
[19.771s]   202 |         void pushNode(_u64 timestamp_uS, const T* node)
[19.771s]       |                       ~~~~~^~~~~~~~~~~~
[19.974s] [ 65%] Building CXX object CMakeFiles/rplidar_node.dir/sdk/src/sl_lidar_driver.cpp.o
[20.008s] /home/webotpi/ros2_ws/src/rplidar_ros/sdk/src/sl_lidar_driver.cpp: At global scope:
[20.008s] /home/webotpi/ros2_ws/src/rplidar_ros/sdk/src/sl_lidar_driver.cpp:83:17: warning: ‘void sl::convert(const sl_lidar_response_measurement_node_hq_t&, sl_lidar_response_measurement_node_t&)’ defined but not used [-Wunused-function]
[20.008s]    83 |     static void convert(const sl_lidar_response_measurement_node_hq_t& from, sl_lidar_response_measurement_node_t& to)
[20.008s]       |                 ^~~~~~~
[20.009s] /home/webotpi/ros2_ws/src/rplidar_ros/sdk/src/sl_lidar_driver.cpp:75:17: warning: ‘void sl::convert(const sl_lidar_response_measurement_node_t&, sl_lidar_response_measurement_node_hq_t&)’ defined but not used [-Wunused-function]
[20.009s]    75 |     static void convert(const sl_lidar_response_measurement_node_t& from, sl_lidar_response_measurement_node_hq_t& to)
[20.009s]       |                 ^~~~~~~
[20.010s] /home/webotpi/ros2_ws/src/rplidar_ros/sdk/src/sl_lidar_driver.cpp:70:17: warning: ‘void sl::printDeprecationWarn(const char*, const char*)’ defined but not used [-Wunused-function]
[20.010s]    70 |     static void printDeprecationWarn(const char* fn, const char* replacement)
[20.010s]       |                 ^~~~~~~~~~~~~~~~~~~~
[20.522s] [ 68%] Linking CXX executable rplidar_client
[20.832s] In file included from /home/webotpi/ros2_ws/src/rplidar_ros/sdk/include/rplidar_protocol.h:36,
[20.832s]                  from /home/webotpi/ros2_ws/src/rplidar_ros/sdk/include/rplidar.h:39,
[20.832s]                  from /home/webotpi/ros2_ws/src/rplidar_ros/sdk/src/sdkcommon.h:49,
[20.832s]                  from /home/webotpi/ros2_ws/src/rplidar_ros/sdk/src/sl_async_transceiver.cpp:35:
[20.832s] /home/webotpi/ros2_ws/src/rplidar_ros/sdk/include/sl_lidar_protocol.h:66:16: warning: ISO C++ forbids zero-size array ‘data’ [-Wpedantic]
[20.832s]    66 |     sl_u8 data[0];
[20.833s]       |                ^
[20.833s] In file included from /home/webotpi/ros2_ws/src/rplidar_ros/sdk/include/rplidar_cmd.h:36,
[20.833s]                  from /home/webotpi/ros2_ws/src/rplidar_ros/sdk/include/rplidar.h:40:
[20.833s] /home/webotpi/ros2_ws/src/rplidar_ros/sdk/include/sl_lidar_cmd.h:324:20: warning: ISO C++ forbids zero-size array ‘payload’ [-Wpedantic]
[20.833s]   324 |     sl_u8  payload[0];
[20.833s]       |                    ^
[21.135s] In file included from /home/webotpi/ros2_ws/src/rplidar_ros/sdk/src/sl_async_transceiver.cpp:44:
[21.135s] /home/webotpi/ros2_ws/src/rplidar_ros/sdk/src/sl_async_transceiver.h: In member function ‘virtual void sl::internal::IAsyncProtocolCodec::onChannelError(u_result)’:
[21.135s] /home/webotpi/ros2_ws/src/rplidar_ros/sdk/src/sl_async_transceiver.h:90:48: warning: unused parameter ‘errCode’ [-Wunused-parameter]
[21.135s]    90 |         virtual void   onChannelError(u_result errCode) {}
[21.135s]       |                                       ~~~~~~~~~^~~~~~~
[21.148s] In file included from /home/webotpi/ros2_ws/src/rplidar_ros/sdk/include/rplidar_protocol.h:36,
[21.148s]                  from /home/webotpi/ros2_ws/src/rplidar_ros/sdk/include/rplidar.h:39,
[21.148s]                  from /home/webotpi/ros2_ws/src/rplidar_ros/sdk/src/sdkcommon.h:49,
[21.148s]                  from /home/webotpi/ros2_ws/src/rplidar_ros/sdk/src/sl_lidar_driver.cpp:33:
[21.149s] /home/webotpi/ros2_ws/src/rplidar_ros/sdk/include/sl_lidar_protocol.h:66:16: warning: ISO C++ forbids zero-size array ‘data’ [-Wpedantic]
[21.149s]    66 |     sl_u8 data[0];
[21.149s]       |                ^
[21.149s] In file included from /home/webotpi/ros2_ws/src/rplidar_ros/sdk/include/rplidar_cmd.h:36,
[21.149s]                  from /home/webotpi/ros2_ws/src/rplidar_ros/sdk/include/rplidar.h:40:
[21.149s] /home/webotpi/ros2_ws/src/rplidar_ros/sdk/include/sl_lidar_cmd.h:324:20: warning: ISO C++ forbids zero-size array ‘payload’ [-Wpedantic]
[21.149s]   324 |     sl_u8  payload[0];
[21.149s]       |                    ^
[21.354s] [ 71%] Building CXX object CMakeFiles/rplidar_composition.dir/sdk/src/sl_lidarprotocol_codec.cpp.o
[21.568s] In file included from /home/webotpi/ros2_ws/src/rplidar_ros/sdk/src/sl_lidar_driver.cpp:50:
[21.568s] /home/webotpi/ros2_ws/src/rplidar_ros/sdk/src/dataunpacker/dataunpacker.h: In member function ‘virtual void sl::internal::LIDARSampleDataListener::onCustomSampleDataDecoded(_u8, _u32, const void*, size_t)’:
[21.568s] /home/webotpi/ros2_ws/src/rplidar_ros/sdk/src/dataunpacker/dataunpacker.h:54:52: warning: unused parameter ‘ansType’ [-Wunused-parameter]
[21.568s]    54 |         virtual void onCustomSampleDataDecoded(_u8 ansType, _u32 customCode, const void* data, size_t size) {}
[21.568s]       |                                                ~~~~^~~~~~~
[21.568s] /home/webotpi/ros2_ws/src/rplidar_ros/sdk/src/dataunpacker/dataunpacker.h:54:66: warning: unused parameter ‘customCode’ [-Wunused-parameter]
[21.568s]    54 |         virtual void onCustomSampleDataDecoded(_u8 ansType, _u32 customCode, const void* data, size_t size) {}
[21.568s]       |                                                             ~~~~~^~~~~~~~~~
[21.569s] /home/webotpi/ros2_ws/src/rplidar_ros/sdk/src/dataunpacker/dataunpacker.h:54:90: warning: unused parameter ‘data’ [-Wunused-parameter]
[21.569s]    54 |         virtual void onCustomSampleDataDecoded(_u8 ansType, _u32 customCode, const void* data, size_t size) {}
[21.569s]       |                                                                              ~~~~~~~~~~~~^~~~
[21.569s] /home/webotpi/ros2_ws/src/rplidar_ros/sdk/src/dataunpacker/dataunpacker.h:54:103: warning: unused parameter ‘size’ [-Wunused-parameter]
[21.569s]    54 |         virtual void onCustomSampleDataDecoded(_u8 ansType, _u32 customCode, const void* data, size_t size) {}
[21.569s]       |                                                                                                ~~~~~~~^~~~
[21.570s] /home/webotpi/ros2_ws/src/rplidar_ros/sdk/src/dataunpacker/dataunpacker.h: In member function ‘virtual void sl::internal::LIDARSampleDataListener::onDecodingError(int, _u8, const void*, size_t)’:
[21.570s] /home/webotpi/ros2_ws/src/rplidar_ros/sdk/src/dataunpacker/dataunpacker.h:56:42: warning: unused parameter ‘errMsg’ [-Wunused-parameter]
[21.570s]    56 |         virtual void onDecodingError(int errMsg, _u8 ansType, const void* payload, size_t size) {}
[21.573s]       |                                      ~~~~^~~~~~
[21.573s] /home/webotpi/ros2_ws/src/rplidar_ros/sdk/src/dataunpacker/dataunpacker.h:56:54: warning: unused parameter ‘ansType’ [-Wunused-parameter]
[21.574s]    56 |         virtual void onDecodingError(int errMsg, _u8 ansType, const void* payload, size_t size) {}
[21.574s]       |                                                  ~~~~^~~~~~~
[21.574s] /home/webotpi/ros2_ws/src/rplidar_ros/sdk/src/dataunpacker/dataunpacker.h:56:75: warning: unused parameter ‘payload’ [-Wunused-parameter]
[21.574s]    56 |         virtual void onDecodingError(int errMsg, _u8 ansType, const void* payload, size_t size) {}
[21.574s]       |                                                               ~~~~~~~~~~~~^~~~~~~
[21.574s] /home/webotpi/ros2_ws/src/rplidar_ros/sdk/src/dataunpacker/dataunpacker.h:56:91: warning: unused parameter ‘size’ [-Wunused-parameter]
[21.574s]    56 |         virtual void onDecodingError(int errMsg, _u8 ansType, const void* payload, size_t size) {}
[21.574s]       |                                                                                    ~~~~~~~^~~~
[21.590s] In file included from /home/webotpi/ros2_ws/src/rplidar_ros/sdk/src/sl_lidar_driver.cpp:51:
[21.590s] /home/webotpi/ros2_ws/src/rplidar_ros/sdk/src/sl_async_transceiver.h: In member function ‘virtual void sl::internal::IAsyncProtocolCodec::onChannelError(u_result)’:
[21.591s] /home/webotpi/ros2_ws/src/rplidar_ros/sdk/src/sl_async_transceiver.h:90:48: warning: unused parameter ‘errCode’ [-Wunused-parameter]
[21.591s]    90 |         virtual void   onChannelError(u_result errCode) {}
[21.591s]       |                                       ~~~~~~~~~^~~~~~~
[21.591s] [ 73%] Building CXX object CMakeFiles/rplidar_composition.dir/sdk/src/sl_serial_channel.cpp.o
[21.648s] /home/webotpi/ros2_ws/src/rplidar_ros/sdk/src/sl_lidar_driver.cpp: In member function ‘virtual sl_result sl::SlamtecLidarDriver::reset(sl_u32)’:
[21.648s] /home/webotpi/ros2_ws/src/rplidar_ros/sdk/src/sl_lidar_driver.cpp:511:32: warning: unused parameter ‘timeoutInMs’ [-Wunused-parameter]
[21.649s]   511 |         sl_result reset(sl_u32 timeoutInMs = DEFAULT_TIMEOUT)
[21.649s]       |                         ~~~~~~~^~~~~~~~~~~~~~~~~~~~~~~~~~~~~
[21.656s] /home/webotpi/ros2_ws/src/rplidar_ros/sdk/src/sl_lidar_driver.cpp: In member function ‘virtual sl_result sl::SlamtecLidarDriver::startScan(bool, bool, sl_u32, sl::LidarScanMode*)’:
[21.657s] /home/webotpi/ros2_ws/src/rplidar_ros/sdk/src/sl_lidar_driver.cpp:586:69: warning: unused parameter ‘options’ [-Wunused-parameter]
[21.657s]   586 |         sl_result startScan(bool force, bool useTypicalScan, sl_u32 options = 0, LidarScanMode* outUsedScanMode = nullptr)
[21.657s]       |                                                              ~~~~~~~^~~~~~~~~~~
[21.664s] /home/webotpi/ros2_ws/src/rplidar_ros/sdk/src/sl_lidar_driver.cpp: In member function ‘virtual sl_result sl::SlamtecLidarDriver::stop(sl_u32)’:
[21.664s] /home/webotpi/ros2_ws/src/rplidar_ros/sdk/src/sl_lidar_driver.cpp:763:31: warning: unused parameter ‘timeout’ [-Wunused-parameter]
[21.665s]   763 |         sl_result stop(sl_u32 timeout = DEFAULT_TIMEOUT)
[21.665s]       |                        ~~~~~~~^~~~~~~~~~~~~~~~~~~~~~~~~
[21.668s] /home/webotpi/ros2_ws/src/rplidar_ros/sdk/src/sl_lidar_driver.cpp: In member function ‘virtual sl_result sl::SlamtecLidarDriver::getFrequency(const sl::LidarScanMode&, const sl_lidar_response_measurement_node_hq_t*, size_t, float&)’:
[21.668s] /home/webotpi/ros2_ws/src/rplidar_ros/sdk/src/sl_lidar_driver.cpp:880:110: warning: unused parameter ‘nodes’ [-Wunused-parameter]
[21.668s]   880 |         sl_result getFrequency(const LidarScanMode& scanMode, const sl_lidar_response_measurement_node_hq_t* nodes, size_t count, float& frequency)
[21.668s]       |                                                               ~~~~~~~~~~~~~~~~~~~~~~~~~~~~~~~~~~~~~~~~~~~~~~~^~~~~
[21.677s] /home/webotpi/ros2_ws/src/rplidar_ros/sdk/src/sl_lidar_driver.cpp: In member function ‘virtual sl_result sl::SlamtecLidarDriver::getMotorInfo(sl::LidarMotorInfo&, sl_u32)’:
[21.678s] /home/webotpi/ros2_ws/src/rplidar_ros/sdk/src/sl_lidar_driver.cpp:1023:66: warning: unused parameter ‘timeoutInMs’ [-Wunused-parameter]
[21.678s]  1023 |         sl_result getMotorInfo(LidarMotorInfo &motorInfo, sl_u32 timeoutInMs)
[21.678s]       |                                                           ~~~~~~~^~~~~~~~~~~
[21.680s] /home/webotpi/ros2_ws/src/rplidar_ros/sdk/src/sl_lidar_driver.cpp: In member function ‘u_result sl::SlamtecLidarDriver::getScanModeCount(sl_u16&, sl_u32)’:
[21.681s] /home/webotpi/ros2_ws/src/rplidar_ros/sdk/src/sl_lidar_driver.cpp:1199:61: warning: unused parameter ‘timeoutInMs’ [-Wunused-parameter]
[21.681s]  1199 |         u_result getScanModeCount(sl_u16& modeCount, sl_u32 timeoutInMs = DEFAULT_TIMEOUT)
[21.681s]       |                                                      ~~~~~~~^~~~~~~~~~~~~~~~~~~~~~~~~~~~~
[21.775s] /home/webotpi/ros2_ws/src/rplidar_ros/sdk/src/sl_lidar_driver.cpp: In instantiation of ‘void sl::RawSampleNodeHolder<T>::pushNode(_u64, const T*) [with T = sl_lidar_response_measurement_node_hq_t; _u64 = long unsigned int]’:
[21.776s] /home/webotpi/ros2_ws/src/rplidar_ros/sdk/src/sl_lidar_driver.cpp:1648:42:   required from here
[21.776s] /home/webotpi/ros2_ws/src/rplidar_ros/sdk/src/sl_lidar_driver.cpp:202:28: warning: unused parameter ‘timestamp_uS’ [-Wunused-parameter]
[21.776s]   202 |         void pushNode(_u64 timestamp_uS, const T* node)
[21.776s]       |                       ~~~~~^~~~~~~~~~~~
[21.908s] [ 73%] Built target rplidar_client
[21.930s] [ 76%] Building CXX object CMakeFiles/rplidar_composition.dir/sdk/src/sl_tcp_channel.cpp.o
[22.017s] /home/webotpi/ros2_ws/src/rplidar_ros/sdk/src/sl_lidar_driver.cpp: At global scope:
[22.017s] /home/webotpi/ros2_ws/src/rplidar_ros/sdk/src/sl_lidar_driver.cpp:83:17: warning: ‘void sl::convert(const sl_lidar_response_measurement_node_hq_t&, sl_lidar_response_measurement_node_t&)’ defined but not used [-Wunused-function]
[22.017s]    83 |     static void convert(const sl_lidar_response_measurement_node_hq_t& from, sl_lidar_response_measurement_node_t& to)
[22.017s]       |                 ^~~~~~~
[22.018s] /home/webotpi/ros2_ws/src/rplidar_ros/sdk/src/sl_lidar_driver.cpp:75:17: warning: ‘void sl::convert(const sl_lidar_response_measurement_node_t&, sl_lidar_response_measurement_node_hq_t&)’ defined but not used [-Wunused-function]
[22.018s]    75 |     static void convert(const sl_lidar_response_measurement_node_t& from, sl_lidar_response_measurement_node_hq_t& to)
[22.018s]       |                 ^~~~~~~
[22.020s] /home/webotpi/ros2_ws/src/rplidar_ros/sdk/src/sl_lidar_driver.cpp:70:17: warning: ‘void sl::printDeprecationWarn(const char*, const char*)’ defined but not used [-Wunused-function]
[22.020s]    70 |     static void printDeprecationWarn(const char* fn, const char* replacement)
[22.021s]       |                 ^~~~~~~~~~~~~~~~~~~~
[22.122s] In file included from /home/webotpi/ros2_ws/src/rplidar_ros/sdk/include/sl_lidar_cmd.h:41,
[22.122s]                  from /home/webotpi/ros2_ws/src/rplidar_ros/sdk/include/sl_lidar_driver.h:54,
[22.122s]                  from /home/webotpi/ros2_ws/src/rplidar_ros/sdk/src/sl_serial_channel.cpp:33:
[22.122s] /home/webotpi/ros2_ws/src/rplidar_ros/sdk/include/sl_lidar_protocol.h:66:16: warning: ISO C++ forbids zero-size array ‘data’ [-Wpedantic]
[22.122s]    66 |     sl_u8 data[0];
[22.122s]       |                ^
[22.124s] /home/webotpi/ros2_ws/src/rplidar_ros/sdk/include/sl_lidar_cmd.h:324:20: warning: ISO C++ forbids zero-size array ‘payload’ [-Wpedantic]
[22.125s]   324 |     sl_u8  payload[0];
[22.125s]       |                    ^
[22.299s] [ 78%] Building CXX object CMakeFiles/rplidar_composition.dir/sdk/src/sl_udp_channel.cpp.o
[22.370s] In file included from /home/webotpi/ros2_ws/src/rplidar_ros/sdk/include/rplidar_protocol.h:36,
[22.370s]                  from /home/webotpi/ros2_ws/src/rplidar_ros/sdk/include/rplidar.h:39,
[22.371s]                  from /home/webotpi/ros2_ws/src/rplidar_ros/sdk/src/sdkcommon.h:49,
[22.371s]                  from /home/webotpi/ros2_ws/src/rplidar_ros/sdk/src/sl_lidarprotocol_codec.cpp:35:
[22.371s] /home/webotpi/ros2_ws/src/rplidar_ros/sdk/include/sl_lidar_protocol.h:66:16: warning: ISO C++ forbids zero-size array ‘data’ [-Wpedantic]
[22.371s]    66 |     sl_u8 data[0];
[22.371s]       |                ^
[22.372s] In file included from /home/webotpi/ros2_ws/src/rplidar_ros/sdk/include/rplidar_cmd.h:36,
[22.372s]                  from /home/webotpi/ros2_ws/src/rplidar_ros/sdk/include/rplidar.h:40:
[22.373s] /home/webotpi/ros2_ws/src/rplidar_ros/sdk/include/sl_lidar_cmd.h:324:20: warning: ISO C++ forbids zero-size array ‘payload’ [-Wpedantic]
[22.373s]   324 |     sl_u8  payload[0];
[22.373s]       |                    ^
[22.487s] In file included from /home/webotpi/ros2_ws/src/rplidar_ros/sdk/include/sl_lidar_cmd.h:41,
[22.487s]                  from /home/webotpi/ros2_ws/src/rplidar_ros/sdk/include/sl_lidar_driver.h:54,
[22.487s]                  from /home/webotpi/ros2_ws/src/rplidar_ros/sdk/src/sl_tcp_channel.cpp:33:
[22.488s] /home/webotpi/ros2_ws/src/rplidar_ros/sdk/include/sl_lidar_protocol.h:66:16: warning: ISO C++ forbids zero-size array ‘data’ [-Wpedantic]
[22.488s]    66 |     sl_u8 data[0];
[22.488s]       |                ^
[22.490s] /home/webotpi/ros2_ws/src/rplidar_ros/sdk/include/sl_lidar_cmd.h:324:20: warning: ISO C++ forbids zero-size array ‘payload’ [-Wpedantic]
[22.490s]   324 |     sl_u8  payload[0];
[22.490s]       |                    ^
[22.500s] /home/webotpi/ros2_ws/src/rplidar_ros/sdk/src/sl_tcp_channel.cpp: In member function ‘void sl::TcpChannel::setStatus(_u32)’:
[22.501s] /home/webotpi/ros2_ws/src/rplidar_ros/sdk/src/sl_tcp_channel.cpp:109:29: warning: unused parameter ‘flag’ [-Wunused-parameter]
[22.501s]   109 |         void setStatus(_u32 flag){}
[22.501s]       |                        ~~~~~^~~~
[22.653s] [ 81%] Building CXX object CMakeFiles/rplidar_node.dir/sdk/src/sl_lidarprotocol_codec.cpp.o
[22.669s] In file included from /home/webotpi/ros2_ws/src/rplidar_ros/sdk/src/sl_lidarprotocol_codec.cpp:49:
[22.669s] /home/webotpi/ros2_ws/src/rplidar_ros/sdk/src/sl_async_transceiver.h: In member function ‘virtual void sl::internal::IAsyncProtocolCodec::onChannelError(u_result)’:
[22.669s] /home/webotpi/ros2_ws/src/rplidar_ros/sdk/src/sl_async_transceiver.h:90:48: warning: unused parameter ‘errCode’ [-Wunused-parameter]
[22.669s]    90 |         virtual void   onChannelError(u_result errCode) {}
[22.669s]       |                                       ~~~~~~~~~^~~~~~~
[22.897s] In file included from /home/webotpi/ros2_ws/src/rplidar_ros/sdk/include/sl_lidar_cmd.h:41,
[22.897s]                  from /home/webotpi/ros2_ws/src/rplidar_ros/sdk/include/sl_lidar_driver.h:54,
[22.897s]                  from /home/webotpi/ros2_ws/src/rplidar_ros/sdk/src/sl_udp_channel.cpp:33:
[22.898s] /home/webotpi/ros2_ws/src/rplidar_ros/sdk/include/sl_lidar_protocol.h:66:16: warning: ISO C++ forbids zero-size array ‘data’ [-Wpedantic]
[22.898s]    66 |     sl_u8 data[0];
[22.898s]       |                ^
[22.898s] /home/webotpi/ros2_ws/src/rplidar_ros/sdk/include/sl_lidar_cmd.h:324:20: warning: ISO C++ forbids zero-size array ‘payload’ [-Wpedantic]
[22.898s]   324 |     sl_u8  payload[0];
[22.898s]       |                    ^
[22.904s] /home/webotpi/ros2_ws/src/rplidar_ros/sdk/src/sl_udp_channel.cpp: In member function ‘void sl::UdpChannel::setStatus(_u32)’:
[22.905s] /home/webotpi/ros2_ws/src/rplidar_ros/sdk/src/sl_udp_channel.cpp:112:29: warning: unused parameter ‘flag’ [-Wunused-parameter]
[22.905s]   112 |         void setStatus(_u32 flag){}
[22.905s]       |                        ~~~~~^~~~
[22.917s] [ 84%] Building CXX object CMakeFiles/rplidar_node.dir/sdk/src/sl_serial_channel.cpp.o
[22.973s] [ 86%] Building CXX object CMakeFiles/rplidar_node.dir/sdk/src/sl_tcp_channel.cpp.o
[23.048s] [ 89%] Linking CXX executable rplidar_composition
[23.773s] In file included from /home/webotpi/ros2_ws/src/rplidar_ros/sdk/include/sl_lidar_cmd.h:41,
[23.774s]                  from /home/webotpi/ros2_ws/src/rplidar_ros/sdk/include/sl_lidar_driver.h:54,
[23.774s]                  from /home/webotpi/ros2_ws/src/rplidar_ros/sdk/src/sl_serial_channel.cpp:33:
[23.774s] /home/webotpi/ros2_ws/src/rplidar_ros/sdk/include/sl_lidar_protocol.h:66:16: warning: ISO C++ forbids zero-size array ‘data’ [-Wpedantic]
[23.774s]    66 |     sl_u8 data[0];
[23.775s]       |                ^
[23.775s] /home/webotpi/ros2_ws/src/rplidar_ros/sdk/include/sl_lidar_cmd.h:324:20: warning: ISO C++ forbids zero-size array ‘payload’ [-Wpedantic]
[23.778s]   324 |     sl_u8  payload[0];
[23.781s]       |                    ^
[23.823s] In file included from /home/webotpi/ros2_ws/src/rplidar_ros/sdk/include/sl_lidar_cmd.h:41,
[23.823s]                  from /home/webotpi/ros2_ws/src/rplidar_ros/sdk/include/sl_lidar_driver.h:54,
[23.823s]                  from /home/webotpi/ros2_ws/src/rplidar_ros/sdk/src/sl_tcp_channel.cpp:33:
[23.824s] /home/webotpi/ros2_ws/src/rplidar_ros/sdk/include/sl_lidar_protocol.h:66:16: warning: ISO C++ forbids zero-size array ‘data’ [-Wpedantic]
[23.824s]    66 |     sl_u8 data[0];
[23.824s]       |                ^
[23.824s] /home/webotpi/ros2_ws/src/rplidar_ros/sdk/include/sl_lidar_cmd.h:324:20: warning: ISO C++ forbids zero-size array ‘payload’ [-Wpedantic]
[23.824s]   324 |     sl_u8  payload[0];
[23.824s]       |                    ^
[23.836s] /home/webotpi/ros2_ws/src/rplidar_ros/sdk/src/sl_tcp_channel.cpp: In member function ‘void sl::TcpChannel::setStatus(_u32)’:
[23.837s] /home/webotpi/ros2_ws/src/rplidar_ros/sdk/src/sl_tcp_channel.cpp:109:29: warning: unused parameter ‘flag’ [-Wunused-parameter]
[23.837s]   109 |         void setStatus(_u32 flag){}
[23.837s]       |                        ~~~~~^~~~
[23.939s] In file included from /home/webotpi/ros2_ws/src/rplidar_ros/sdk/include/rplidar_protocol.h:36,
[23.940s]                  from /home/webotpi/ros2_ws/src/rplidar_ros/sdk/include/rplidar.h:39,
[23.940s]                  from /home/webotpi/ros2_ws/src/rplidar_ros/sdk/src/sdkcommon.h:49,
[23.940s]                  from /home/webotpi/ros2_ws/src/rplidar_ros/sdk/src/sl_lidarprotocol_codec.cpp:35:
[23.940s] /home/webotpi/ros2_ws/src/rplidar_ros/sdk/include/sl_lidar_protocol.h:66:16: warning: ISO C++ forbids zero-size array ‘data’ [-Wpedantic]
[23.940s]    66 |     sl_u8 data[0];
[23.940s]       |                ^
[23.944s] In file included from /home/webotpi/ros2_ws/src/rplidar_ros/sdk/include/rplidar_cmd.h:36,
[23.945s]                  from /home/webotpi/ros2_ws/src/rplidar_ros/sdk/include/rplidar.h:40:
[23.945s] /home/webotpi/ros2_ws/src/rplidar_ros/sdk/include/sl_lidar_cmd.h:324:20: warning: ISO C++ forbids zero-size array ‘payload’ [-Wpedantic]
[23.945s]   324 |     sl_u8  payload[0];
[23.945s]       |                    ^
[23.970s] [ 92%] Building CXX object CMakeFiles/rplidar_node.dir/sdk/src/sl_udp_channel.cpp.o
[24.117s] [ 94%] Built target rplidar_composition
[24.124s] In file included from /home/webotpi/ros2_ws/src/rplidar_ros/sdk/src/sl_lidarprotocol_codec.cpp:49:
[24.124s] /home/webotpi/ros2_ws/src/rplidar_ros/sdk/src/sl_async_transceiver.h: In member function ‘virtual void sl::internal::IAsyncProtocolCodec::onChannelError(u_result)’:
[24.124s] /home/webotpi/ros2_ws/src/rplidar_ros/sdk/src/sl_async_transceiver.h:90:48: warning: unused parameter ‘errCode’ [-Wunused-parameter]
[24.124s]    90 |         virtual void   onChannelError(u_result errCode) {}
[24.124s]       |                                       ~~~~~~~~~^~~~~~~
[24.324s] In file included from /home/webotpi/ros2_ws/src/rplidar_ros/sdk/include/sl_lidar_cmd.h:41,
[24.324s]                  from /home/webotpi/ros2_ws/src/rplidar_ros/sdk/include/sl_lidar_driver.h:54,
[24.324s]                  from /home/webotpi/ros2_ws/src/rplidar_ros/sdk/src/sl_udp_channel.cpp:33:
[24.324s] /home/webotpi/ros2_ws/src/rplidar_ros/sdk/include/sl_lidar_protocol.h:66:16: warning: ISO C++ forbids zero-size array ‘data’ [-Wpedantic]
[24.324s]    66 |     sl_u8 data[0];
[24.325s]       |                ^
[24.325s] /home/webotpi/ros2_ws/src/rplidar_ros/sdk/include/sl_lidar_cmd.h:324:20: warning: ISO C++ forbids zero-size array ‘payload’ [-Wpedantic]
[24.325s]   324 |     sl_u8  payload[0];
[24.325s]       |                    ^
[24.330s] /home/webotpi/ros2_ws/src/rplidar_ros/sdk/src/sl_udp_channel.cpp: In member function ‘void sl::UdpChannel::setStatus(_u32)’:
[24.330s] /home/webotpi/ros2_ws/src/rplidar_ros/sdk/src/sl_udp_channel.cpp:112:29: warning: unused parameter ‘flag’ [-Wunused-parameter]
[24.330s]   112 |         void setStatus(_u32 flag){}
[24.330s]       |                        ~~~~~^~~~
[24.410s] [ 97%] Linking CXX executable rplidar_node
[24.909s] [100%] Built target rplidar_node
[24.932s] Invoked command in '/home/webotpi/ros2_ws/build/rplidar_ros' returned '0': CMAKE_PREFIX_PATH=${CMAKE_PREFIX_PATH}:/opt/ros/jazzy DEBUGINFOD_URLS=https://debuginfod.ubuntu.com /usr/bin/cmake --build /home/webotpi/ros2_ws/build/rplidar_ros -- -j4 -l4
[24.966s] Invoking command in '/home/webotpi/ros2_ws/build/rplidar_ros': CMAKE_PREFIX_PATH=${CMAKE_PREFIX_PATH}:/opt/ros/jazzy DEBUGINFOD_URLS=https://debuginfod.ubuntu.com /usr/bin/cmake --install /home/webotpi/ros2_ws/build/rplidar_ros
[24.986s] -- Install configuration: ""
[24.987s] -- Execute custom install script
[24.989s] -- Up-to-date symlink: /home/webotpi/ros2_ws/install/rplidar_ros/share/rplidar_ros/launch/rplidar_a1_launch.py
[24.989s] -- Up-to-date symlink: /home/webotpi/ros2_ws/install/rplidar_ros/share/rplidar_ros/launch/rplidar_a2m12_launch.py
[24.990s] -- Up-to-date symlink: /home/webotpi/ros2_ws/install/rplidar_ros/share/rplidar_ros/launch/rplidar_a2m7_launch.py
[24.990s] -- Up-to-date symlink: /home/webotpi/ros2_ws/install/rplidar_ros/share/rplidar_ros/launch/rplidar_a2m8_launch.py
[24.990s] -- Up-to-date symlink: /home/webotpi/ros2_ws/install/rplidar_ros/share/rplidar_ros/launch/rplidar_a3_launch.py
[24.990s] -- Up-to-date symlink: /home/webotpi/ros2_ws/install/rplidar_ros/share/rplidar_ros/launch/rplidar_c1_launch.py
[24.990s] -- Up-to-date symlink: /home/webotpi/ros2_ws/install/rplidar_ros/share/rplidar_ros/launch/rplidar_s1_launch.py
[24.990s] -- Up-to-date symlink: /home/webotpi/ros2_ws/install/rplidar_ros/share/rplidar_ros/launch/rplidar_s1_tcp_launch.py
[24.991s] -- Up-to-date symlink: /home/webotpi/ros2_ws/install/rplidar_ros/share/rplidar_ros/launch/rplidar_s2_launch.py
[24.991s] -- Up-to-date symlink: /home/webotpi/ros2_ws/install/rplidar_ros/share/rplidar_ros/launch/rplidar_s2e_launch.py
[24.991s] -- Up-to-date symlink: /home/webotpi/ros2_ws/install/rplidar_ros/share/rplidar_ros/launch/rplidar_s3_launch.py
[24.991s] -- Up-to-date symlink: /home/webotpi/ros2_ws/install/rplidar_ros/share/rplidar_ros/launch/rplidar_t1_launch.py
[24.991s] -- Up-to-date symlink: /home/webotpi/ros2_ws/install/rplidar_ros/share/rplidar_ros/launch/view_rplidar_a1_launch.py
[24.991s] -- Up-to-date symlink: /home/webotpi/ros2_ws/install/rplidar_ros/share/rplidar_ros/launch/view_rplidar_a2m12_launch.py
[24.991s] -- Up-to-date symlink: /home/webotpi/ros2_ws/install/rplidar_ros/share/rplidar_ros/launch/view_rplidar_a2m7_launch.py
[24.991s] -- Up-to-date symlink: /home/webotpi/ros2_ws/install/rplidar_ros/share/rplidar_ros/launch/view_rplidar_a2m8_launch.py
[24.991s] -- Up-to-date symlink: /home/webotpi/ros2_ws/install/rplidar_ros/share/rplidar_ros/launch/view_rplidar_a3_launch.py
[24.992s] -- Up-to-date symlink: /home/webotpi/ros2_ws/install/rplidar_ros/share/rplidar_ros/launch/view_rplidar_c1_launch.py
[24.992s] -- Up-to-date symlink: /home/webotpi/ros2_ws/install/rplidar_ros/share/rplidar_ros/launch/view_rplidar_s1_launch.py
[24.992s] -- Up-to-date symlink: /home/webotpi/ros2_ws/install/rplidar_ros/share/rplidar_ros/launch/view_rplidar_s1_tcp_launch.py
[24.992s] -- Up-to-date symlink: /home/webotpi/ros2_ws/install/rplidar_ros/share/rplidar_ros/launch/view_rplidar_s2_launch.py
[24.992s] -- Up-to-date symlink: /home/webotpi/ros2_ws/install/rplidar_ros/share/rplidar_ros/launch/view_rplidar_s2e_launch.py
[24.992s] -- Up-to-date symlink: /home/webotpi/ros2_ws/install/rplidar_ros/share/rplidar_ros/launch/view_rplidar_s3_launch.py
[24.992s] -- Up-to-date symlink: /home/webotpi/ros2_ws/install/rplidar_ros/share/rplidar_ros/launch/view_rplidar_t1_launch.py
[24.993s] -- Up-to-date symlink: /home/webotpi/ros2_ws/install/rplidar_ros/share/rplidar_ros/rviz/rplidar_ros.rviz
[24.993s] -- Up-to-date symlink: /home/webotpi/ros2_ws/install/rplidar_ros/lib/rplidar_ros/rplidar_node
[24.994s] -- Up-to-date symlink: /home/webotpi/ros2_ws/install/rplidar_ros/lib/rplidar_ros/rplidar_composition
[24.994s] -- Up-to-date symlink: /home/webotpi/ros2_ws/install/rplidar_ros/lib/rplidar_ros/rplidar_client
[24.995s] -- Up-to-date symlink: /home/webotpi/ros2_ws/install/rplidar_ros/share/ament_index/resource_index/package_run_dependencies/rplidar_ros
[24.996s] -- Up-to-date symlink: /home/webotpi/ros2_ws/install/rplidar_ros/share/ament_index/resource_index/parent_prefix_path/rplidar_ros
[24.996s] -- Up-to-date symlink: /home/webotpi/ros2_ws/install/rplidar_ros/share/rplidar_ros/environment/ament_prefix_path.sh
[24.996s] -- Up-to-date symlink: /home/webotpi/ros2_ws/install/rplidar_ros/share/rplidar_ros/environment/ament_prefix_path.dsv
[24.996s] -- Up-to-date symlink: /home/webotpi/ros2_ws/install/rplidar_ros/share/rplidar_ros/environment/path.sh
[24.997s] -- Up-to-date symlink: /home/webotpi/ros2_ws/install/rplidar_ros/share/rplidar_ros/environment/path.dsv
[24.997s] -- Up-to-date symlink: /home/webotpi/ros2_ws/install/rplidar_ros/share/rplidar_ros/local_setup.bash
[24.997s] -- Up-to-date symlink: /home/webotpi/ros2_ws/install/rplidar_ros/share/rplidar_ros/local_setup.sh
[24.997s] -- Up-to-date symlink: /home/webotpi/ros2_ws/install/rplidar_ros/share/rplidar_ros/local_setup.zsh
[24.998s] -- Up-to-date symlink: /home/webotpi/ros2_ws/install/rplidar_ros/share/rplidar_ros/local_setup.dsv
[24.998s] -- Symlinking: /home/webotpi/ros2_ws/install/rplidar_ros/share/rplidar_ros/package.dsv
[25.016s] -- Up-to-date symlink: /home/webotpi/ros2_ws/install/rplidar_ros/share/ament_index/resource_index/packages/rplidar_ros
[25.016s] -- Up-to-date symlink: /home/webotpi/ros2_ws/install/rplidar_ros/share/rplidar_ros/cmake/ament_cmake_export_dependencies-extras.cmake
[25.016s] -- Up-to-date symlink: /home/webotpi/ros2_ws/install/rplidar_ros/share/rplidar_ros/cmake/ament_cmake_export_include_directories-extras.cmake
[25.016s] -- Up-to-date symlink: /home/webotpi/ros2_ws/install/rplidar_ros/share/rplidar_ros/cmake/rplidar_rosConfig.cmake
[25.016s] -- Up-to-date symlink: /home/webotpi/ros2_ws/install/rplidar_ros/share/rplidar_ros/cmake/rplidar_rosConfig-version.cmake
[25.016s] -- Up-to-date symlink: /home/webotpi/ros2_ws/install/rplidar_ros/share/rplidar_ros/package.xml
[25.019s] Invoked command in '/home/webotpi/ros2_ws/build/rplidar_ros' returned '0': CMAKE_PREFIX_PATH=${CMAKE_PREFIX_PATH}:/opt/ros/jazzy DEBUGINFOD_URLS=https://debuginfod.ubuntu.com /usr/bin/cmake --install /home/webotpi/ros2_ws/build/rplidar_ros
