[0.000000] (-) TimerEvent: {}
[0.000143] (deptrum-ros-driver-aurora930) JobQueued: {'identifier': 'deptrum-ros-driver-aurora930', 'dependencies': OrderedDict()}
[0.000182] (my_launch_pkg) JobQueued: {'identifier': 'my_launch_pkg', 'dependencies': OrderedDict()}
[0.000204] (my_srv) JobQueued: {'identifier': 'my_srv', 'dependencies': OrderedDict()}
[0.000222] (pi5_robot_description) JobQueued: {'identifier': 'pi5_robot_description', 'dependencies': OrderedDict()}
[0.000239] (py_pkg) JobQueued: {'identifier': 'py_pkg', 'dependencies': OrderedDict()}
[0.000268] (robot_integration) JobQueued: {'identifier': 'robot_integration', 'dependencies': OrderedDict()}
[0.000408] (rplidar_ros) JobQueued: {'identifier': 'rplidar_ros', 'dependencies': OrderedDict()}
[0.000426] (voice_interaction) JobQueued: {'identifier': 'voice_interaction', 'dependencies': OrderedDict()}
[0.000743] (deptrum-ros-driver-aurora930) JobStarted: {'identifier': 'deptrum-ros-driver-aurora930'}
[0.008308] (my_launch_pkg) JobStarted: {'identifier': 'my_launch_pkg'}
[0.015775] (my_srv) JobStarted: {'identifier': 'my_srv'}
[0.023061] (pi5_robot_description) JobStarted: {'identifier': 'pi5_robot_description'}
[0.031194] (deptrum-ros-driver-aurora930) JobProgress: {'identifier': 'deptrum-ros-driver-aurora930', 'progress': 'cmake'}
[0.032019] (deptrum-ros-driver-aurora930) Command: {'cmd': ['/usr/bin/cmake', '/home/webotpi/ros2_ws/src/deptrum-ros-driver', '-DCMAKE_INSTALL_PREFIX=/home/webotpi/ros2_ws/install/deptrum-ros-driver-aurora930'], 'cwd': '/home/webotpi/ros2_ws/build/deptrum-ros-driver-aurora930', 'env': OrderedDict({'LANGUAGE': 'zh_CN:en', 'USER': 'webotpi', 'SSH_CLIENT': '192.168.0.111 49972 22', 'LC_TIME': 'zh_CN.UTF-8', 'GZ_CONFIG_PATH': '/opt/ros/jazzy/opt/gz_sim_vendor/share/gz:/opt/ros/jazzy/opt/sdformat_vendor/share/gz:/opt/ros/jazzy/opt/gz_gui_vendor/share/gz:/opt/ros/jazzy/opt/gz_transport_vendor/share/gz:/opt/ros/jazzy/opt/gz_rendering_vendor/share/gz:/opt/ros/jazzy/opt/gz_plugin_vendor/share/gz:/opt/ros/jazzy/opt/gz_fuel_tools_vendor/share/gz:/opt/ros/jazzy/opt/gz_msgs_vendor/share/gz:/opt/ros/jazzy/opt/gz_common_vendor/share/gz', 'XDG_SESSION_TYPE': 'tty', 'SHLVL': '1', 'LD_LIBRARY_PATH': '/opt/ros/jazzy/opt/gz_sim_vendor/lib:/opt/ros/jazzy/opt/gz_sensors_vendor/lib:/opt/ros/jazzy/opt/gz_physics_vendor/lib:/opt/ros/jazzy/opt/sdformat_vendor/lib:/opt/ros/jazzy/opt/rviz_ogre_vendor/lib:/opt/ros/jazzy/lib/aarch64-linux-gnu:/opt/ros/jazzy/opt/gz_gui_vendor/lib:/opt/ros/jazzy/opt/gz_transport_vendor/lib:/opt/ros/jazzy/opt/gz_rendering_vendor/lib:/opt/ros/jazzy/opt/gz_plugin_vendor/lib:/opt/ros/jazzy/opt/gz_fuel_tools_vendor/lib:/opt/ros/jazzy/opt/gz_msgs_vendor/lib:/opt/ros/jazzy/opt/gz_common_vendor/lib:/opt/ros/jazzy/opt/gz_math_vendor/lib:/opt/ros/jazzy/opt/gz_utils_vendor/lib:/opt/ros/jazzy/opt/gz_tools_vendor/lib:/opt/ros/jazzy/opt/gz_ogre_next_vendor/lib:/opt/ros/jazzy/opt/gz_dartsim_vendor/lib:/opt/ros/jazzy/opt/gz_cmake_vendor/lib:/opt/ros/jazzy/lib', 'HOME': '/home/webotpi', 'OLDPWD': '/home/webotpi', 'ROS_PYTHON_VERSION': '3', 'LC_MONETARY': 'zh_CN.UTF-8', 'DBUS_SESSION_BUS_ADDRESS': 'unix:path=/run/user/1000/bus', 'ROS_DISTRO': 'jazzy', 'LOGNAME': 'webotpi', '_': '/usr/bin/colcon', 'ROS_VERSION': '2', 'XDG_SESSION_CLASS': 'user', 'XDG_SESSION_ID': '31', 'PATH': '/opt/ros/jazzy/opt/gz_msgs_vendor/bin:/opt/ros/jazzy/opt/gz_tools_vendor/bin:/opt/ros/jazzy/opt/gz_ogre_next_vendor/bin:/opt/ros/jazzy/bin:/usr/local/sbin:/usr/local/bin:/usr/sbin:/usr/bin:/sbin:/bin:/usr/games:/usr/local/games:/snap/bin', 'PAPERSIZE': 'a4', 'LC_ADDRESS': 'zh_CN.UTF-8', 'XDG_RUNTIME_DIR': '/run/user/1000', 'LANG': 'zh_CN.UTF-8', 'LC_TELEPHONE': 'zh_CN.UTF-8', 'AMENT_PREFIX_PATH': '/opt/ros/jazzy', 'SHELL': '/bin/bash', 'LC_NAME': 'zh_CN.UTF-8', 'LC_MEASUREMENT': 'zh_CN.UTF-8', 'LC_IDENTIFICATION': 'zh_CN.UTF-8', 'ROS_AUTOMATIC_DISCOVERY_RANGE': 'SUBNET', 'PWD': '/home/webotpi/ros2_ws/build/deptrum-ros-driver-aurora930', 'SSH_CONNECTION': '192.168.0.111 49972 192.168.0.119 22', 'PYTHONPATH': '/opt/ros/jazzy/lib/python3.12/site-packages', 'LC_NUMERIC': 'zh_CN.UTF-8', 'LC_PAPER': 'zh_CN.UTF-8', 'COLCON': '1', 'CMAKE_PREFIX_PATH': '/opt/ros/jazzy/opt/gz_sim_vendor:/opt/ros/jazzy/opt/gz_sensors_vendor:/opt/ros/jazzy/opt/gz_physics_vendor:/opt/ros/jazzy/opt/sdformat_vendor:/opt/ros/jazzy/opt/gz_gui_vendor:/opt/ros/jazzy/opt/gz_transport_vendor:/opt/ros/jazzy/opt/gz_rendering_vendor:/opt/ros/jazzy/opt/gz_plugin_vendor:/opt/ros/jazzy/opt/gz_fuel_tools_vendor:/opt/ros/jazzy/opt/gz_msgs_vendor:/opt/ros/jazzy/opt/gz_common_vendor:/opt/ros/jazzy/opt/gz_math_vendor:/opt/ros/jazzy/opt/gz_utils_vendor:/opt/ros/jazzy/opt/gz_tools_vendor:/opt/ros/jazzy/opt/gz_ogre_next_vendor:/opt/ros/jazzy/opt/gz_dartsim_vendor:/opt/ros/jazzy/opt/gz_cmake_vendor:/opt/ros/jazzy'}), 'shell': False}
[0.099716] (-) TimerEvent: {}
[0.200018] (-) TimerEvent: {}
[0.300378] (-) TimerEvent: {}
[0.400703] (-) TimerEvent: {}
[0.501001] (-) TimerEvent: {}
[0.601483] (-) TimerEvent: {}
[0.605750] (my_srv) JobProgress: {'identifier': 'my_srv', 'progress': 'cmake'}
[0.607052] (my_srv) Command: {'cmd': ['/usr/bin/cmake', '/home/webotpi/ros2_ws/src/my_srv', '-DCMAKE_INSTALL_PREFIX=/home/webotpi/ros2_ws/install/my_srv'], 'cwd': '/home/webotpi/ros2_ws/build/my_srv', 'env': OrderedDict({'LANGUAGE': 'zh_CN:en', 'USER': 'webotpi', 'SSH_CLIENT': '192.168.0.111 49972 22', 'LC_TIME': 'zh_CN.UTF-8', 'GZ_CONFIG_PATH': '/opt/ros/jazzy/opt/gz_sim_vendor/share/gz:/opt/ros/jazzy/opt/sdformat_vendor/share/gz:/opt/ros/jazzy/opt/gz_gui_vendor/share/gz:/opt/ros/jazzy/opt/gz_transport_vendor/share/gz:/opt/ros/jazzy/opt/gz_rendering_vendor/share/gz:/opt/ros/jazzy/opt/gz_plugin_vendor/share/gz:/opt/ros/jazzy/opt/gz_fuel_tools_vendor/share/gz:/opt/ros/jazzy/opt/gz_msgs_vendor/share/gz:/opt/ros/jazzy/opt/gz_common_vendor/share/gz', 'XDG_SESSION_TYPE': 'tty', 'SHLVL': '1', 'LD_LIBRARY_PATH': '/opt/ros/jazzy/opt/gz_sim_vendor/lib:/opt/ros/jazzy/opt/gz_sensors_vendor/lib:/opt/ros/jazzy/opt/gz_physics_vendor/lib:/opt/ros/jazzy/opt/sdformat_vendor/lib:/opt/ros/jazzy/opt/rviz_ogre_vendor/lib:/opt/ros/jazzy/lib/aarch64-linux-gnu:/opt/ros/jazzy/opt/gz_gui_vendor/lib:/opt/ros/jazzy/opt/gz_transport_vendor/lib:/opt/ros/jazzy/opt/gz_rendering_vendor/lib:/opt/ros/jazzy/opt/gz_plugin_vendor/lib:/opt/ros/jazzy/opt/gz_fuel_tools_vendor/lib:/opt/ros/jazzy/opt/gz_msgs_vendor/lib:/opt/ros/jazzy/opt/gz_common_vendor/lib:/opt/ros/jazzy/opt/gz_math_vendor/lib:/opt/ros/jazzy/opt/gz_utils_vendor/lib:/opt/ros/jazzy/opt/gz_tools_vendor/lib:/opt/ros/jazzy/opt/gz_ogre_next_vendor/lib:/opt/ros/jazzy/opt/gz_dartsim_vendor/lib:/opt/ros/jazzy/opt/gz_cmake_vendor/lib:/opt/ros/jazzy/lib', 'HOME': '/home/webotpi', 'OLDPWD': '/home/webotpi', 'ROS_PYTHON_VERSION': '3', 'LC_MONETARY': 'zh_CN.UTF-8', 'DBUS_SESSION_BUS_ADDRESS': 'unix:path=/run/user/1000/bus', 'ROS_DISTRO': 'jazzy', 'LOGNAME': 'webotpi', '_': '/usr/bin/colcon', 'ROS_VERSION': '2', 'XDG_SESSION_CLASS': 'user', 'XDG_SESSION_ID': '31', 'PATH': '/opt/ros/jazzy/opt/gz_msgs_vendor/bin:/opt/ros/jazzy/opt/gz_tools_vendor/bin:/opt/ros/jazzy/opt/gz_ogre_next_vendor/bin:/opt/ros/jazzy/bin:/usr/local/sbin:/usr/local/bin:/usr/sbin:/usr/bin:/sbin:/bin:/usr/games:/usr/local/games:/snap/bin', 'PAPERSIZE': 'a4', 'LC_ADDRESS': 'zh_CN.UTF-8', 'XDG_RUNTIME_DIR': '/run/user/1000', 'LANG': 'zh_CN.UTF-8', 'LC_TELEPHONE': 'zh_CN.UTF-8', 'AMENT_PREFIX_PATH': '/opt/ros/jazzy', 'SHELL': '/bin/bash', 'LC_NAME': 'zh_CN.UTF-8', 'LC_MEASUREMENT': 'zh_CN.UTF-8', 'LC_IDENTIFICATION': 'zh_CN.UTF-8', 'ROS_AUTOMATIC_DISCOVERY_RANGE': 'SUBNET', 'PWD': '/home/webotpi/ros2_ws/build/my_srv', 'SSH_CONNECTION': '192.168.0.111 49972 192.168.0.119 22', 'PYTHONPATH': '/opt/ros/jazzy/lib/python3.12/site-packages', 'LC_NUMERIC': 'zh_CN.UTF-8', 'LC_PAPER': 'zh_CN.UTF-8', 'COLCON': '1', 'CMAKE_PREFIX_PATH': '/opt/ros/jazzy/opt/gz_sim_vendor:/opt/ros/jazzy/opt/gz_sensors_vendor:/opt/ros/jazzy/opt/gz_physics_vendor:/opt/ros/jazzy/opt/sdformat_vendor:/opt/ros/jazzy/opt/gz_gui_vendor:/opt/ros/jazzy/opt/gz_transport_vendor:/opt/ros/jazzy/opt/gz_rendering_vendor:/opt/ros/jazzy/opt/gz_plugin_vendor:/opt/ros/jazzy/opt/gz_fuel_tools_vendor:/opt/ros/jazzy/opt/gz_msgs_vendor:/opt/ros/jazzy/opt/gz_common_vendor:/opt/ros/jazzy/opt/gz_math_vendor:/opt/ros/jazzy/opt/gz_utils_vendor:/opt/ros/jazzy/opt/gz_tools_vendor:/opt/ros/jazzy/opt/gz_ogre_next_vendor:/opt/ros/jazzy/opt/gz_dartsim_vendor:/opt/ros/jazzy/opt/gz_cmake_vendor:/opt/ros/jazzy'}), 'shell': False}
[0.611347] (deptrum-ros-driver-aurora930) StdoutLine: {'line': b'-- The C compiler identification is GNU 13.3.0\n'}
[0.611862] (deptrum-ros-driver-aurora930) StdoutLine: {'line': b'-- The CXX compiler identification is GNU 13.3.0\n'}
[0.612009] (deptrum-ros-driver-aurora930) StdoutLine: {'line': b'-- Detecting C compiler ABI info\n'}
[0.612368] (pi5_robot_description) JobProgress: {'identifier': 'pi5_robot_description', 'progress': 'cmake'}
[0.613752] (pi5_robot_description) Command: {'cmd': ['/usr/bin/cmake', '/home/webotpi/ros2_ws/src/pi5_robot_description', '-DCMAKE_INSTALL_PREFIX=/home/webotpi/ros2_ws/install/pi5_robot_description'], 'cwd': '/home/webotpi/ros2_ws/build/pi5_robot_description', 'env': OrderedDict({'LANGUAGE': 'zh_CN:en', 'USER': 'webotpi', 'SSH_CLIENT': '192.168.0.111 49972 22', 'LC_TIME': 'zh_CN.UTF-8', 'GZ_CONFIG_PATH': '/opt/ros/jazzy/opt/gz_sim_vendor/share/gz:/opt/ros/jazzy/opt/sdformat_vendor/share/gz:/opt/ros/jazzy/opt/gz_gui_vendor/share/gz:/opt/ros/jazzy/opt/gz_transport_vendor/share/gz:/opt/ros/jazzy/opt/gz_rendering_vendor/share/gz:/opt/ros/jazzy/opt/gz_plugin_vendor/share/gz:/opt/ros/jazzy/opt/gz_fuel_tools_vendor/share/gz:/opt/ros/jazzy/opt/gz_msgs_vendor/share/gz:/opt/ros/jazzy/opt/gz_common_vendor/share/gz', 'XDG_SESSION_TYPE': 'tty', 'SHLVL': '1', 'LD_LIBRARY_PATH': '/opt/ros/jazzy/opt/gz_sim_vendor/lib:/opt/ros/jazzy/opt/gz_sensors_vendor/lib:/opt/ros/jazzy/opt/gz_physics_vendor/lib:/opt/ros/jazzy/opt/sdformat_vendor/lib:/opt/ros/jazzy/opt/rviz_ogre_vendor/lib:/opt/ros/jazzy/lib/aarch64-linux-gnu:/opt/ros/jazzy/opt/gz_gui_vendor/lib:/opt/ros/jazzy/opt/gz_transport_vendor/lib:/opt/ros/jazzy/opt/gz_rendering_vendor/lib:/opt/ros/jazzy/opt/gz_plugin_vendor/lib:/opt/ros/jazzy/opt/gz_fuel_tools_vendor/lib:/opt/ros/jazzy/opt/gz_msgs_vendor/lib:/opt/ros/jazzy/opt/gz_common_vendor/lib:/opt/ros/jazzy/opt/gz_math_vendor/lib:/opt/ros/jazzy/opt/gz_utils_vendor/lib:/opt/ros/jazzy/opt/gz_tools_vendor/lib:/opt/ros/jazzy/opt/gz_ogre_next_vendor/lib:/opt/ros/jazzy/opt/gz_dartsim_vendor/lib:/opt/ros/jazzy/opt/gz_cmake_vendor/lib:/opt/ros/jazzy/lib', 'HOME': '/home/webotpi', 'OLDPWD': '/home/webotpi', 'ROS_PYTHON_VERSION': '3', 'LC_MONETARY': 'zh_CN.UTF-8', 'DBUS_SESSION_BUS_ADDRESS': 'unix:path=/run/user/1000/bus', 'ROS_DISTRO': 'jazzy', 'LOGNAME': 'webotpi', '_': '/usr/bin/colcon', 'ROS_VERSION': '2', 'XDG_SESSION_CLASS': 'user', 'XDG_SESSION_ID': '31', 'PATH': '/opt/ros/jazzy/opt/gz_msgs_vendor/bin:/opt/ros/jazzy/opt/gz_tools_vendor/bin:/opt/ros/jazzy/opt/gz_ogre_next_vendor/bin:/opt/ros/jazzy/bin:/usr/local/sbin:/usr/local/bin:/usr/sbin:/usr/bin:/sbin:/bin:/usr/games:/usr/local/games:/snap/bin', 'PAPERSIZE': 'a4', 'LC_ADDRESS': 'zh_CN.UTF-8', 'XDG_RUNTIME_DIR': '/run/user/1000', 'LANG': 'zh_CN.UTF-8', 'LC_TELEPHONE': 'zh_CN.UTF-8', 'AMENT_PREFIX_PATH': '/opt/ros/jazzy', 'SHELL': '/bin/bash', 'LC_NAME': 'zh_CN.UTF-8', 'LC_MEASUREMENT': 'zh_CN.UTF-8', 'LC_IDENTIFICATION': 'zh_CN.UTF-8', 'ROS_AUTOMATIC_DISCOVERY_RANGE': 'SUBNET', 'PWD': '/home/webotpi/ros2_ws/build/pi5_robot_description', 'SSH_CONNECTION': '192.168.0.111 49972 192.168.0.119 22', 'PYTHONPATH': '/opt/ros/jazzy/lib/python3.12/site-packages', 'LC_NUMERIC': 'zh_CN.UTF-8', 'LC_PAPER': 'zh_CN.UTF-8', 'COLCON': '1', 'CMAKE_PREFIX_PATH': '/opt/ros/jazzy/opt/gz_sim_vendor:/opt/ros/jazzy/opt/gz_sensors_vendor:/opt/ros/jazzy/opt/gz_physics_vendor:/opt/ros/jazzy/opt/sdformat_vendor:/opt/ros/jazzy/opt/gz_gui_vendor:/opt/ros/jazzy/opt/gz_transport_vendor:/opt/ros/jazzy/opt/gz_rendering_vendor:/opt/ros/jazzy/opt/gz_plugin_vendor:/opt/ros/jazzy/opt/gz_fuel_tools_vendor:/opt/ros/jazzy/opt/gz_msgs_vendor:/opt/ros/jazzy/opt/gz_common_vendor:/opt/ros/jazzy/opt/gz_math_vendor:/opt/ros/jazzy/opt/gz_utils_vendor:/opt/ros/jazzy/opt/gz_tools_vendor:/opt/ros/jazzy/opt/gz_ogre_next_vendor:/opt/ros/jazzy/opt/gz_dartsim_vendor:/opt/ros/jazzy/opt/gz_cmake_vendor:/opt/ros/jazzy'}), 'shell': False}
[0.623089] (deptrum-ros-driver-aurora930) StdoutLine: {'line': b'-- Detecting C compiler ABI info - done\n'}
[0.638073] (deptrum-ros-driver-aurora930) StdoutLine: {'line': b'-- Check for working C compiler: /usr/bin/cc - skipped\n'}
[0.638884] (deptrum-ros-driver-aurora930) StdoutLine: {'line': b'-- Detecting C compile features\n'}
[0.639561] (deptrum-ros-driver-aurora930) StdoutLine: {'line': b'-- Detecting C compile features - done\n'}
[0.660158] (deptrum-ros-driver-aurora930) StdoutLine: {'line': b'-- Detecting CXX compiler ABI info\n'}
[0.702428] (-) TimerEvent: {}
[0.802815] (-) TimerEvent: {}
[0.879228] (my_srv) StdoutLine: {'line': b'-- The C compiler identification is GNU 13.3.0\n'}
[0.886135] (pi5_robot_description) StdoutLine: {'line': b'-- The C compiler identification is GNU 13.3.0\n'}
[0.903192] (-) TimerEvent: {}
[1.003892] (-) TimerEvent: {}
[1.106436] (-) TimerEvent: {}
[1.156777] (my_srv) StdoutLine: {'line': b'-- The CXX compiler identification is GNU 13.3.0\n'}
[1.197883] (pi5_robot_description) StdoutLine: {'line': b'-- The CXX compiler identification is GNU 13.3.0\n'}
[1.206559] (-) TimerEvent: {}
[1.209590] (my_srv) StdoutLine: {'line': b'-- Detecting C compiler ABI info\n'}
[1.209873] (deptrum-ros-driver-aurora930) StdoutLine: {'line': b'-- Detecting CXX compiler ABI info - done\n'}
[1.237180] (deptrum-ros-driver-aurora930) StdoutLine: {'line': b'-- Check for working CXX compiler: /usr/bin/c++ - skipped\n'}
[1.238308] (deptrum-ros-driver-aurora930) StdoutLine: {'line': b'-- Detecting CXX compile features\n'}
[1.240547] (deptrum-ros-driver-aurora930) StdoutLine: {'line': b'-- Detecting CXX compile features - done\n'}
[1.254442] (pi5_robot_description) StdoutLine: {'line': b'-- Detecting C compiler ABI info\n'}
[1.254787] (deptrum-ros-driver-aurora930) StdoutLine: {'line': b'-- Found ament_cmake: 2.5.6 (/opt/ros/jazzy/share/ament_cmake/cmake)\n'}
[1.306665] (-) TimerEvent: {}
[1.411568] (-) TimerEvent: {}
[1.512684] (-) TimerEvent: {}
[1.553691] (my_srv) StdoutLine: {'line': b'-- Detecting C compiler ABI info - done\n'}
[1.595825] (my_srv) StdoutLine: {'line': b'-- Check for working C compiler: /usr/bin/cc - skipped\n'}
[1.596863] (my_srv) StdoutLine: {'line': b'-- Detecting C compile features\n'}
[1.597032] (my_srv) StdoutLine: {'line': b'-- Detecting C compile features - done\n'}
[1.613992] (-) TimerEvent: {}
[1.619203] (pi5_robot_description) StdoutLine: {'line': b'-- Detecting C compiler ABI info - done\n'}
[1.640933] (pi5_robot_description) StdoutLine: {'line': b'-- Check for working C compiler: /usr/bin/cc - skipped\n'}
[1.644329] (pi5_robot_description) StdoutLine: {'line': b'-- Detecting C compile features\n'}
[1.646398] (pi5_robot_description) StdoutLine: {'line': b'-- Detecting C compile features - done\n'}
[1.647624] (my_srv) StdoutLine: {'line': b'-- Detecting CXX compiler ABI info\n'}
[1.671642] (pi5_robot_description) StdoutLine: {'line': b'-- Detecting CXX compiler ABI info\n'}
[1.716390] (-) TimerEvent: {}
[1.807873] (deptrum-ros-driver-aurora930) StdoutLine: {'line': b'-- Found Python3: /usr/bin/python3 (found version "3.12.3") found components: Interpreter \n'}
[1.816656] (-) TimerEvent: {}
[1.916981] (-) TimerEvent: {}
[2.017435] (-) TimerEvent: {}
[2.083769] (my_srv) StdoutLine: {'line': b'-- Detecting CXX compiler ABI info - done\n'}
[2.100654] (pi5_robot_description) StdoutLine: {'line': b'-- Detecting CXX compiler ABI info - done\n'}
[2.109685] (my_srv) StdoutLine: {'line': b'-- Check for working CXX compiler: /usr/bin/c++ - skipped\n'}
[2.112384] (my_srv) StdoutLine: {'line': b'-- Detecting CXX compile features\n'}
[2.112740] (my_srv) StdoutLine: {'line': b'-- Detecting CXX compile features - done\n'}
[2.118060] (-) TimerEvent: {}
[2.123093] (my_srv) StdoutLine: {'line': b'-- Found ament_cmake: 2.5.6 (/opt/ros/jazzy/share/ament_cmake/cmake)\n'}
[2.130902] (pi5_robot_description) StdoutLine: {'line': b'-- Check for working CXX compiler: /usr/bin/c++ - skipped\n'}
[2.133828] (pi5_robot_description) StdoutLine: {'line': b'-- Detecting CXX compile features\n'}
[2.135421] (pi5_robot_description) StdoutLine: {'line': b'-- Detecting CXX compile features - done\n'}
[2.142582] (pi5_robot_description) StdoutLine: {'line': b'-- Found ament_cmake: 2.5.6 (/opt/ros/jazzy/share/ament_cmake/cmake)\n'}
[2.218224] (-) TimerEvent: {}
[2.246146] (deptrum-ros-driver-aurora930) StdoutLine: {'line': b'-- Found rclcpp: 28.1.18 (/opt/ros/jazzy/share/rclcpp/cmake)\n'}
[2.318578] (-) TimerEvent: {}
[2.418905] (-) TimerEvent: {}
[2.469298] (deptrum-ros-driver-aurora930) StdoutLine: {'line': b'-- Found rosidl_generator_c: 4.6.7 (/opt/ros/jazzy/share/rosidl_generator_c/cmake)\n'}
[2.519036] (-) TimerEvent: {}
[2.544318] (deptrum-ros-driver-aurora930) StdoutLine: {'line': b'-- Found rosidl_generator_cpp: 4.6.7 (/opt/ros/jazzy/share/rosidl_generator_cpp/cmake)\n'}
[2.619239] (-) TimerEvent: {}
[2.640983] (pi5_robot_description) StdoutLine: {'line': b'-- Found Python3: /usr/bin/python3 (found version "3.12.3") found components: Interpreter \n'}
[2.641793] (deptrum-ros-driver-aurora930) StdoutLine: {'line': b'-- Using all available rosidl_typesupport_c: rosidl_typesupport_fastrtps_c;rosidl_typesupport_introspection_c\n'}
[2.673133] (my_srv) StdoutLine: {'line': b'-- Found Python3: /usr/bin/python3 (found version "3.12.3") found components: Interpreter \n'}
[2.720098] (-) TimerEvent: {}
[2.752238] (deptrum-ros-driver-aurora930) StdoutLine: {'line': b'-- Using all available rosidl_typesupport_cpp: rosidl_typesupport_fastrtps_cpp;rosidl_typesupport_introspection_cpp\n'}
[2.820895] (-) TimerEvent: {}
[2.921145] (-) TimerEvent: {}
[3.023071] (-) TimerEvent: {}
[3.124361] (-) TimerEvent: {}
[3.126342] (my_srv) StdoutLine: {'line': b'-- Found cv_bridge: 4.1.0 (/opt/ros/jazzy/share/cv_bridge/cmake)\n'}
[3.130530] (deptrum-ros-driver-aurora930) StdoutLine: {'line': b'-- Found rmw_implementation_cmake: 7.3.3 (/opt/ros/jazzy/share/rmw_implementation_cmake/cmake)\n'}
[3.149125] (deptrum-ros-driver-aurora930) StdoutLine: {'line': b'-- Found rmw_fastrtps_cpp: 8.4.3 (/opt/ros/jazzy/share/rmw_fastrtps_cpp/cmake)\n'}
[3.225749] (-) TimerEvent: {}
[3.314858] (my_srv) StdoutLine: {'line': b'-- Found rosidl_generator_c: 4.6.7 (/opt/ros/jazzy/share/rosidl_generator_c/cmake)\n'}
[3.325871] (-) TimerEvent: {}
[3.329525] (pi5_robot_description) StdoutLine: {'line': b'-- Configuring done (2.7s)\n'}
[3.332902] (pi5_robot_description) StdoutLine: {'line': b'-- Generating done (0.0s)\n'}
[3.337597] (pi5_robot_description) StdoutLine: {'line': b'-- Build files have been written to: /home/webotpi/ros2_ws/build/pi5_robot_description\n'}
[3.355604] (pi5_robot_description) CommandEnded: {'returncode': 0}
[3.356365] (pi5_robot_description) JobProgress: {'identifier': 'pi5_robot_description', 'progress': 'build'}
[3.356403] (pi5_robot_description) Command: {'cmd': ['/usr/bin/cmake', '--build', '/home/webotpi/ros2_ws/build/pi5_robot_description', '--', '-j4', '-l4'], 'cwd': '/home/webotpi/ros2_ws/build/pi5_robot_description', 'env': OrderedDict({'LANGUAGE': 'zh_CN:en', 'USER': 'webotpi', 'SSH_CLIENT': '192.168.0.111 49972 22', 'LC_TIME': 'zh_CN.UTF-8', 'GZ_CONFIG_PATH': '/opt/ros/jazzy/opt/gz_sim_vendor/share/gz:/opt/ros/jazzy/opt/sdformat_vendor/share/gz:/opt/ros/jazzy/opt/gz_gui_vendor/share/gz:/opt/ros/jazzy/opt/gz_transport_vendor/share/gz:/opt/ros/jazzy/opt/gz_rendering_vendor/share/gz:/opt/ros/jazzy/opt/gz_plugin_vendor/share/gz:/opt/ros/jazzy/opt/gz_fuel_tools_vendor/share/gz:/opt/ros/jazzy/opt/gz_msgs_vendor/share/gz:/opt/ros/jazzy/opt/gz_common_vendor/share/gz', 'XDG_SESSION_TYPE': 'tty', 'SHLVL': '1', 'LD_LIBRARY_PATH': '/opt/ros/jazzy/opt/gz_sim_vendor/lib:/opt/ros/jazzy/opt/gz_sensors_vendor/lib:/opt/ros/jazzy/opt/gz_physics_vendor/lib:/opt/ros/jazzy/opt/sdformat_vendor/lib:/opt/ros/jazzy/opt/rviz_ogre_vendor/lib:/opt/ros/jazzy/lib/aarch64-linux-gnu:/opt/ros/jazzy/opt/gz_gui_vendor/lib:/opt/ros/jazzy/opt/gz_transport_vendor/lib:/opt/ros/jazzy/opt/gz_rendering_vendor/lib:/opt/ros/jazzy/opt/gz_plugin_vendor/lib:/opt/ros/jazzy/opt/gz_fuel_tools_vendor/lib:/opt/ros/jazzy/opt/gz_msgs_vendor/lib:/opt/ros/jazzy/opt/gz_common_vendor/lib:/opt/ros/jazzy/opt/gz_math_vendor/lib:/opt/ros/jazzy/opt/gz_utils_vendor/lib:/opt/ros/jazzy/opt/gz_tools_vendor/lib:/opt/ros/jazzy/opt/gz_ogre_next_vendor/lib:/opt/ros/jazzy/opt/gz_dartsim_vendor/lib:/opt/ros/jazzy/opt/gz_cmake_vendor/lib:/opt/ros/jazzy/lib', 'HOME': '/home/webotpi', 'OLDPWD': '/home/webotpi', 'ROS_PYTHON_VERSION': '3', 'LC_MONETARY': 'zh_CN.UTF-8', 'DBUS_SESSION_BUS_ADDRESS': 'unix:path=/run/user/1000/bus', 'ROS_DISTRO': 'jazzy', 'LOGNAME': 'webotpi', '_': '/usr/bin/colcon', 'ROS_VERSION': '2', 'XDG_SESSION_CLASS': 'user', 'XDG_SESSION_ID': '31', 'PATH': '/opt/ros/jazzy/opt/gz_msgs_vendor/bin:/opt/ros/jazzy/opt/gz_tools_vendor/bin:/opt/ros/jazzy/opt/gz_ogre_next_vendor/bin:/opt/ros/jazzy/bin:/usr/local/sbin:/usr/local/bin:/usr/sbin:/usr/bin:/sbin:/bin:/usr/games:/usr/local/games:/snap/bin', 'PAPERSIZE': 'a4', 'LC_ADDRESS': 'zh_CN.UTF-8', 'XDG_RUNTIME_DIR': '/run/user/1000', 'LANG': 'zh_CN.UTF-8', 'LC_TELEPHONE': 'zh_CN.UTF-8', 'AMENT_PREFIX_PATH': '/opt/ros/jazzy', 'SHELL': '/bin/bash', 'LC_NAME': 'zh_CN.UTF-8', 'LC_MEASUREMENT': 'zh_CN.UTF-8', 'LC_IDENTIFICATION': 'zh_CN.UTF-8', 'ROS_AUTOMATIC_DISCOVERY_RANGE': 'SUBNET', 'PWD': '/home/webotpi/ros2_ws/build/pi5_robot_description', 'SSH_CONNECTION': '192.168.0.111 49972 192.168.0.119 22', 'PYTHONPATH': '/opt/ros/jazzy/lib/python3.12/site-packages', 'LC_NUMERIC': 'zh_CN.UTF-8', 'LC_PAPER': 'zh_CN.UTF-8', 'COLCON': '1', 'CMAKE_PREFIX_PATH': '/opt/ros/jazzy/opt/gz_sim_vendor:/opt/ros/jazzy/opt/gz_sensors_vendor:/opt/ros/jazzy/opt/gz_physics_vendor:/opt/ros/jazzy/opt/sdformat_vendor:/opt/ros/jazzy/opt/gz_gui_vendor:/opt/ros/jazzy/opt/gz_transport_vendor:/opt/ros/jazzy/opt/gz_rendering_vendor:/opt/ros/jazzy/opt/gz_plugin_vendor:/opt/ros/jazzy/opt/gz_fuel_tools_vendor:/opt/ros/jazzy/opt/gz_msgs_vendor:/opt/ros/jazzy/opt/gz_common_vendor:/opt/ros/jazzy/opt/gz_math_vendor:/opt/ros/jazzy/opt/gz_utils_vendor:/opt/ros/jazzy/opt/gz_tools_vendor:/opt/ros/jazzy/opt/gz_ogre_next_vendor:/opt/ros/jazzy/opt/gz_dartsim_vendor:/opt/ros/jazzy/opt/gz_cmake_vendor:/opt/ros/jazzy'}), 'shell': False}
[3.361148] (my_srv) StdoutLine: {'line': b'-- Found rosidl_generator_cpp: 4.6.7 (/opt/ros/jazzy/share/rosidl_generator_cpp/cmake)\n'}
[3.406125] (my_srv) StdoutLine: {'line': b'-- Using all available rosidl_typesupport_c: rosidl_typesupport_fastrtps_c;rosidl_typesupport_introspection_c\n'}
[3.427357] (-) TimerEvent: {}
[3.467054] (pi5_robot_description) CommandEnded: {'returncode': 0}
[3.468675] (pi5_robot_description) JobProgress: {'identifier': 'pi5_robot_description', 'progress': 'install'}
[3.515885] (pi5_robot_description) Command: {'cmd': ['/usr/bin/cmake', '--install', '/home/webotpi/ros2_ws/build/pi5_robot_description'], 'cwd': '/home/webotpi/ros2_ws/build/pi5_robot_description', 'env': OrderedDict({'LANGUAGE': 'zh_CN:en', 'USER': 'webotpi', 'SSH_CLIENT': '192.168.0.111 49972 22', 'LC_TIME': 'zh_CN.UTF-8', 'GZ_CONFIG_PATH': '/opt/ros/jazzy/opt/gz_sim_vendor/share/gz:/opt/ros/jazzy/opt/sdformat_vendor/share/gz:/opt/ros/jazzy/opt/gz_gui_vendor/share/gz:/opt/ros/jazzy/opt/gz_transport_vendor/share/gz:/opt/ros/jazzy/opt/gz_rendering_vendor/share/gz:/opt/ros/jazzy/opt/gz_plugin_vendor/share/gz:/opt/ros/jazzy/opt/gz_fuel_tools_vendor/share/gz:/opt/ros/jazzy/opt/gz_msgs_vendor/share/gz:/opt/ros/jazzy/opt/gz_common_vendor/share/gz', 'XDG_SESSION_TYPE': 'tty', 'SHLVL': '1', 'LD_LIBRARY_PATH': '/opt/ros/jazzy/opt/gz_sim_vendor/lib:/opt/ros/jazzy/opt/gz_sensors_vendor/lib:/opt/ros/jazzy/opt/gz_physics_vendor/lib:/opt/ros/jazzy/opt/sdformat_vendor/lib:/opt/ros/jazzy/opt/rviz_ogre_vendor/lib:/opt/ros/jazzy/lib/aarch64-linux-gnu:/opt/ros/jazzy/opt/gz_gui_vendor/lib:/opt/ros/jazzy/opt/gz_transport_vendor/lib:/opt/ros/jazzy/opt/gz_rendering_vendor/lib:/opt/ros/jazzy/opt/gz_plugin_vendor/lib:/opt/ros/jazzy/opt/gz_fuel_tools_vendor/lib:/opt/ros/jazzy/opt/gz_msgs_vendor/lib:/opt/ros/jazzy/opt/gz_common_vendor/lib:/opt/ros/jazzy/opt/gz_math_vendor/lib:/opt/ros/jazzy/opt/gz_utils_vendor/lib:/opt/ros/jazzy/opt/gz_tools_vendor/lib:/opt/ros/jazzy/opt/gz_ogre_next_vendor/lib:/opt/ros/jazzy/opt/gz_dartsim_vendor/lib:/opt/ros/jazzy/opt/gz_cmake_vendor/lib:/opt/ros/jazzy/lib', 'HOME': '/home/webotpi', 'OLDPWD': '/home/webotpi', 'ROS_PYTHON_VERSION': '3', 'LC_MONETARY': 'zh_CN.UTF-8', 'DBUS_SESSION_BUS_ADDRESS': 'unix:path=/run/user/1000/bus', 'ROS_DISTRO': 'jazzy', 'LOGNAME': 'webotpi', '_': '/usr/bin/colcon', 'ROS_VERSION': '2', 'XDG_SESSION_CLASS': 'user', 'XDG_SESSION_ID': '31', 'PATH': '/opt/ros/jazzy/opt/gz_msgs_vendor/bin:/opt/ros/jazzy/opt/gz_tools_vendor/bin:/opt/ros/jazzy/opt/gz_ogre_next_vendor/bin:/opt/ros/jazzy/bin:/usr/local/sbin:/usr/local/bin:/usr/sbin:/usr/bin:/sbin:/bin:/usr/games:/usr/local/games:/snap/bin', 'PAPERSIZE': 'a4', 'LC_ADDRESS': 'zh_CN.UTF-8', 'XDG_RUNTIME_DIR': '/run/user/1000', 'LANG': 'zh_CN.UTF-8', 'LC_TELEPHONE': 'zh_CN.UTF-8', 'AMENT_PREFIX_PATH': '/opt/ros/jazzy', 'SHELL': '/bin/bash', 'LC_NAME': 'zh_CN.UTF-8', 'LC_MEASUREMENT': 'zh_CN.UTF-8', 'LC_IDENTIFICATION': 'zh_CN.UTF-8', 'ROS_AUTOMATIC_DISCOVERY_RANGE': 'SUBNET', 'PWD': '/home/webotpi/ros2_ws/build/pi5_robot_description', 'SSH_CONNECTION': '192.168.0.111 49972 192.168.0.119 22', 'PYTHONPATH': '/opt/ros/jazzy/lib/python3.12/site-packages', 'LC_NUMERIC': 'zh_CN.UTF-8', 'LC_PAPER': 'zh_CN.UTF-8', 'COLCON': '1', 'CMAKE_PREFIX_PATH': '/opt/ros/jazzy/opt/gz_sim_vendor:/opt/ros/jazzy/opt/gz_sensors_vendor:/opt/ros/jazzy/opt/gz_physics_vendor:/opt/ros/jazzy/opt/sdformat_vendor:/opt/ros/jazzy/opt/gz_gui_vendor:/opt/ros/jazzy/opt/gz_transport_vendor:/opt/ros/jazzy/opt/gz_rendering_vendor:/opt/ros/jazzy/opt/gz_plugin_vendor:/opt/ros/jazzy/opt/gz_fuel_tools_vendor:/opt/ros/jazzy/opt/gz_msgs_vendor:/opt/ros/jazzy/opt/gz_common_vendor:/opt/ros/jazzy/opt/gz_math_vendor:/opt/ros/jazzy/opt/gz_utils_vendor:/opt/ros/jazzy/opt/gz_tools_vendor:/opt/ros/jazzy/opt/gz_ogre_next_vendor:/opt/ros/jazzy/opt/gz_dartsim_vendor:/opt/ros/jazzy/opt/gz_cmake_vendor:/opt/ros/jazzy'}), 'shell': False}
[3.517081] (my_srv) StdoutLine: {'line': b'-- Using all available rosidl_typesupport_cpp: rosidl_typesupport_fastrtps_cpp;rosidl_typesupport_introspection_cpp\n'}
[3.528342] (-) TimerEvent: {}
[3.543658] (pi5_robot_description) StdoutLine: {'line': b'-- Install configuration: ""\n'}
[3.543960] (pi5_robot_description) StdoutLine: {'line': b'-- Installing: /home/webotpi/ros2_ws/install/pi5_robot_description/share/pi5_robot_description/urdf\n'}
[3.544122] (pi5_robot_description) StdoutLine: {'line': b'-- Installing: /home/webotpi/ros2_ws/install/pi5_robot_description/share/pi5_robot_description/urdf/arm_car.urdf.bak2\n'}
[3.544529] (pi5_robot_description) StdoutLine: {'line': b'-- Installing: /home/webotpi/ros2_ws/install/pi5_robot_description/share/pi5_robot_description/urdf/arm_car.urdf.bak\n'}
[3.544810] (pi5_robot_description) StdoutLine: {'line': b'-- Installing: /home/webotpi/ros2_ws/install/pi5_robot_description/share/pi5_robot_description/urdf/arm_car.urdf\n'}
[3.544940] (pi5_robot_description) StdoutLine: {'line': b'-- Installing: /home/webotpi/ros2_ws/install/pi5_robot_description/share/pi5_robot_description/urdf/pi5_arm_robot.urdf.xacro.bak\n'}
[3.545030] (pi5_robot_description) StdoutLine: {'line': b'-- Installing: /home/webotpi/ros2_ws/install/pi5_robot_description/share/pi5_robot_description/urdf/arm_car.urdf.bak_mirror\n'}
[3.545118] (pi5_robot_description) StdoutLine: {'line': b'-- Installing: /home/webotpi/ros2_ws/install/pi5_robot_description/share/pi5_robot_description/urdf/pi5_arm_car.urdf.xacro\n'}
[3.545230] (pi5_robot_description) StdoutLine: {'line': b'-- Installing: /home/webotpi/ros2_ws/install/pi5_robot_description/share/pi5_robot_description/urdf/arm_car.urdf.bak_20260817_110004\n'}
[3.545399] (pi5_robot_description) StdoutLine: {'line': b'-- Installing: /home/webotpi/ros2_ws/install/pi5_robot_description/share/pi5_robot_description/urdf/pi5_arm_robot.urdf.xacro\n'}
[3.545677] (pi5_robot_description) StdoutLine: {'line': b'-- Installing: /home/webotpi/ros2_ws/install/pi5_robot_description/share/pi5_robot_description/launch\n'}
[3.545837] (pi5_robot_description) StdoutLine: {'line': b'-- Installing: /home/webotpi/ros2_ws/install/pi5_robot_description/share/pi5_robot_description/launch/nav2_navigation.launch.py\n'}
[3.546040] (pi5_robot_description) StdoutLine: {'line': b'-- Installing: /home/webotpi/ros2_ws/install/pi5_robot_description/share/pi5_robot_description/launch/__pycache__\n'}
[3.546176] (pi5_robot_description) StdoutLine: {'line': b'-- Installing: /home/webotpi/ros2_ws/install/pi5_robot_description/share/pi5_robot_description/launch/__pycache__/rtabmap_3d_mapping.launch.cpython-312.pyc\n'}
[3.546327] (pi5_robot_description) StdoutLine: {'line': b'-- Installing: /home/webotpi/ros2_ws/install/pi5_robot_description/share/pi5_robot_description/launch/nav2_navigation_with_depth.launch.py\n'}
[3.546436] (pi5_robot_description) StdoutLine: {'line': b'-- Installing: /home/webotpi/ros2_ws/install/pi5_robot_description/share/pi5_robot_description/launch/voice_navigation.launch.py\n'}
[3.546591] (pi5_robot_description) StdoutLine: {'line': b'-- Installing: /home/webotpi/ros2_ws/install/pi5_robot_description/share/pi5_robot_description/launch/view_robot.launch.py\n'}
[3.547435] (pi5_robot_description) StdoutLine: {'line': b'-- Installing: /home/webotpi/ros2_ws/install/pi5_robot_description/share/pi5_robot_description/launch/slam_mapping.launch.py\n'}
[3.547610] (pi5_robot_description) StdoutLine: {'line': b'-- Installing: /home/webotpi/ros2_ws/install/pi5_robot_description/share/pi5_robot_description/launch/rtabmap_3d_mapping.launch.py\n'}
[3.548287] (pi5_robot_description) StdoutLine: {'line': b'-- Installing: /home/webotpi/ros2_ws/install/pi5_robot_description/share/pi5_robot_description/launch/multi_waypoint_navigation.launch.py\n'}
[3.548841] (pi5_robot_description) StdoutLine: {'line': b'-- Installing: /home/webotpi/ros2_ws/install/pi5_robot_description/share/pi5_robot_description/launch/rtabmap_3d_mapping.launch.py.bak_20260817_110004\n'}
[3.549407] (pi5_robot_description) StdoutLine: {'line': b'-- Installing: /home/webotpi/ros2_ws/install/pi5_robot_description/share/pi5_robot_description/launch/rtabmap_3d_mapping.launch.py.bak\n'}
[3.550077] (pi5_robot_description) StdoutLine: {'line': b'-- Installing: /home/webotpi/ros2_ws/install/pi5_robot_description/share/pi5_robot_description/launch/rtabmap_3d_mapping.launch.py.bak2\n'}
[3.553989] (pi5_robot_description) StdoutLine: {'line': b'-- Installing: /home/webotpi/ros2_ws/install/pi5_robot_description/share/pi5_robot_description/config\n'}
[3.554510] (pi5_robot_description) StdoutLine: {'line': b'-- Installing: /home/webotpi/ros2_ws/install/pi5_robot_description/share/pi5_robot_description/config/rtabmap.rviz\n'}
[3.554633] (pi5_robot_description) StdoutLine: {'line': b'-- Installing: /home/webotpi/ros2_ws/install/pi5_robot_description/share/pi5_robot_description/config/view_robot.rviz\n'}
[3.554718] (pi5_robot_description) StdoutLine: {'line': b'-- Installing: /home/webotpi/ros2_ws/install/pi5_robot_description/share/pi5_robot_description/config/nav2_params.yaml\n'}
[3.554799] (pi5_robot_description) StdoutLine: {'line': b'-- Installing: /home/webotpi/ros2_ws/install/pi5_robot_description/share/pi5_robot_description/config/nav2_params.yaml.bak2\n'}
[3.554911] (pi5_robot_description) StdoutLine: {'line': b'-- Installing: /home/webotpi/ros2_ws/install/pi5_robot_description/share/pi5_robot_description/config/slam_toolbox_mapping.yaml\n'}
[3.554994] (pi5_robot_description) StdoutLine: {'line': b'-- Installing: /home/webotpi/ros2_ws/install/pi5_robot_description/share/pi5_robot_description/config/waypoint_nav.rviz\n'}
[3.555089] (pi5_robot_description) StdoutLine: {'line': b'-- Installing: /home/webotpi/ros2_ws/install/pi5_robot_description/share/pi5_robot_description/config/collision_monitor_params.yaml\n'}
[3.555188] (pi5_robot_description) StdoutLine: {'line': b'-- Installing: /home/webotpi/ros2_ws/install/pi5_robot_description/share/pi5_robot_description/config/named_waypoints.yaml\n'}
[3.555315] (pi5_robot_description) StdoutLine: {'line': b'-- Installing: /home/webotpi/ros2_ws/install/pi5_robot_description/share/pi5_robot_description/config/arm_horizontal.yaml\n'}
[3.555442] (pi5_robot_description) StdoutLine: {'line': b'-- Installing: /home/webotpi/ros2_ws/install/pi5_robot_description/share/pi5_robot_description/config/collision_monitor_params_backup.yaml\n'}
[3.555538] (pi5_robot_description) StdoutLine: {'line': b'-- Installing: /home/webotpi/ros2_ws/install/pi5_robot_description/share/pi5_robot_description/config/nav2.rviz\n'}
[3.555631] (pi5_robot_description) StdoutLine: {'line': b'-- Installing: /home/webotpi/ros2_ws/install/pi5_robot_description/share/pi5_robot_description/config/nav2_params_rpp_backup.yaml\n'}
[3.555715] (pi5_robot_description) StdoutLine: {'line': b'-- Installing: /home/webotpi/ros2_ws/install/pi5_robot_description/share/pi5_robot_description/config/nav2_params.yaml.bak\n'}
[3.555797] (pi5_robot_description) StdoutLine: {'line': b'-- Installing: /home/webotpi/ros2_ws/install/pi5_robot_description/share/pi5_robot_description/meshes\n'}
[3.556217] (pi5_robot_description) StdoutLine: {'line': b'-- Installing: /home/webotpi/ros2_ws/install/pi5_robot_description/share/pi5_robot_description/meshes/Link5.STL\n'}
[3.558124] (pi5_robot_description) StdoutLine: {'line': b'-- Installing: /home/webotpi/ros2_ws/install/pi5_robot_description/share/pi5_robot_description/meshes/lbw.STL\n'}
[3.564054] (deptrum-ros-driver-aurora930) StdoutLine: {'line': b'-- Found OpenSSL: /usr/lib/aarch64-linux-gnu/libcrypto.so (found version "3.0.13")  \n'}
[3.566520] (pi5_robot_description) StdoutLine: {'line': b'-- Installing: /home/webotpi/ros2_ws/install/pi5_robot_description/share/pi5_robot_description/meshes/arm_Link3.STL\n'}
[3.571733] (pi5_robot_description) StdoutLine: {'line': b'-- Installing: /home/webotpi/ros2_ws/install/pi5_robot_description/share/pi5_robot_description/meshes/arm_Link1.STL\n'}
[3.572023] (pi5_robot_description) StdoutLine: {'line': b'-- Installing: /home/webotpi/ros2_ws/install/pi5_robot_description/share/pi5_robot_description/meshes/Link6.STL\n'}
[3.572921] (pi5_robot_description) StdoutLine: {'line': b'-- Installing: /home/webotpi/ros2_ws/install/pi5_robot_description/share/pi5_robot_description/meshes/link4.STL\n'}
[3.575020] (pi5_robot_description) StdoutLine: {'line': b'-- Installing: /home/webotpi/ros2_ws/install/pi5_robot_description/share/pi5_robot_description/meshes/Link2.STL\n'}
[3.576790] (pi5_robot_description) StdoutLine: {'line': b'-- Installing: /home/webotpi/ros2_ws/install/pi5_robot_description/share/pi5_robot_description/meshes/arm_Link8_r.STL\n'}
[3.579502] (pi5_robot_description) StdoutLine: {'line': b'-- Installing: /home/webotpi/ros2_ws/install/pi5_robot_description/share/pi5_robot_description/meshes/base_link.STL\n'}
[3.587812] (pi5_robot_description) StdoutLine: {'line': b'-- Installing: /home/webotpi/ros2_ws/install/pi5_robot_description/share/pi5_robot_description/meshes/lfw.STL\n'}
[3.598508] (pi5_robot_description) StdoutLine: {'line': b'-- Installing: /home/webotpi/ros2_ws/install/pi5_robot_description/share/pi5_robot_description/meshes/rbw.STL\n'}
[3.603374] (pi5_robot_description) StdoutLine: {'line': b'-- Installing: /home/webotpi/ros2_ws/install/pi5_robot_description/share/pi5_robot_description/meshes/link8_r.STL\n'}
[3.606170] (pi5_robot_description) StdoutLine: {'line': b'-- Installing: /home/webotpi/ros2_ws/install/pi5_robot_description/share/pi5_robot_description/meshes/arm_Link9_l.STL\n'}
[3.608317] (pi5_robot_description) StdoutLine: {'line': b'-- Installing: /home/webotpi/ros2_ws/install/pi5_robot_description/share/pi5_robot_description/meshes/arm_Link7_r.STL\n'}
[3.611588] (pi5_robot_description) StdoutLine: {'line': b'-- Installing: /home/webotpi/ros2_ws/install/pi5_robot_description/share/pi5_robot_description/meshes/arm_Link5.STL\n'}
[3.612010] (pi5_robot_description) StdoutLine: {'line': b'-- Installing: /home/webotpi/ros2_ws/install/pi5_robot_description/share/pi5_robot_description/meshes/Link4.STL\n'}
[3.612125] (pi5_robot_description) StdoutLine: {'line': b'-- Installing: /home/webotpi/ros2_ws/install/pi5_robot_description/share/pi5_robot_description/meshes/link6_r.STL\n'}
[3.612227] (pi5_robot_description) StdoutLine: {'line': b'-- Installing: /home/webotpi/ros2_ws/install/pi5_robot_description/share/pi5_robot_description/meshes/Link7.STL\n'}
[3.614206] (pi5_robot_description) StdoutLine: {'line': b'-- Installing: /home/webotpi/ros2_ws/install/pi5_robot_description/share/pi5_robot_description/meshes/arm_Link11_l.STL\n'}
[3.615878] (pi5_robot_description) StdoutLine: {'line': b'-- Installing: /home/webotpi/ros2_ws/install/pi5_robot_description/share/pi5_robot_description/meshes/Link3.STL\n'}
[3.617949] (pi5_robot_description) StdoutLine: {'line': b'-- Installing: /home/webotpi/ros2_ws/install/pi5_robot_description/share/pi5_robot_description/meshes/arm_Link2.STL\n'}
[3.620241] (pi5_robot_description) StdoutLine: {'line': b'-- Installing: /home/webotpi/ros2_ws/install/pi5_robot_description/share/pi5_robot_description/meshes/link2.STL\n'}
[3.620722] (pi5_robot_description) StdoutLine: {'line': b'-- Installing: /home/webotpi/ros2_ws/install/pi5_robot_description/share/pi5_robot_description/meshes/link9_l.STL\n'}
[3.620898] (pi5_robot_description) StdoutLine: {'line': b'-- Installing: /home/webotpi/ros2_ws/install/pi5_robot_description/share/pi5_robot_description/meshes/arm_Link4.STL\n'}
[3.623023] (pi5_robot_description) StdoutLine: {'line': b'-- Installing: /home/webotpi/ros2_ws/install/pi5_robot_description/share/pi5_robot_description/meshes/link3.STL\n'}
[3.625685] (deptrum-ros-driver-aurora930) StdoutLine: {'line': b'-- Found FastRTPS: /opt/ros/jazzy/include (Required is at least version "2.13") \n'}
[3.625930] (pi5_robot_description) StdoutLine: {'line': b'-- Installing: /home/webotpi/ros2_ws/install/pi5_robot_description/share/pi5_robot_description/meshes/link1.STL\n'}
[3.626700] (pi5_robot_description) StdoutLine: {'line': b'-- Installing: /home/webotpi/ros2_ws/install/pi5_robot_description/share/pi5_robot_description/meshes/link11_l.STL\n'}
[3.627953] (pi5_robot_description) StdoutLine: {'line': b'-- Installing: /home/webotpi/ros2_ws/install/pi5_robot_description/share/pi5_robot_description/meshes/link5.STL\n'}
[3.628421] (-) TimerEvent: {}
[3.630208] (pi5_robot_description) StdoutLine: {'line': b'-- Installing: /home/webotpi/ros2_ws/install/pi5_robot_description/share/pi5_robot_description/meshes/rfw.STL\n'}
[3.642864] (pi5_robot_description) StdoutLine: {'line': b'-- Installing: /home/webotpi/ros2_ws/install/pi5_robot_description/share/pi5_robot_description/meshes/link10_l.STL\n'}
[3.682126] (deptrum-ros-driver-aurora930) StdoutLine: {'line': b"-- Using RMW implementation 'rmw_fastrtps_cpp' as default\n"}
[3.706570] (pi5_robot_description) StdoutLine: {'line': b'-- Installing: /home/webotpi/ros2_ws/install/pi5_robot_description/share/pi5_robot_description/meshes/link7_r.STL\n'}
[3.722777] (pi5_robot_description) StdoutLine: {'line': b'-- Installing: /home/webotpi/ros2_ws/install/pi5_robot_description/share/pi5_robot_description/meshes/arm_Link10_l.STL\n'}
[3.722992] (pi5_robot_description) StdoutLine: {'line': b'-- Installing: /home/webotpi/ros2_ws/install/pi5_robot_description/share/pi5_robot_description/meshes/arm_base_link.STL\n'}
[3.723154] (pi5_robot_description) StdoutLine: {'line': b'-- Installing: /home/webotpi/ros2_ws/install/pi5_robot_description/share/pi5_robot_description/meshes/Link1.STL\n'}
[3.723366] (pi5_robot_description) StdoutLine: {'line': b'-- Installing: /home/webotpi/ros2_ws/install/pi5_robot_description/share/pi5_robot_description/meshes/arm_Link6_r.STL\n'}
[3.723528] (pi5_robot_description) StdoutLine: {'line': b'-- Installing: /home/webotpi/ros2_ws/install/pi5_robot_description/lib/pi5_robot_description/odom_only_node.py\n'}
[3.723663] (pi5_robot_description) StdoutLine: {'line': b'-- Installing: /home/webotpi/ros2_ws/install/pi5_robot_description/lib/pi5_robot_description/cmd_vel_bridge_node.py\n'}
[3.723796] (pi5_robot_description) StdoutLine: {'line': b'-- Installing: /home/webotpi/ros2_ws/install/pi5_robot_description/lib/pi5_robot_description/goal_pose_bridge.py\n'}
[3.723910] (pi5_robot_description) StdoutLine: {'line': b'-- Installing: /home/webotpi/ros2_ws/install/pi5_robot_description/lib/pi5_robot_description/waypoint_navigator.py\n'}
[3.724111] (pi5_robot_description) StdoutLine: {'line': b'-- Installing: /home/webotpi/ros2_ws/install/pi5_robot_description/lib/pi5_robot_description/nav_executor_node.py\n'}
[3.724412] (pi5_robot_description) StdoutLine: {'line': b'-- Installing: /home/webotpi/ros2_ws/install/pi5_robot_description/lib/pi5_robot_description/yolo_zone_detect_node.py\n'}
[3.724577] (pi5_robot_description) StdoutLine: {'line': b'-- Installing: /home/webotpi/ros2_ws/install/pi5_robot_description/lib/pi5_robot_description/arm_fixed_pose_node.py\n'}
[3.724735] (pi5_robot_description) StdoutLine: {'line': b'-- Installing: /home/webotpi/ros2_ws/install/pi5_robot_description/lib/pi5_robot_description/depth_convert_node.py\n'}
[3.724907] (pi5_robot_description) StdoutLine: {'line': b'-- Installing: /home/webotpi/ros2_ws/install/pi5_robot_description/lib/pi5_robot_description/save_map.sh\n'}
[3.725018] (pi5_robot_description) StdoutLine: {'line': b'-- Installing: /home/webotpi/ros2_ws/install/pi5_robot_description/lib/pi5_robot_description/verify_urdf.sh\n'}
[3.725114] (pi5_robot_description) StdoutLine: {'line': b'-- Installing: /home/webotpi/ros2_ws/install/pi5_robot_description/lib/pi5_robot_description/waypoint_control.sh\n'}
[3.725228] (pi5_robot_description) StdoutLine: {'line': b'-- Installing: /home/webotpi/ros2_ws/install/pi5_robot_description/share/ament_index/resource_index/package_run_dependencies/pi5_robot_description\n'}
[3.725673] (pi5_robot_description) StdoutLine: {'line': b'-- Installing: /home/webotpi/ros2_ws/install/pi5_robot_description/share/ament_index/resource_index/parent_prefix_path/pi5_robot_description\n'}
[3.725805] (pi5_robot_description) StdoutLine: {'line': b'-- Installing: /home/webotpi/ros2_ws/install/pi5_robot_description/share/pi5_robot_description/environment/ament_prefix_path.sh\n'}
[3.725897] (pi5_robot_description) StdoutLine: {'line': b'-- Installing: /home/webotpi/ros2_ws/install/pi5_robot_description/share/pi5_robot_description/environment/ament_prefix_path.dsv\n'}
[3.725986] (pi5_robot_description) StdoutLine: {'line': b'-- Installing: /home/webotpi/ros2_ws/install/pi5_robot_description/share/pi5_robot_description/environment/path.sh\n'}
[3.726073] (pi5_robot_description) StdoutLine: {'line': b'-- Installing: /home/webotpi/ros2_ws/install/pi5_robot_description/share/pi5_robot_description/environment/path.dsv\n'}
[3.726158] (pi5_robot_description) StdoutLine: {'line': b'-- Installing: /home/webotpi/ros2_ws/install/pi5_robot_description/share/pi5_robot_description/local_setup.bash\n'}
[3.726246] (pi5_robot_description) StdoutLine: {'line': b'-- Installing: /home/webotpi/ros2_ws/install/pi5_robot_description/share/pi5_robot_description/local_setup.sh\n'}
[3.726437] (pi5_robot_description) StdoutLine: {'line': b'-- Installing: /home/webotpi/ros2_ws/install/pi5_robot_description/share/pi5_robot_description/local_setup.zsh\n'}
[3.726525] (pi5_robot_description) StdoutLine: {'line': b'-- Installing: /home/webotpi/ros2_ws/install/pi5_robot_description/share/pi5_robot_description/local_setup.dsv\n'}
[3.726613] (pi5_robot_description) StdoutLine: {'line': b'-- Installing: /home/webotpi/ros2_ws/install/pi5_robot_description/share/pi5_robot_description/package.dsv\n'}
[3.726699] (pi5_robot_description) StdoutLine: {'line': b'-- Installing: /home/webotpi/ros2_ws/install/pi5_robot_description/share/ament_index/resource_index/packages/pi5_robot_description\n'}
[3.726791] (pi5_robot_description) StdoutLine: {'line': b'-- Installing: /home/webotpi/ros2_ws/install/pi5_robot_description/share/pi5_robot_description/cmake/pi5_robot_descriptionConfig.cmake\n'}
[3.726957] (pi5_robot_description) StdoutLine: {'line': b'-- Installing: /home/webotpi/ros2_ws/install/pi5_robot_description/share/pi5_robot_description/cmake/pi5_robot_descriptionConfig-version.cmake\n'}
[3.727064] (pi5_robot_description) StdoutLine: {'line': b'-- Installing: /home/webotpi/ros2_ws/install/pi5_robot_description/share/pi5_robot_description/package.xml\n'}
[3.728498] (-) TimerEvent: {}
[3.729334] (pi5_robot_description) CommandEnded: {'returncode': 0}
[3.828599] (-) TimerEvent: {}
[3.833055] (pi5_robot_description) JobEnded: {'identifier': 'pi5_robot_description', 'rc': 0}
[3.834247] (py_pkg) JobStarted: {'identifier': 'py_pkg'}
[3.928747] (-) TimerEvent: {}
[4.029160] (-) TimerEvent: {}
[4.131553] (-) TimerEvent: {}
[4.231814] (-) TimerEvent: {}
[4.332440] (-) TimerEvent: {}
[4.432711] (-) TimerEvent: {}
[4.533062] (-) TimerEvent: {}
[4.589352] (my_srv) StdoutLine: {'line': b'-- Found rmw_implementation_cmake: 7.3.3 (/opt/ros/jazzy/share/rmw_implementation_cmake/cmake)\n'}
[4.591530] (my_srv) StdoutLine: {'line': b'-- Found rmw_fastrtps_cpp: 8.4.3 (/opt/ros/jazzy/share/rmw_fastrtps_cpp/cmake)\n'}
[4.591710] (my_srv) StdoutLine: {'line': b'-- Found OpenSSL: /usr/lib/aarch64-linux-gnu/libcrypto.so (found version "3.0.13")  \n'}
[4.591866] (my_srv) StdoutLine: {'line': b'-- Found FastRTPS: /opt/ros/jazzy/include (Required is at least version "2.13") \n'}
[4.591964] (my_srv) StdoutLine: {'line': b"-- Using RMW implementation 'rmw_fastrtps_cpp' as default\n"}
[4.592046] (deptrum-ros-driver-aurora930) StdoutLine: {'line': b'-- STREAM_SDK_TYPE: STELLAR400\n'}
[4.592193] (deptrum-ros-driver-aurora930) StdoutLine: {'line': b'-- SYSTEM_PLATFORM: -\n'}
[4.592313] (deptrum-ros-driver-aurora930) StdoutLine: {'line': b'-- Download deptrum-stream-stellar400---v1.1.2-18.04.tar.gz from http://192.168.104.3/data/ci_release/deptrum-stream/stellar400/release/-/deptrum-stream-stellar400---v1.1.2-18.04.tar.gz\n'}
[4.592407] (my_launch_pkg) Command: {'cmd': ['/usr/bin/python3', '-W', 'ignore:setup.py install is deprecated', '-W', 'ignore:easy_install command is deprecated', 'setup.py', 'egg_info', '--egg-base', '../../build/my_launch_pkg', 'build', '--build-base', '/home/webotpi/ros2_ws/build/my_launch_pkg/build', 'install', '--record', '/home/webotpi/ros2_ws/build/my_launch_pkg/install.log', '--single-version-externally-managed', 'install_data'], 'cwd': '/home/webotpi/ros2_ws/src/my_launch_pkg', 'env': {'LANGUAGE': 'zh_CN:en', 'USER': 'webotpi', 'SSH_CLIENT': '192.168.0.111 49972 22', 'LC_TIME': 'zh_CN.UTF-8', 'GZ_CONFIG_PATH': '/opt/ros/jazzy/opt/gz_sim_vendor/share/gz:/opt/ros/jazzy/opt/sdformat_vendor/share/gz:/opt/ros/jazzy/opt/gz_gui_vendor/share/gz:/opt/ros/jazzy/opt/gz_transport_vendor/share/gz:/opt/ros/jazzy/opt/gz_rendering_vendor/share/gz:/opt/ros/jazzy/opt/gz_plugin_vendor/share/gz:/opt/ros/jazzy/opt/gz_fuel_tools_vendor/share/gz:/opt/ros/jazzy/opt/gz_msgs_vendor/share/gz:/opt/ros/jazzy/opt/gz_common_vendor/share/gz', 'XDG_SESSION_TYPE': 'tty', 'SHLVL': '1', 'LD_LIBRARY_PATH': '/opt/ros/jazzy/opt/gz_sim_vendor/lib:/opt/ros/jazzy/opt/gz_sensors_vendor/lib:/opt/ros/jazzy/opt/gz_physics_vendor/lib:/opt/ros/jazzy/opt/sdformat_vendor/lib:/opt/ros/jazzy/opt/rviz_ogre_vendor/lib:/opt/ros/jazzy/lib/aarch64-linux-gnu:/opt/ros/jazzy/opt/gz_gui_vendor/lib:/opt/ros/jazzy/opt/gz_transport_vendor/lib:/opt/ros/jazzy/opt/gz_rendering_vendor/lib:/opt/ros/jazzy/opt/gz_plugin_vendor/lib:/opt/ros/jazzy/opt/gz_fuel_tools_vendor/lib:/opt/ros/jazzy/opt/gz_msgs_vendor/lib:/opt/ros/jazzy/opt/gz_common_vendor/lib:/opt/ros/jazzy/opt/gz_math_vendor/lib:/opt/ros/jazzy/opt/gz_utils_vendor/lib:/opt/ros/jazzy/opt/gz_tools_vendor/lib:/opt/ros/jazzy/opt/gz_ogre_next_vendor/lib:/opt/ros/jazzy/opt/gz_dartsim_vendor/lib:/opt/ros/jazzy/opt/gz_cmake_vendor/lib:/opt/ros/jazzy/lib', 'HOME': '/home/webotpi', 'OLDPWD': '/home/webotpi', 'ROS_PYTHON_VERSION': '3', 'LC_MONETARY': 'zh_CN.UTF-8', 'DBUS_SESSION_BUS_ADDRESS': 'unix:path=/run/user/1000/bus', 'ROS_DISTRO': 'jazzy', 'LOGNAME': 'webotpi', '_': '/usr/bin/colcon', 'ROS_VERSION': '2', 'XDG_SESSION_CLASS': 'user', 'XDG_SESSION_ID': '31', 'PATH': '/opt/ros/jazzy/opt/gz_msgs_vendor/bin:/opt/ros/jazzy/opt/gz_tools_vendor/bin:/opt/ros/jazzy/opt/gz_ogre_next_vendor/bin:/opt/ros/jazzy/bin:/usr/local/sbin:/usr/local/bin:/usr/sbin:/usr/bin:/sbin:/bin:/usr/games:/usr/local/games:/snap/bin', 'PAPERSIZE': 'a4', 'LC_ADDRESS': 'zh_CN.UTF-8', 'XDG_RUNTIME_DIR': '/run/user/1000', 'LANG': 'zh_CN.UTF-8', 'LC_TELEPHONE': 'zh_CN.UTF-8', 'AMENT_PREFIX_PATH': '/opt/ros/jazzy', 'SHELL': '/bin/bash', 'LC_NAME': 'zh_CN.UTF-8', 'LC_MEASUREMENT': 'zh_CN.UTF-8', 'LC_IDENTIFICATION': 'zh_CN.UTF-8', 'ROS_AUTOMATIC_DISCOVERY_RANGE': 'SUBNET', 'PWD': '/home/webotpi/ros2_ws/build/my_launch_pkg', 'SSH_CONNECTION': '192.168.0.111 49972 192.168.0.119 22', 'PYTHONPATH': '/home/webotpi/ros2_ws/build/my_launch_pkg/prefix_override:/usr/lib/python3/dist-packages/colcon_core/task/python/colcon_distutils_commands:/home/webotpi/ros2_ws/install/my_launch_pkg/lib/python3.12/site-packages:/opt/ros/jazzy/lib/python3.12/site-packages', 'LC_NUMERIC': 'zh_CN.UTF-8', 'LC_PAPER': 'zh_CN.UTF-8', 'COLCON': '1', 'CMAKE_PREFIX_PATH': '/opt/ros/jazzy/opt/gz_sim_vendor:/opt/ros/jazzy/opt/gz_sensors_vendor:/opt/ros/jazzy/opt/gz_physics_vendor:/opt/ros/jazzy/opt/sdformat_vendor:/opt/ros/jazzy/opt/gz_gui_vendor:/opt/ros/jazzy/opt/gz_transport_vendor:/opt/ros/jazzy/opt/gz_rendering_vendor:/opt/ros/jazzy/opt/gz_plugin_vendor:/opt/ros/jazzy/opt/gz_fuel_tools_vendor:/opt/ros/jazzy/opt/gz_msgs_vendor:/opt/ros/jazzy/opt/gz_common_vendor:/opt/ros/jazzy/opt/gz_math_vendor:/opt/ros/jazzy/opt/gz_utils_vendor:/opt/ros/jazzy/opt/gz_tools_vendor:/opt/ros/jazzy/opt/gz_ogre_next_vendor:/opt/ros/jazzy/opt/gz_dartsim_vendor:/opt/ros/jazzy/opt/gz_cmake_vendor'}, 'shell': False}
[4.635377] (-) TimerEvent: {}
[4.713230] (my_srv) StdoutLine: {'line': b'-- Found rosbridge_suite: 2.6.0 (/opt/ros/jazzy/share/rosbridge_suite/cmake)\n'}
[4.727015] (my_srv) StdoutLine: {'line': b'-- Found rosidl_default_generators: 1.6.0 (/opt/ros/jazzy/share/rosidl_default_generators/cmake)\n'}
[4.736039] (-) TimerEvent: {}
[4.836205] (-) TimerEvent: {}
[4.933205] (my_srv) StdoutLine: {'line': b'-- Found rosidl_adapter: 4.6.7 (/opt/ros/jazzy/share/rosidl_adapter/cmake)\n'}
[4.936283] (-) TimerEvent: {}
[5.036442] (-) TimerEvent: {}
[5.137648] (-) TimerEvent: {}
[5.237866] (-) TimerEvent: {}
[5.245648] (my_launch_pkg) StdoutLine: {'line': b'running egg_info\n'}
[5.250363] (my_launch_pkg) StdoutLine: {'line': b'creating ../../build/my_launch_pkg/my_launch_pkg.egg-info\n'}
[5.314630] (my_launch_pkg) StdoutLine: {'line': b'writing ../../build/my_launch_pkg/my_launch_pkg.egg-info/PKG-INFO\n'}
[5.316581] (my_launch_pkg) StdoutLine: {'line': b'writing dependency_links to ../../build/my_launch_pkg/my_launch_pkg.egg-info/dependency_links.txt\n'}
[5.318350] (my_launch_pkg) StdoutLine: {'line': b'writing requirements to ../../build/my_launch_pkg/my_launch_pkg.egg-info/requires.txt\n'}
[5.319540] (my_launch_pkg) StdoutLine: {'line': b'writing top-level names to ../../build/my_launch_pkg/my_launch_pkg.egg-info/top_level.txt\n'}
[5.321952] (my_launch_pkg) StdoutLine: {'line': b"writing manifest file '../../build/my_launch_pkg/my_launch_pkg.egg-info/SOURCES.txt'\n"}
[5.338047] (-) TimerEvent: {}
[5.438385] (-) TimerEvent: {}
[5.447061] (my_launch_pkg) StdoutLine: {'line': b"reading manifest file '../../build/my_launch_pkg/my_launch_pkg.egg-info/SOURCES.txt'\n"}
[5.448220] (my_launch_pkg) StdoutLine: {'line': b"writing manifest file '../../build/my_launch_pkg/my_launch_pkg.egg-info/SOURCES.txt'\n"}
[5.537383] (my_launch_pkg) StdoutLine: {'line': b'running build\n'}
[5.537739] (my_launch_pkg) StdoutLine: {'line': b'running build_py\n'}
[5.538036] (my_launch_pkg) StdoutLine: {'line': b'creating /home/webotpi/ros2_ws/build/my_launch_pkg/build\n'}
[5.538207] (my_launch_pkg) StdoutLine: {'line': b'creating /home/webotpi/ros2_ws/build/my_launch_pkg/build/lib\n'}
[5.538411] (-) TimerEvent: {}
[5.538433] (my_launch_pkg) StdoutLine: {'line': b'creating /home/webotpi/ros2_ws/build/my_launch_pkg/build/lib/my_launch_pkg\n'}
[5.538521] (my_launch_pkg) StdoutLine: {'line': b'copying my_launch_pkg/__init__.py -> /home/webotpi/ros2_ws/build/my_launch_pkg/build/lib/my_launch_pkg\n'}
[5.538613] (my_launch_pkg) StdoutLine: {'line': b'running install\n'}
[5.549559] (my_launch_pkg) StdoutLine: {'line': b'running install_lib\n'}
[5.590451] (my_launch_pkg) StdoutLine: {'line': b'creating /home/webotpi/ros2_ws/install/my_launch_pkg/lib/python3.12/site-packages/my_launch_pkg\n'}
[5.590760] (my_launch_pkg) StdoutLine: {'line': b'copying /home/webotpi/ros2_ws/build/my_launch_pkg/build/lib/my_launch_pkg/__init__.py -> /home/webotpi/ros2_ws/install/my_launch_pkg/lib/python3.12/site-packages/my_launch_pkg\n'}
[5.591363] (my_launch_pkg) StdoutLine: {'line': b'byte-compiling /home/webotpi/ros2_ws/install/my_launch_pkg/lib/python3.12/site-packages/my_launch_pkg/__init__.py to __init__.cpython-312.pyc\n'}
[5.591698] (my_launch_pkg) StdoutLine: {'line': b'running install_data\n'}
[5.591862] (my_launch_pkg) StdoutLine: {'line': b'creating /home/webotpi/ros2_ws/install/my_launch_pkg/share/ament_index\n'}
[5.592014] (my_launch_pkg) StdoutLine: {'line': b'creating /home/webotpi/ros2_ws/install/my_launch_pkg/share/ament_index/resource_index\n'}
[5.592103] (my_launch_pkg) StdoutLine: {'line': b'creating /home/webotpi/ros2_ws/install/my_launch_pkg/share/ament_index/resource_index/packages\n'}
[5.592240] (my_launch_pkg) StdoutLine: {'line': b'copying resource/my_launch_pkg -> /home/webotpi/ros2_ws/install/my_launch_pkg/share/ament_index/resource_index/packages\n'}
[5.592345] (my_launch_pkg) StdoutLine: {'line': b'copying package.xml -> /home/webotpi/ros2_ws/install/my_launch_pkg/share/my_launch_pkg\n'}
[5.592524] (my_launch_pkg) StdoutLine: {'line': b'creating /home/webotpi/ros2_ws/install/my_launch_pkg/share/my_launch_pkg/launch\n'}
[5.592608] (my_launch_pkg) StdoutLine: {'line': b'copying launch/nav2.launch.py -> /home/webotpi/ros2_ws/install/my_launch_pkg/share/my_launch_pkg/launch\n'}
[5.638531] (-) TimerEvent: {}
[5.738780] (-) TimerEvent: {}
[5.839103] (-) TimerEvent: {}
[5.869325] (py_pkg) Command: {'cmd': ['/usr/bin/python3', '-W', 'ignore:setup.py install is deprecated', '-W', 'ignore:easy_install command is deprecated', 'setup.py', 'egg_info', '--egg-base', '../../build/py_pkg', 'build', '--build-base', '/home/webotpi/ros2_ws/build/py_pkg/build', 'install', '--record', '/home/webotpi/ros2_ws/build/py_pkg/install.log', '--single-version-externally-managed', 'install_data'], 'cwd': '/home/webotpi/ros2_ws/src/py_pkg', 'env': {'LANGUAGE': 'zh_CN:en', 'USER': 'webotpi', 'SSH_CLIENT': '192.168.0.111 49972 22', 'LC_TIME': 'zh_CN.UTF-8', 'GZ_CONFIG_PATH': '/opt/ros/jazzy/opt/gz_sim_vendor/share/gz:/opt/ros/jazzy/opt/sdformat_vendor/share/gz:/opt/ros/jazzy/opt/gz_gui_vendor/share/gz:/opt/ros/jazzy/opt/gz_transport_vendor/share/gz:/opt/ros/jazzy/opt/gz_rendering_vendor/share/gz:/opt/ros/jazzy/opt/gz_plugin_vendor/share/gz:/opt/ros/jazzy/opt/gz_fuel_tools_vendor/share/gz:/opt/ros/jazzy/opt/gz_msgs_vendor/share/gz:/opt/ros/jazzy/opt/gz_common_vendor/share/gz', 'XDG_SESSION_TYPE': 'tty', 'SHLVL': '1', 'LD_LIBRARY_PATH': '/opt/ros/jazzy/opt/gz_sim_vendor/lib:/opt/ros/jazzy/opt/gz_sensors_vendor/lib:/opt/ros/jazzy/opt/gz_physics_vendor/lib:/opt/ros/jazzy/opt/sdformat_vendor/lib:/opt/ros/jazzy/opt/rviz_ogre_vendor/lib:/opt/ros/jazzy/lib/aarch64-linux-gnu:/opt/ros/jazzy/opt/gz_gui_vendor/lib:/opt/ros/jazzy/opt/gz_transport_vendor/lib:/opt/ros/jazzy/opt/gz_rendering_vendor/lib:/opt/ros/jazzy/opt/gz_plugin_vendor/lib:/opt/ros/jazzy/opt/gz_fuel_tools_vendor/lib:/opt/ros/jazzy/opt/gz_msgs_vendor/lib:/opt/ros/jazzy/opt/gz_common_vendor/lib:/opt/ros/jazzy/opt/gz_math_vendor/lib:/opt/ros/jazzy/opt/gz_utils_vendor/lib:/opt/ros/jazzy/opt/gz_tools_vendor/lib:/opt/ros/jazzy/opt/gz_ogre_next_vendor/lib:/opt/ros/jazzy/opt/gz_dartsim_vendor/lib:/opt/ros/jazzy/opt/gz_cmake_vendor/lib:/opt/ros/jazzy/lib', 'HOME': '/home/webotpi', 'OLDPWD': '/home/webotpi', 'ROS_PYTHON_VERSION': '3', 'LC_MONETARY': 'zh_CN.UTF-8', 'DBUS_SESSION_BUS_ADDRESS': 'unix:path=/run/user/1000/bus', 'ROS_DISTRO': 'jazzy', 'LOGNAME': 'webotpi', '_': '/usr/bin/colcon', 'ROS_VERSION': '2', 'XDG_SESSION_CLASS': 'user', 'XDG_SESSION_ID': '31', 'PATH': '/opt/ros/jazzy/opt/gz_msgs_vendor/bin:/opt/ros/jazzy/opt/gz_tools_vendor/bin:/opt/ros/jazzy/opt/gz_ogre_next_vendor/bin:/opt/ros/jazzy/bin:/usr/local/sbin:/usr/local/bin:/usr/sbin:/usr/bin:/sbin:/bin:/usr/games:/usr/local/games:/snap/bin', 'PAPERSIZE': 'a4', 'LC_ADDRESS': 'zh_CN.UTF-8', 'XDG_RUNTIME_DIR': '/run/user/1000', 'LANG': 'zh_CN.UTF-8', 'LC_TELEPHONE': 'zh_CN.UTF-8', 'AMENT_PREFIX_PATH': '/opt/ros/jazzy', 'SHELL': '/bin/bash', 'LC_NAME': 'zh_CN.UTF-8', 'LC_MEASUREMENT': 'zh_CN.UTF-8', 'LC_IDENTIFICATION': 'zh_CN.UTF-8', 'ROS_AUTOMATIC_DISCOVERY_RANGE': 'SUBNET', 'PWD': '/home/webotpi/ros2_ws/build/py_pkg', 'SSH_CONNECTION': '192.168.0.111 49972 192.168.0.119 22', 'PYTHONPATH': '/home/webotpi/ros2_ws/build/py_pkg/prefix_override:/usr/lib/python3/dist-packages/colcon_core/task/python/colcon_distutils_commands:/home/webotpi/ros2_ws/install/py_pkg/lib/python3.12/site-packages:/opt/ros/jazzy/lib/python3.12/site-packages', 'LC_NUMERIC': 'zh_CN.UTF-8', 'LC_PAPER': 'zh_CN.UTF-8', 'COLCON': '1', 'CMAKE_PREFIX_PATH': '/opt/ros/jazzy/opt/gz_sim_vendor:/opt/ros/jazzy/opt/gz_sensors_vendor:/opt/ros/jazzy/opt/gz_physics_vendor:/opt/ros/jazzy/opt/sdformat_vendor:/opt/ros/jazzy/opt/gz_gui_vendor:/opt/ros/jazzy/opt/gz_transport_vendor:/opt/ros/jazzy/opt/gz_rendering_vendor:/opt/ros/jazzy/opt/gz_plugin_vendor:/opt/ros/jazzy/opt/gz_fuel_tools_vendor:/opt/ros/jazzy/opt/gz_msgs_vendor:/opt/ros/jazzy/opt/gz_common_vendor:/opt/ros/jazzy/opt/gz_math_vendor:/opt/ros/jazzy/opt/gz_utils_vendor:/opt/ros/jazzy/opt/gz_tools_vendor:/opt/ros/jazzy/opt/gz_ogre_next_vendor:/opt/ros/jazzy/opt/gz_dartsim_vendor:/opt/ros/jazzy/opt/gz_cmake_vendor'}, 'shell': False}
[5.908662] (my_launch_pkg) StdoutLine: {'line': b'copying launch/usb.launch.py -> /home/webotpi/ros2_ws/install/my_launch_pkg/share/my_launch_pkg/launch\n'}
[5.916715] (my_launch_pkg) StdoutLine: {'line': b'copying launch/serial.launch.py -> /home/webotpi/ros2_ws/install/my_launch_pkg/share/my_launch_pkg/launch\n'}
[5.918760] (my_launch_pkg) StdoutLine: {'line': b'copying launch/slam.launch.py -> /home/webotpi/ros2_ws/install/my_launch_pkg/share/my_launch_pkg/launch\n'}
[5.921338] (my_launch_pkg) StdoutLine: {'line': b'copying launch/depth_arm.launch.py -> /home/webotpi/ros2_ws/install/my_launch_pkg/share/my_launch_pkg/launch\n'}
[5.925344] (my_launch_pkg) StdoutLine: {'line': b'running install_egg_info\n'}
[5.939319] (-) TimerEvent: {}
[5.981010] (my_launch_pkg) StdoutLine: {'line': b'Copying ../../build/my_launch_pkg/my_launch_pkg.egg-info to /home/webotpi/ros2_ws/install/my_launch_pkg/lib/python3.12/site-packages/my_launch_pkg-0.0.0-py3.12.egg-info\n'}
[5.987398] (my_launch_pkg) StdoutLine: {'line': b'running install_scripts\n'}
[6.039433] (-) TimerEvent: {}
[6.139664] (-) TimerEvent: {}
[6.239882] (-) TimerEvent: {}
[6.300222] (my_launch_pkg) StdoutLine: {'line': b"writing list of installed files to '/home/webotpi/ros2_ws/build/my_launch_pkg/install.log'\n"}
[6.340003] (-) TimerEvent: {}
[6.440610] (-) TimerEvent: {}
[6.493499] (my_launch_pkg) CommandEnded: {'returncode': 0}
[6.505841] (my_launch_pkg) JobEnded: {'identifier': 'my_launch_pkg', 'rc': 0}
[6.506770] (robot_integration) JobStarted: {'identifier': 'robot_integration'}
[6.540686] (-) TimerEvent: {}
[6.641086] (-) TimerEvent: {}
[6.741535] (-) TimerEvent: {}
[6.842121] (-) TimerEvent: {}
[6.943493] (-) TimerEvent: {}
[7.043904] (-) TimerEvent: {}
[7.144796] (-) TimerEvent: {}
[7.193218] (py_pkg) StdoutLine: {'line': b'running egg_info\n'}
[7.193787] (py_pkg) StdoutLine: {'line': b'creating ../../build/py_pkg/py_pkg.egg-info\n'}
[7.193986] (py_pkg) StdoutLine: {'line': b'writing ../../build/py_pkg/py_pkg.egg-info/PKG-INFO\n'}
[7.196544] (py_pkg) StdoutLine: {'line': b'writing dependency_links to ../../build/py_pkg/py_pkg.egg-info/dependency_links.txt\n'}
[7.197015] (py_pkg) StdoutLine: {'line': b'writing entry points to ../../build/py_pkg/py_pkg.egg-info/entry_points.txt\n'}
[7.197230] (py_pkg) StdoutLine: {'line': b'writing requirements to ../../build/py_pkg/py_pkg.egg-info/requires.txt\n'}
[7.197391] (py_pkg) StdoutLine: {'line': b'writing top-level names to ../../build/py_pkg/py_pkg.egg-info/top_level.txt\n'}
[7.197514] (py_pkg) StdoutLine: {'line': b"writing manifest file '../../build/py_pkg/py_pkg.egg-info/SOURCES.txt'\n"}
[7.197629] (py_pkg) StdoutLine: {'line': b"reading manifest file '../../build/py_pkg/py_pkg.egg-info/SOURCES.txt'\n"}
[7.197782] (py_pkg) StdoutLine: {'line': b"writing manifest file '../../build/py_pkg/py_pkg.egg-info/SOURCES.txt'\n"}
[7.197893] (py_pkg) StdoutLine: {'line': b'running build\n'}
[7.197985] (py_pkg) StdoutLine: {'line': b'running build_py\n'}
[7.198062] (py_pkg) StdoutLine: {'line': b'creating /home/webotpi/ros2_ws/build/py_pkg/build\n'}
[7.198151] (py_pkg) StdoutLine: {'line': b'creating /home/webotpi/ros2_ws/build/py_pkg/build/lib\n'}
[7.198226] (py_pkg) StdoutLine: {'line': b'creating /home/webotpi/ros2_ws/build/py_pkg/build/lib/py_pkg\n'}
[7.201364] (py_pkg) StdoutLine: {'line': b'copying py_pkg/usbcar.py -> /home/webotpi/ros2_ws/build/py_pkg/build/lib/py_pkg\n'}
[7.201543] (py_pkg) StdoutLine: {'line': b'copying py_pkg/__init__.py -> /home/webotpi/ros2_ws/build/py_pkg/build/lib/py_pkg\n'}
[7.201644] (py_pkg) StdoutLine: {'line': b'copying py_pkg/serial_bridge.py -> /home/webotpi/ros2_ws/build/py_pkg/build/lib/py_pkg\n'}
[7.201739] (py_pkg) StdoutLine: {'line': b'copying py_pkg/carnode.py -> /home/webotpi/ros2_ws/build/py_pkg/build/lib/py_pkg\n'}
[7.201816] (py_pkg) StdoutLine: {'line': b'copying py_pkg/teleop_control_node.py -> /home/webotpi/ros2_ws/build/py_pkg/build/lib/py_pkg\n'}
[7.201892] (py_pkg) StdoutLine: {'line': b'running install\n'}
[7.201967] (py_pkg) StdoutLine: {'line': b'running install_lib\n'}
[7.202040] (py_pkg) StdoutLine: {'line': b'creating /home/webotpi/ros2_ws/install/py_pkg/lib/python3.12/site-packages/py_pkg\n'}
[7.202113] (py_pkg) StdoutLine: {'line': b'copying /home/webotpi/ros2_ws/build/py_pkg/build/lib/py_pkg/usbcar.py -> /home/webotpi/ros2_ws/install/py_pkg/lib/python3.12/site-packages/py_pkg\n'}
[7.202188] (py_pkg) StdoutLine: {'line': b'copying /home/webotpi/ros2_ws/build/py_pkg/build/lib/py_pkg/__init__.py -> /home/webotpi/ros2_ws/install/py_pkg/lib/python3.12/site-packages/py_pkg\n'}
[7.203903] (py_pkg) StdoutLine: {'line': b'copying /home/webotpi/ros2_ws/build/py_pkg/build/lib/py_pkg/serial_bridge.py -> /home/webotpi/ros2_ws/install/py_pkg/lib/python3.12/site-packages/py_pkg\n'}
[7.204157] (py_pkg) StdoutLine: {'line': b'copying /home/webotpi/ros2_ws/build/py_pkg/build/lib/py_pkg/carnode.py -> /home/webotpi/ros2_ws/install/py_pkg/lib/python3.12/site-packages/py_pkg\n'}
[7.204319] (py_pkg) StdoutLine: {'line': b'copying /home/webotpi/ros2_ws/build/py_pkg/build/lib/py_pkg/teleop_control_node.py -> /home/webotpi/ros2_ws/install/py_pkg/lib/python3.12/site-packages/py_pkg\n'}
[7.204440] (py_pkg) StdoutLine: {'line': b'byte-compiling /home/webotpi/ros2_ws/install/py_pkg/lib/python3.12/site-packages/py_pkg/usbcar.py to usbcar.cpython-312.pyc\n'}
[7.204553] (py_pkg) StdoutLine: {'line': b'byte-compiling /home/webotpi/ros2_ws/install/py_pkg/lib/python3.12/site-packages/py_pkg/__init__.py to __init__.cpython-312.pyc\n'}
[7.204654] (py_pkg) StdoutLine: {'line': b'byte-compiling /home/webotpi/ros2_ws/install/py_pkg/lib/python3.12/site-packages/py_pkg/serial_bridge.py to serial_bridge.cpython-312.pyc\n'}
[7.204746] (py_pkg) StdoutLine: {'line': b'byte-compiling /home/webotpi/ros2_ws/install/py_pkg/lib/python3.12/site-packages/py_pkg/carnode.py to carnode.cpython-312.pyc\n'}
[7.204901] (py_pkg) StdoutLine: {'line': b'byte-compiling /home/webotpi/ros2_ws/install/py_pkg/lib/python3.12/site-packages/py_pkg/teleop_control_node.py to teleop_control_node.cpython-312.pyc\n'}
[7.205010] (py_pkg) StdoutLine: {'line': b'running install_data\n'}
[7.205153] (py_pkg) StdoutLine: {'line': b'creating /home/webotpi/ros2_ws/install/py_pkg/share/ament_index\n'}
[7.205262] (py_pkg) StdoutLine: {'line': b'creating /home/webotpi/ros2_ws/install/py_pkg/share/ament_index/resource_index\n'}
[7.205404] (py_pkg) StdoutLine: {'line': b'creating /home/webotpi/ros2_ws/install/py_pkg/share/ament_index/resource_index/packages\n'}
[7.205491] (py_pkg) StdoutLine: {'line': b'copying resource/py_pkg -> /home/webotpi/ros2_ws/install/py_pkg/share/ament_index/resource_index/packages\n'}
[7.205594] (py_pkg) StdoutLine: {'line': b'copying package.xml -> /home/webotpi/ros2_ws/install/py_pkg/share/py_pkg\n'}
[7.205713] (py_pkg) StdoutLine: {'line': b'running install_egg_info\n'}
[7.205804] (py_pkg) StdoutLine: {'line': b'Copying ../../build/py_pkg/py_pkg.egg-info to /home/webotpi/ros2_ws/install/py_pkg/lib/python3.12/site-packages/py_pkg-0.0.0-py3.12.egg-info\n'}
[7.205892] (py_pkg) StdoutLine: {'line': b'running install_scripts\n'}
[7.230352] (py_pkg) StdoutLine: {'line': b'Installing carnode script to /home/webotpi/ros2_ws/install/py_pkg/lib/py_pkg\n'}
[7.230694] (py_pkg) StdoutLine: {'line': b'Installing serial_bridge script to /home/webotpi/ros2_ws/install/py_pkg/lib/py_pkg\n'}
[7.230812] (py_pkg) StdoutLine: {'line': b'Installing teleop_control_node script to /home/webotpi/ros2_ws/install/py_pkg/lib/py_pkg\n'}
[7.230909] (py_pkg) StdoutLine: {'line': b'Installing usbcar script to /home/webotpi/ros2_ws/install/py_pkg/lib/py_pkg\n'}
[7.230990] (py_pkg) StdoutLine: {'line': b"writing list of installed files to '/home/webotpi/ros2_ws/build/py_pkg/install.log'\n"}
[7.244943] (-) TimerEvent: {}
[7.345288] (-) TimerEvent: {}
[7.349333] (my_srv) StdoutLine: {'line': b'-- Found ament_cmake_ros: 0.12.0 (/opt/ros/jazzy/share/ament_cmake_ros/cmake)\n'}
[7.425413] (py_pkg) CommandEnded: {'returncode': 0}
[7.441548] (py_pkg) JobEnded: {'identifier': 'py_pkg', 'rc': 0}
[7.446178] (-) TimerEvent: {}
[7.447090] (rplidar_ros) JobStarted: {'identifier': 'rplidar_ros'}
[7.454630] (rplidar_ros) JobProgress: {'identifier': 'rplidar_ros', 'progress': 'cmake'}
[7.454725] (rplidar_ros) Command: {'cmd': ['/usr/bin/cmake', '/home/webotpi/ros2_ws/src/rplidar_ros', '-DCMAKE_INSTALL_PREFIX=/home/webotpi/ros2_ws/install/rplidar_ros'], 'cwd': '/home/webotpi/ros2_ws/build/rplidar_ros', 'env': OrderedDict({'LANGUAGE': 'zh_CN:en', 'USER': 'webotpi', 'SSH_CLIENT': '192.168.0.111 49972 22', 'LC_TIME': 'zh_CN.UTF-8', 'GZ_CONFIG_PATH': '/opt/ros/jazzy/opt/gz_sim_vendor/share/gz:/opt/ros/jazzy/opt/sdformat_vendor/share/gz:/opt/ros/jazzy/opt/gz_gui_vendor/share/gz:/opt/ros/jazzy/opt/gz_transport_vendor/share/gz:/opt/ros/jazzy/opt/gz_rendering_vendor/share/gz:/opt/ros/jazzy/opt/gz_plugin_vendor/share/gz:/opt/ros/jazzy/opt/gz_fuel_tools_vendor/share/gz:/opt/ros/jazzy/opt/gz_msgs_vendor/share/gz:/opt/ros/jazzy/opt/gz_common_vendor/share/gz', 'XDG_SESSION_TYPE': 'tty', 'SHLVL': '1', 'LD_LIBRARY_PATH': '/opt/ros/jazzy/opt/gz_sim_vendor/lib:/opt/ros/jazzy/opt/gz_sensors_vendor/lib:/opt/ros/jazzy/opt/gz_physics_vendor/lib:/opt/ros/jazzy/opt/sdformat_vendor/lib:/opt/ros/jazzy/opt/rviz_ogre_vendor/lib:/opt/ros/jazzy/lib/aarch64-linux-gnu:/opt/ros/jazzy/opt/gz_gui_vendor/lib:/opt/ros/jazzy/opt/gz_transport_vendor/lib:/opt/ros/jazzy/opt/gz_rendering_vendor/lib:/opt/ros/jazzy/opt/gz_plugin_vendor/lib:/opt/ros/jazzy/opt/gz_fuel_tools_vendor/lib:/opt/ros/jazzy/opt/gz_msgs_vendor/lib:/opt/ros/jazzy/opt/gz_common_vendor/lib:/opt/ros/jazzy/opt/gz_math_vendor/lib:/opt/ros/jazzy/opt/gz_utils_vendor/lib:/opt/ros/jazzy/opt/gz_tools_vendor/lib:/opt/ros/jazzy/opt/gz_ogre_next_vendor/lib:/opt/ros/jazzy/opt/gz_dartsim_vendor/lib:/opt/ros/jazzy/opt/gz_cmake_vendor/lib:/opt/ros/jazzy/lib', 'HOME': '/home/webotpi', 'OLDPWD': '/home/webotpi', 'ROS_PYTHON_VERSION': '3', 'LC_MONETARY': 'zh_CN.UTF-8', 'DBUS_SESSION_BUS_ADDRESS': 'unix:path=/run/user/1000/bus', 'ROS_DISTRO': 'jazzy', 'LOGNAME': 'webotpi', '_': '/usr/bin/colcon', 'ROS_VERSION': '2', 'XDG_SESSION_CLASS': 'user', 'XDG_SESSION_ID': '31', 'PATH': '/opt/ros/jazzy/opt/gz_msgs_vendor/bin:/opt/ros/jazzy/opt/gz_tools_vendor/bin:/opt/ros/jazzy/opt/gz_ogre_next_vendor/bin:/opt/ros/jazzy/bin:/usr/local/sbin:/usr/local/bin:/usr/sbin:/usr/bin:/sbin:/bin:/usr/games:/usr/local/games:/snap/bin', 'PAPERSIZE': 'a4', 'LC_ADDRESS': 'zh_CN.UTF-8', 'XDG_RUNTIME_DIR': '/run/user/1000', 'LANG': 'zh_CN.UTF-8', 'LC_TELEPHONE': 'zh_CN.UTF-8', 'AMENT_PREFIX_PATH': '/opt/ros/jazzy', 'SHELL': '/bin/bash', 'LC_NAME': 'zh_CN.UTF-8', 'LC_MEASUREMENT': 'zh_CN.UTF-8', 'LC_IDENTIFICATION': 'zh_CN.UTF-8', 'ROS_AUTOMATIC_DISCOVERY_RANGE': 'SUBNET', 'PWD': '/home/webotpi/ros2_ws/build/rplidar_ros', 'SSH_CONNECTION': '192.168.0.111 49972 192.168.0.119 22', 'PYTHONPATH': '/opt/ros/jazzy/lib/python3.12/site-packages', 'LC_NUMERIC': 'zh_CN.UTF-8', 'LC_PAPER': 'zh_CN.UTF-8', 'COLCON': '1', 'CMAKE_PREFIX_PATH': '/opt/ros/jazzy/opt/gz_sim_vendor:/opt/ros/jazzy/opt/gz_sensors_vendor:/opt/ros/jazzy/opt/gz_physics_vendor:/opt/ros/jazzy/opt/sdformat_vendor:/opt/ros/jazzy/opt/gz_gui_vendor:/opt/ros/jazzy/opt/gz_transport_vendor:/opt/ros/jazzy/opt/gz_rendering_vendor:/opt/ros/jazzy/opt/gz_plugin_vendor:/opt/ros/jazzy/opt/gz_fuel_tools_vendor:/opt/ros/jazzy/opt/gz_msgs_vendor:/opt/ros/jazzy/opt/gz_common_vendor:/opt/ros/jazzy/opt/gz_math_vendor:/opt/ros/jazzy/opt/gz_utils_vendor:/opt/ros/jazzy/opt/gz_tools_vendor:/opt/ros/jazzy/opt/gz_ogre_next_vendor:/opt/ros/jazzy/opt/gz_dartsim_vendor:/opt/ros/jazzy/opt/gz_cmake_vendor:/opt/ros/jazzy'}), 'shell': False}
[7.546521] (-) TimerEvent: {}
[7.647003] (-) TimerEvent: {}
[7.666559] (rplidar_ros) StdoutLine: {'line': b'-- The C compiler identification is GNU 13.3.0\n'}
[7.747133] (-) TimerEvent: {}
[7.848423] (-) TimerEvent: {}
[7.857416] (rplidar_ros) StdoutLine: {'line': b'-- The CXX compiler identification is GNU 13.3.0\n'}
[7.907470] (rplidar_ros) StdoutLine: {'line': b'-- Detecting C compiler ABI info\n'}
[7.948542] (-) TimerEvent: {}
[8.049827] (-) TimerEvent: {}
[8.151379] (-) TimerEvent: {}
[8.200649] (rplidar_ros) StdoutLine: {'line': b'-- Detecting C compiler ABI info - done\n'}
[8.222380] (rplidar_ros) StdoutLine: {'line': b'-- Check for working C compiler: /usr/bin/cc - skipped\n'}
[8.223141] (rplidar_ros) StdoutLine: {'line': b'-- Detecting C compile features\n'}
[8.224392] (rplidar_ros) StdoutLine: {'line': b'-- Detecting C compile features - done\n'}
[8.244398] (rplidar_ros) StdoutLine: {'line': b'-- Detecting CXX compiler ABI info\n'}
[8.251582] (-) TimerEvent: {}
[8.351917] (-) TimerEvent: {}
[8.452270] (-) TimerEvent: {}
[8.554509] (-) TimerEvent: {}
[8.588519] (rplidar_ros) StdoutLine: {'line': b'-- Detecting CXX compiler ABI info - done\n'}
[8.612210] (rplidar_ros) StdoutLine: {'line': b'-- Check for working CXX compiler: /usr/bin/c++ - skipped\n'}
[8.612792] (rplidar_ros) StdoutLine: {'line': b'-- Detecting CXX compile features\n'}
[8.613981] (rplidar_ros) StdoutLine: {'line': b'-- Detecting CXX compile features - done\n'}
[8.634663] (rplidar_ros) StdoutLine: {'line': b'-- Found ament_cmake: 2.5.6 (/opt/ros/jazzy/share/ament_cmake/cmake)\n'}
[8.656381] (-) TimerEvent: {}
[8.756841] (-) TimerEvent: {}
[8.858488] (-) TimerEvent: {}
[8.958918] (-) TimerEvent: {}
[9.059459] (-) TimerEvent: {}
[9.159936] (-) TimerEvent: {}
[9.185393] (rplidar_ros) StdoutLine: {'line': b'-- Found Python3: /usr/bin/python3 (found version "3.12.3") found components: Interpreter \n'}
[9.224832] (robot_integration) Command: {'cmd': ['/usr/bin/python3', '-W', 'ignore:setup.py install is deprecated', '-W', 'ignore:easy_install command is deprecated', 'setup.py', 'egg_info', '--egg-base', '../../build/robot_integration', 'build', '--build-base', '/home/webotpi/ros2_ws/build/robot_integration/build', 'install', '--record', '/home/webotpi/ros2_ws/build/robot_integration/install.log', '--single-version-externally-managed', 'install_data'], 'cwd': '/home/webotpi/ros2_ws/src/robot_integration', 'env': {'LANGUAGE': 'zh_CN:en', 'USER': 'webotpi', 'SSH_CLIENT': '192.168.0.111 49972 22', 'LC_TIME': 'zh_CN.UTF-8', 'GZ_CONFIG_PATH': '/opt/ros/jazzy/opt/gz_sim_vendor/share/gz:/opt/ros/jazzy/opt/sdformat_vendor/share/gz:/opt/ros/jazzy/opt/gz_gui_vendor/share/gz:/opt/ros/jazzy/opt/gz_transport_vendor/share/gz:/opt/ros/jazzy/opt/gz_rendering_vendor/share/gz:/opt/ros/jazzy/opt/gz_plugin_vendor/share/gz:/opt/ros/jazzy/opt/gz_fuel_tools_vendor/share/gz:/opt/ros/jazzy/opt/gz_msgs_vendor/share/gz:/opt/ros/jazzy/opt/gz_common_vendor/share/gz', 'XDG_SESSION_TYPE': 'tty', 'SHLVL': '1', 'LD_LIBRARY_PATH': '/opt/ros/jazzy/opt/gz_sim_vendor/lib:/opt/ros/jazzy/opt/gz_sensors_vendor/lib:/opt/ros/jazzy/opt/gz_physics_vendor/lib:/opt/ros/jazzy/opt/sdformat_vendor/lib:/opt/ros/jazzy/opt/rviz_ogre_vendor/lib:/opt/ros/jazzy/lib/aarch64-linux-gnu:/opt/ros/jazzy/opt/gz_gui_vendor/lib:/opt/ros/jazzy/opt/gz_transport_vendor/lib:/opt/ros/jazzy/opt/gz_rendering_vendor/lib:/opt/ros/jazzy/opt/gz_plugin_vendor/lib:/opt/ros/jazzy/opt/gz_fuel_tools_vendor/lib:/opt/ros/jazzy/opt/gz_msgs_vendor/lib:/opt/ros/jazzy/opt/gz_common_vendor/lib:/opt/ros/jazzy/opt/gz_math_vendor/lib:/opt/ros/jazzy/opt/gz_utils_vendor/lib:/opt/ros/jazzy/opt/gz_tools_vendor/lib:/opt/ros/jazzy/opt/gz_ogre_next_vendor/lib:/opt/ros/jazzy/opt/gz_dartsim_vendor/lib:/opt/ros/jazzy/opt/gz_cmake_vendor/lib:/opt/ros/jazzy/lib', 'HOME': '/home/webotpi', 'OLDPWD': '/home/webotpi', 'ROS_PYTHON_VERSION': '3', 'LC_MONETARY': 'zh_CN.UTF-8', 'DBUS_SESSION_BUS_ADDRESS': 'unix:path=/run/user/1000/bus', 'ROS_DISTRO': 'jazzy', 'LOGNAME': 'webotpi', '_': '/usr/bin/colcon', 'ROS_VERSION': '2', 'XDG_SESSION_CLASS': 'user', 'XDG_SESSION_ID': '31', 'PATH': '/opt/ros/jazzy/opt/gz_msgs_vendor/bin:/opt/ros/jazzy/opt/gz_tools_vendor/bin:/opt/ros/jazzy/opt/gz_ogre_next_vendor/bin:/opt/ros/jazzy/bin:/usr/local/sbin:/usr/local/bin:/usr/sbin:/usr/bin:/sbin:/bin:/usr/games:/usr/local/games:/snap/bin', 'PAPERSIZE': 'a4', 'LC_ADDRESS': 'zh_CN.UTF-8', 'XDG_RUNTIME_DIR': '/run/user/1000', 'LANG': 'zh_CN.UTF-8', 'LC_TELEPHONE': 'zh_CN.UTF-8', 'AMENT_PREFIX_PATH': '/opt/ros/jazzy', 'SHELL': '/bin/bash', 'LC_NAME': 'zh_CN.UTF-8', 'LC_MEASUREMENT': 'zh_CN.UTF-8', 'LC_IDENTIFICATION': 'zh_CN.UTF-8', 'ROS_AUTOMATIC_DISCOVERY_RANGE': 'SUBNET', 'PWD': '/home/webotpi/ros2_ws/build/robot_integration', 'SSH_CONNECTION': '192.168.0.111 49972 192.168.0.119 22', 'PYTHONPATH': '/home/webotpi/ros2_ws/build/robot_integration/prefix_override:/usr/lib/python3/dist-packages/colcon_core/task/python/colcon_distutils_commands:/home/webotpi/ros2_ws/install/robot_integration/lib/python3.12/site-packages:/opt/ros/jazzy/lib/python3.12/site-packages', 'LC_NUMERIC': 'zh_CN.UTF-8', 'LC_PAPER': 'zh_CN.UTF-8', 'COLCON': '1', 'CMAKE_PREFIX_PATH': '/opt/ros/jazzy/opt/gz_sim_vendor:/opt/ros/jazzy/opt/gz_sensors_vendor:/opt/ros/jazzy/opt/gz_physics_vendor:/opt/ros/jazzy/opt/sdformat_vendor:/opt/ros/jazzy/opt/gz_gui_vendor:/opt/ros/jazzy/opt/gz_transport_vendor:/opt/ros/jazzy/opt/gz_rendering_vendor:/opt/ros/jazzy/opt/gz_plugin_vendor:/opt/ros/jazzy/opt/gz_fuel_tools_vendor:/opt/ros/jazzy/opt/gz_msgs_vendor:/opt/ros/jazzy/opt/gz_common_vendor:/opt/ros/jazzy/opt/gz_math_vendor:/opt/ros/jazzy/opt/gz_utils_vendor:/opt/ros/jazzy/opt/gz_tools_vendor:/opt/ros/jazzy/opt/gz_ogre_next_vendor:/opt/ros/jazzy/opt/gz_dartsim_vendor:/opt/ros/jazzy/opt/gz_cmake_vendor'}, 'shell': False}
[9.260101] (-) TimerEvent: {}
[9.360614] (-) TimerEvent: {}
[9.462689] (-) TimerEvent: {}
[9.564501] (-) TimerEvent: {}
[9.579708] (rplidar_ros) StdoutLine: {'line': b'-- Found rclcpp: 28.1.18 (/opt/ros/jazzy/share/rclcpp/cmake)\n'}
[9.664614] (-) TimerEvent: {}
[9.694489] (rplidar_ros) StdoutLine: {'line': b'-- Found rosidl_generator_c: 4.6.7 (/opt/ros/jazzy/share/rosidl_generator_c/cmake)\n'}
[9.705774] (my_srv) StdoutLine: {'line': b'-- Using all available rosidl_typesupport_c: rosidl_typesupport_fastrtps_c;rosidl_typesupport_introspection_c\n'}
[9.736773] (rplidar_ros) StdoutLine: {'line': b'-- Found rosidl_generator_cpp: 4.6.7 (/opt/ros/jazzy/share/rosidl_generator_cpp/cmake)\n'}
[9.764770] (-) TimerEvent: {}
[9.776055] (rplidar_ros) StdoutLine: {'line': b'-- Using all available rosidl_typesupport_c: rosidl_typesupport_fastrtps_c;rosidl_typesupport_introspection_c\n'}
[9.836151] (rplidar_ros) StdoutLine: {'line': b'-- Using all available rosidl_typesupport_cpp: rosidl_typesupport_fastrtps_cpp;rosidl_typesupport_introspection_cpp\n'}
[9.865320] (-) TimerEvent: {}
[9.966661] (-) TimerEvent: {}
[9.994145] (robot_integration) StdoutLine: {'line': b'running egg_info\n'}
[9.997394] (robot_integration) StdoutLine: {'line': b'creating ../../build/robot_integration/robot_integration.egg-info\n'}
[10.043594] (rplidar_ros) StdoutLine: {'line': b'-- Found rmw_implementation_cmake: 7.3.3 (/opt/ros/jazzy/share/rmw_implementation_cmake/cmake)\n'}
[10.055145] (rplidar_ros) StdoutLine: {'line': b'-- Found rmw_fastrtps_cpp: 8.4.3 (/opt/ros/jazzy/share/rmw_fastrtps_cpp/cmake)\n'}
[10.066964] (-) TimerEvent: {}
[10.071885] (robot_integration) StdoutLine: {'line': b'writing ../../build/robot_integration/robot_integration.egg-info/PKG-INFO\n'}
[10.072447] (robot_integration) StdoutLine: {'line': b'writing dependency_links to ../../build/robot_integration/robot_integration.egg-info/dependency_links.txt\n'}
[10.072910] (robot_integration) StdoutLine: {'line': b'writing entry points to ../../build/robot_integration/robot_integration.egg-info/entry_points.txt\n'}
[10.073189] (robot_integration) StdoutLine: {'line': b'writing requirements to ../../build/robot_integration/robot_integration.egg-info/requires.txt\n'}
[10.073435] (robot_integration) StdoutLine: {'line': b'writing top-level names to ../../build/robot_integration/robot_integration.egg-info/top_level.txt\n'}
[10.073671] (robot_integration) StdoutLine: {'line': b"writing manifest file '../../build/robot_integration/robot_integration.egg-info/SOURCES.txt'\n"}
[10.167058] (-) TimerEvent: {}
[10.181440] (robot_integration) StdoutLine: {'line': b"reading manifest file '../../build/robot_integration/robot_integration.egg-info/SOURCES.txt'\n"}
[10.184091] (robot_integration) StdoutLine: {'line': b"writing manifest file '../../build/robot_integration/robot_integration.egg-info/SOURCES.txt'\n"}
[10.184495] (robot_integration) StdoutLine: {'line': b'running build\n'}
[10.184618] (robot_integration) StdoutLine: {'line': b'running build_py\n'}
[10.184712] (robot_integration) StdoutLine: {'line': b'creating /home/webotpi/ros2_ws/build/robot_integration/build\n'}
[10.184821] (robot_integration) StdoutLine: {'line': b'creating /home/webotpi/ros2_ws/build/robot_integration/build/lib\n'}
[10.184910] (robot_integration) StdoutLine: {'line': b'creating /home/webotpi/ros2_ws/build/robot_integration/build/lib/robot_integration\n'}
[10.185010] (robot_integration) StdoutLine: {'line': b'copying robot_integration/coordinator_node.py -> /home/webotpi/ros2_ws/build/robot_integration/build/lib/robot_integration\n'}
[10.190959] (robot_integration) StdoutLine: {'line': b'copying robot_integration/line_follow_node.py -> /home/webotpi/ros2_ws/build/robot_integration/build/lib/robot_integration\n'}
[10.194084] (robot_integration) StdoutLine: {'line': b'copying robot_integration/arm_controller_node.py -> /home/webotpi/ros2_ws/build/robot_integration/build/lib/robot_integration\n'}
[10.195846] (robot_integration) StdoutLine: {'line': b'copying robot_integration/__init__.py -> /home/webotpi/ros2_ws/build/robot_integration/build/lib/robot_integration\n'}
[10.196320] (robot_integration) StdoutLine: {'line': b'copying robot_integration/edge_detect_node.py -> /home/webotpi/ros2_ws/build/robot_integration/build/lib/robot_integration\n'}
[10.197577] (robot_integration) StdoutLine: {'line': b'copying robot_integration/stm32_bridge_node.py -> /home/webotpi/ros2_ws/build/robot_integration/build/lib/robot_integration\n'}
[10.204281] (robot_integration) StdoutLine: {'line': b'copying robot_integration/balance_beam_node.py -> /home/webotpi/ros2_ws/build/robot_integration/build/lib/robot_integration\n'}
[10.205801] (robot_integration) StdoutLine: {'line': b'copying robot_integration/self_driving_node.py -> /home/webotpi/ros2_ws/build/robot_integration/build/lib/robot_integration\n'}
[10.223557] (robot_integration) StdoutLine: {'line': b'copying robot_integration/car_controller_node.py -> /home/webotpi/ros2_ws/build/robot_integration/build/lib/robot_integration\n'}
[10.230377] (robot_integration) StdoutLine: {'line': b'running install\n'}
[10.242101] (robot_integration) StdoutLine: {'line': b'running install_lib\n'}
[10.267178] (-) TimerEvent: {}
[10.300398] (robot_integration) StdoutLine: {'line': b'creating /home/webotpi/ros2_ws/install/robot_integration/lib/python3.12/site-packages/robot_integration\n'}
[10.300995] (robot_integration) StdoutLine: {'line': b'copying /home/webotpi/ros2_ws/build/robot_integration/build/lib/robot_integration/coordinator_node.py -> /home/webotpi/ros2_ws/install/robot_integration/lib/python3.12/site-packages/robot_integration\n'}
[10.301391] (robot_integration) StdoutLine: {'line': b'copying /home/webotpi/ros2_ws/build/robot_integration/build/lib/robot_integration/line_follow_node.py -> /home/webotpi/ros2_ws/install/robot_integration/lib/python3.12/site-packages/robot_integration\n'}
[10.301711] (robot_integration) StdoutLine: {'line': b'copying /home/webotpi/ros2_ws/build/robot_integration/build/lib/robot_integration/arm_controller_node.py -> /home/webotpi/ros2_ws/install/robot_integration/lib/python3.12/site-packages/robot_integration\n'}
[10.301942] (robot_integration) StdoutLine: {'line': b'copying /home/webotpi/ros2_ws/build/robot_integration/build/lib/robot_integration/__init__.py -> /home/webotpi/ros2_ws/install/robot_integration/lib/python3.12/site-packages/robot_integration\n'}
[10.302211] (robot_integration) StdoutLine: {'line': b'copying /home/webotpi/ros2_ws/build/robot_integration/build/lib/robot_integration/edge_detect_node.py -> /home/webotpi/ros2_ws/install/robot_integration/lib/python3.12/site-packages/robot_integration\n'}
[10.305393] (robot_integration) StdoutLine: {'line': b'copying /home/webotpi/ros2_ws/build/robot_integration/build/lib/robot_integration/stm32_bridge_node.py -> /home/webotpi/ros2_ws/install/robot_integration/lib/python3.12/site-packages/robot_integration\n'}
[10.306157] (robot_integration) StdoutLine: {'line': b'copying /home/webotpi/ros2_ws/build/robot_integration/build/lib/robot_integration/balance_beam_node.py -> /home/webotpi/ros2_ws/install/robot_integration/lib/python3.12/site-packages/robot_integration\n'}
[10.306421] (robot_integration) StdoutLine: {'line': b'copying /home/webotpi/ros2_ws/build/robot_integration/build/lib/robot_integration/self_driving_node.py -> /home/webotpi/ros2_ws/install/robot_integration/lib/python3.12/site-packages/robot_integration\n'}
[10.306536] (robot_integration) StdoutLine: {'line': b'copying /home/webotpi/ros2_ws/build/robot_integration/build/lib/robot_integration/car_controller_node.py -> /home/webotpi/ros2_ws/install/robot_integration/lib/python3.12/site-packages/robot_integration\n'}
[10.306711] (rplidar_ros) StdoutLine: {'line': b'-- Found OpenSSL: /usr/lib/aarch64-linux-gnu/libcrypto.so (found version "3.0.13")  \n'}
[10.308390] (robot_integration) StdoutLine: {'line': b'byte-compiling /home/webotpi/ros2_ws/install/robot_integration/lib/python3.12/site-packages/robot_integration/coordinator_node.py to coordinator_node.cpython-312.pyc\n'}
[10.317364] (robot_integration) StdoutLine: {'line': b'byte-compiling /home/webotpi/ros2_ws/install/robot_integration/lib/python3.12/site-packages/robot_integration/line_follow_node.py to line_follow_node.cpython-312.pyc\n'}
[10.325267] (robot_integration) StdoutLine: {'line': b'byte-compiling /home/webotpi/ros2_ws/install/robot_integration/lib/python3.12/site-packages/robot_integration/arm_controller_node.py to arm_controller_node.cpython-312.pyc\n'}
[10.330570] (robot_integration) StdoutLine: {'line': b'byte-compiling /home/webotpi/ros2_ws/install/robot_integration/lib/python3.12/site-packages/robot_integration/__init__.py to __init__.cpython-312.pyc\n'}
[10.330848] (robot_integration) StdoutLine: {'line': b'byte-compiling /home/webotpi/ros2_ws/install/robot_integration/lib/python3.12/site-packages/robot_integration/edge_detect_node.py to edge_detect_node.cpython-312.pyc\n'}
[10.338423] (robot_integration) StdoutLine: {'line': b'byte-compiling /home/webotpi/ros2_ws/install/robot_integration/lib/python3.12/site-packages/robot_integration/stm32_bridge_node.py to stm32_bridge_node.cpython-312.pyc\n'}
[10.344115] (robot_integration) StdoutLine: {'line': b'byte-compiling /home/webotpi/ros2_ws/install/robot_integration/lib/python3.12/site-packages/robot_integration/balance_beam_node.py to balance_beam_node.cpython-312.pyc\n'}
[10.357389] (robot_integration) StdoutLine: {'line': b'byte-compiling /home/webotpi/ros2_ws/install/robot_integration/lib/python3.12/site-packages/robot_integration/self_driving_node.py to self_driving_node.cpython-312.pyc\n'}
[10.362730] (rplidar_ros) StdoutLine: {'line': b'-- Found FastRTPS: /opt/ros/jazzy/include (Required is at least version "2.13") \n'}
[10.367393] (-) TimerEvent: {}
[10.377438] (robot_integration) StdoutLine: {'line': b'byte-compiling /home/webotpi/ros2_ws/install/robot_integration/lib/python3.12/site-packages/robot_integration/car_controller_node.py to car_controller_node.cpython-312.pyc\n'}
[10.381325] (robot_integration) StdoutLine: {'line': b'running install_data\n'}
[10.382575] (robot_integration) StdoutLine: {'line': b'creating /home/webotpi/ros2_ws/install/robot_integration/share/ament_index\n'}
[10.382915] (robot_integration) StdoutLine: {'line': b'creating /home/webotpi/ros2_ws/install/robot_integration/share/ament_index/resource_index\n'}
[10.383585] (robot_integration) StdoutLine: {'line': b'creating /home/webotpi/ros2_ws/install/robot_integration/share/ament_index/resource_index/packages\n'}
[10.384035] (robot_integration) StdoutLine: {'line': b'copying resource/robot_integration -> /home/webotpi/ros2_ws/install/robot_integration/share/ament_index/resource_index/packages\n'}
[10.384198] (robot_integration) StdoutLine: {'line': b'copying package.xml -> /home/webotpi/ros2_ws/install/robot_integration/share/robot_integration\n'}
[10.384485] (robot_integration) StdoutLine: {'line': b'creating /home/webotpi/ros2_ws/install/robot_integration/share/robot_integration/launch\n'}
[10.384710] (robot_integration) StdoutLine: {'line': b'copying launch/balance_beam.launch.py -> /home/webotpi/ros2_ws/install/robot_integration/share/robot_integration/launch\n'}
[10.391385] (robot_integration) StdoutLine: {'line': b'copying launch/self_driving.launch.py -> /home/webotpi/ros2_ws/install/robot_integration/share/robot_integration/launch\n'}
[10.393303] (robot_integration) StdoutLine: {'line': b'copying launch/edge_detect.launch.py -> /home/webotpi/ros2_ws/install/robot_integration/share/robot_integration/launch\n'}
[10.393672] (robot_integration) StdoutLine: {'line': b'copying launch/full_system.launch.py -> /home/webotpi/ros2_ws/install/robot_integration/share/robot_integration/launch\n'}
[10.393875] (robot_integration) StdoutLine: {'line': b'copying launch/line_follow.launch.py -> /home/webotpi/ros2_ws/install/robot_integration/share/robot_integration/launch\n'}
[10.394458] (robot_integration) StdoutLine: {'line': b'copying launch/car_only.launch.py -> /home/webotpi/ros2_ws/install/robot_integration/share/robot_integration/launch\n'}
[10.395105] (robot_integration) StdoutLine: {'line': b'creating /home/webotpi/ros2_ws/install/robot_integration/share/robot_integration/config\n'}
[10.395261] (robot_integration) StdoutLine: {'line': b'copying config/robot_params.yaml -> /home/webotpi/ros2_ws/install/robot_integration/share/robot_integration/config\n'}
[10.397435] (robot_integration) StdoutLine: {'line': b'copying config/edge_detect_params.yaml -> /home/webotpi/ros2_ws/install/robot_integration/share/robot_integration/config\n'}
[10.397636] (robot_integration) StdoutLine: {'line': b'copying config/line_follow_params.yaml -> /home/webotpi/ros2_ws/install/robot_integration/share/robot_integration/config\n'}
[10.398785] (robot_integration) StdoutLine: {'line': b'copying config/self_driving_params.yaml -> /home/webotpi/ros2_ws/install/robot_integration/share/robot_integration/config\n'}
[10.399543] (robot_integration) StdoutLine: {'line': b'copying config/line_follow_black_params.yaml -> /home/webotpi/ros2_ws/install/robot_integration/share/robot_integration/config\n'}
[10.401046] (robot_integration) StdoutLine: {'line': b'copying config/balance_beam_params.yaml -> /home/webotpi/ros2_ws/install/robot_integration/share/robot_integration/config\n'}
[10.401856] (robot_integration) StdoutLine: {'line': b'creating /home/webotpi/ros2_ws/install/robot_integration/share/robot_integration/scripts\n'}
[10.404504] (robot_integration) StdoutLine: {'line': b'copying scripts/hsv_calibrate.py -> /home/webotpi/ros2_ws/install/robot_integration/share/robot_integration/scripts\n'}
[10.404746] (robot_integration) StdoutLine: {'line': b'copying scripts/test_bridge_detection.py -> /home/webotpi/ros2_ws/install/robot_integration/share/robot_integration/scripts\n'}
[10.404854] (robot_integration) StdoutLine: {'line': b'running install_egg_info\n'}
[10.422441] (rplidar_ros) StdoutLine: {'line': b"-- Using RMW implementation 'rmw_fastrtps_cpp' as default\n"}
[10.458987] (my_srv) StdoutLine: {'line': b'-- Using all available rosidl_typesupport_cpp: rosidl_typesupport_fastrtps_cpp;rosidl_typesupport_introspection_cpp\n'}
[10.467556] (-) TimerEvent: {}
[10.476863] (my_srv) StdoutLine: {'line': b'-- Found python_cmake_module: 0.11.1 (/opt/ros/jazzy/share/python_cmake_module/cmake)\n'}
[10.484563] (robot_integration) StdoutLine: {'line': b'Copying ../../build/robot_integration/robot_integration.egg-info to /home/webotpi/ros2_ws/install/robot_integration/lib/python3.12/site-packages/robot_integration-1.0.0-py3.12.egg-info\n'}
[10.484874] (robot_integration) StdoutLine: {'line': b'running install_scripts\n'}
[10.567670] (-) TimerEvent: {}
[10.613854] (rplidar_ros) StdoutLine: {'line': b'-- Found sensor_msgs: 5.3.7 (/opt/ros/jazzy/share/sensor_msgs/cmake)\n'}
[10.667834] (-) TimerEvent: {}
[10.770540] (-) TimerEvent: {}
[10.773319] (rplidar_ros) StdoutLine: {'line': b'-- Found std_srvs: 5.3.7 (/opt/ros/jazzy/share/std_srvs/cmake)\n'}
[10.830837] (my_srv) StdoutLine: {'line': b'-- Found PythonExtra: /usr/bin/python3  \n'}
[10.863397] (robot_integration) StdoutLine: {'line': b'Installing arm_controller_node script to /home/webotpi/ros2_ws/install/robot_integration/lib/robot_integration\n'}
[10.864088] (robot_integration) StdoutLine: {'line': b'Installing balance_beam_node script to /home/webotpi/ros2_ws/install/robot_integration/lib/robot_integration\n'}
[10.864245] (robot_integration) StdoutLine: {'line': b'Installing car_controller_node script to /home/webotpi/ros2_ws/install/robot_integration/lib/robot_integration\n'}
[10.864419] (robot_integration) StdoutLine: {'line': b'Installing coordinator_node script to /home/webotpi/ros2_ws/install/robot_integration/lib/robot_integration\n'}
[10.864519] (robot_integration) StdoutLine: {'line': b'Installing edge_detect_node script to /home/webotpi/ros2_ws/install/robot_integration/lib/robot_integration\n'}
[10.864609] (robot_integration) StdoutLine: {'line': b'Installing line_follow_node script to /home/webotpi/ros2_ws/install/robot_integration/lib/robot_integration\n'}
[10.864965] (robot_integration) StdoutLine: {'line': b'Installing self_driving_node script to /home/webotpi/ros2_ws/install/robot_integration/lib/robot_integration\n'}
[10.865061] (robot_integration) StdoutLine: {'line': b'Installing stm32_bridge_node script to /home/webotpi/ros2_ws/install/robot_integration/lib/robot_integration\n'}
[10.865148] (robot_integration) StdoutLine: {'line': b"writing list of installed files to '/home/webotpi/ros2_ws/build/robot_integration/install.log'\n"}
[10.870637] (-) TimerEvent: {}
[10.971212] (-) TimerEvent: {}
[11.025827] (robot_integration) CommandEnded: {'returncode': 0}
[11.038388] (robot_integration) JobEnded: {'identifier': 'robot_integration', 'rc': 0}
[11.040667] (voice_interaction) JobStarted: {'identifier': 'voice_interaction'}
[11.072365] (-) TimerEvent: {}
[11.174389] (-) TimerEvent: {}
[11.274658] (-) TimerEvent: {}
[11.374890] (-) TimerEvent: {}
[11.475122] (-) TimerEvent: {}
[11.575334] (-) TimerEvent: {}
[11.675551] (-) TimerEvent: {}
[11.775773] (-) TimerEvent: {}
[11.876139] (-) TimerEvent: {}
[11.976554] (-) TimerEvent: {}
[12.076789] (-) TimerEvent: {}
[12.177040] (-) TimerEvent: {}
[12.277306] (-) TimerEvent: {}
[12.377561] (-) TimerEvent: {}
[12.477820] (-) TimerEvent: {}
[12.578047] (-) TimerEvent: {}
[12.678327] (-) TimerEvent: {}
[12.778596] (-) TimerEvent: {}
[12.878827] (-) TimerEvent: {}
[12.979058] (-) TimerEvent: {}
[13.079302] (-) TimerEvent: {}
[13.181497] (-) TimerEvent: {}
[13.281845] (-) TimerEvent: {}
[13.383400] (-) TimerEvent: {}
[13.483685] (-) TimerEvent: {}
[13.584067] (-) TimerEvent: {}
[13.684585] (-) TimerEvent: {}
[14.230774] (-) TimerEvent: {}
[14.331034] (-) TimerEvent: {}
[14.431329] (-) TimerEvent: {}
[14.531644] (-) TimerEvent: {}
[14.634540] (-) TimerEvent: {}
[14.672344] (my_srv) StdoutLine: {'line': b'-- Found Python3: /usr/bin/python3 (found version "3.12.3") found components: Interpreter Development NumPy Development.Module Development.Embed \n'}
[14.673129] (my_srv) StdoutLine: {'line': b'-- Found Python3: /usr/bin/python3 (found version "3.12.3") found components: Interpreter \n'}
[14.673242] (my_srv) StdoutLine: {'line': b'-- Found ament_lint_auto: 0.17.5 (/opt/ros/jazzy/share/ament_lint_auto/cmake)\n'}
[14.673372] (rplidar_ros) StdoutLine: {'line': b'-- Configuring done (6.9s)\n'}
[14.674569] (rplidar_ros) StdoutLine: {'line': b'-- Generating done (0.0s)\n'}
[14.674674] (rplidar_ros) StdoutLine: {'line': b'-- Build files have been written to: /home/webotpi/ros2_ws/build/rplidar_ros\n'}
[14.674827] (rplidar_ros) CommandEnded: {'returncode': 0}
[14.675403] (rplidar_ros) JobProgress: {'identifier': 'rplidar_ros', 'progress': 'build'}
[14.675444] (rplidar_ros) Command: {'cmd': ['/usr/bin/cmake', '--build', '/home/webotpi/ros2_ws/build/rplidar_ros', '--', '-j4', '-l4'], 'cwd': '/home/webotpi/ros2_ws/build/rplidar_ros', 'env': OrderedDict({'LANGUAGE': 'zh_CN:en', 'USER': 'webotpi', 'SSH_CLIENT': '192.168.0.111 49972 22', 'LC_TIME': 'zh_CN.UTF-8', 'GZ_CONFIG_PATH': '/opt/ros/jazzy/opt/gz_sim_vendor/share/gz:/opt/ros/jazzy/opt/sdformat_vendor/share/gz:/opt/ros/jazzy/opt/gz_gui_vendor/share/gz:/opt/ros/jazzy/opt/gz_transport_vendor/share/gz:/opt/ros/jazzy/opt/gz_rendering_vendor/share/gz:/opt/ros/jazzy/opt/gz_plugin_vendor/share/gz:/opt/ros/jazzy/opt/gz_fuel_tools_vendor/share/gz:/opt/ros/jazzy/opt/gz_msgs_vendor/share/gz:/opt/ros/jazzy/opt/gz_common_vendor/share/gz', 'XDG_SESSION_TYPE': 'tty', 'SHLVL': '1', 'LD_LIBRARY_PATH': '/opt/ros/jazzy/opt/gz_sim_vendor/lib:/opt/ros/jazzy/opt/gz_sensors_vendor/lib:/opt/ros/jazzy/opt/gz_physics_vendor/lib:/opt/ros/jazzy/opt/sdformat_vendor/lib:/opt/ros/jazzy/opt/rviz_ogre_vendor/lib:/opt/ros/jazzy/lib/aarch64-linux-gnu:/opt/ros/jazzy/opt/gz_gui_vendor/lib:/opt/ros/jazzy/opt/gz_transport_vendor/lib:/opt/ros/jazzy/opt/gz_rendering_vendor/lib:/opt/ros/jazzy/opt/gz_plugin_vendor/lib:/opt/ros/jazzy/opt/gz_fuel_tools_vendor/lib:/opt/ros/jazzy/opt/gz_msgs_vendor/lib:/opt/ros/jazzy/opt/gz_common_vendor/lib:/opt/ros/jazzy/opt/gz_math_vendor/lib:/opt/ros/jazzy/opt/gz_utils_vendor/lib:/opt/ros/jazzy/opt/gz_tools_vendor/lib:/opt/ros/jazzy/opt/gz_ogre_next_vendor/lib:/opt/ros/jazzy/opt/gz_dartsim_vendor/lib:/opt/ros/jazzy/opt/gz_cmake_vendor/lib:/opt/ros/jazzy/lib', 'HOME': '/home/webotpi', 'OLDPWD': '/home/webotpi', 'ROS_PYTHON_VERSION': '3', 'LC_MONETARY': 'zh_CN.UTF-8', 'DBUS_SESSION_BUS_ADDRESS': 'unix:path=/run/user/1000/bus', 'ROS_DISTRO': 'jazzy', 'LOGNAME': 'webotpi', '_': '/usr/bin/colcon', 'ROS_VERSION': '2', 'XDG_SESSION_CLASS': 'user', 'XDG_SESSION_ID': '31', 'PATH': '/opt/ros/jazzy/opt/gz_msgs_vendor/bin:/opt/ros/jazzy/opt/gz_tools_vendor/bin:/opt/ros/jazzy/opt/gz_ogre_next_vendor/bin:/opt/ros/jazzy/bin:/usr/local/sbin:/usr/local/bin:/usr/sbin:/usr/bin:/sbin:/bin:/usr/games:/usr/local/games:/snap/bin', 'PAPERSIZE': 'a4', 'LC_ADDRESS': 'zh_CN.UTF-8', 'XDG_RUNTIME_DIR': '/run/user/1000', 'LANG': 'zh_CN.UTF-8', 'LC_TELEPHONE': 'zh_CN.UTF-8', 'AMENT_PREFIX_PATH': '/opt/ros/jazzy', 'SHELL': '/bin/bash', 'LC_NAME': 'zh_CN.UTF-8', 'LC_MEASUREMENT': 'zh_CN.UTF-8', 'LC_IDENTIFICATION': 'zh_CN.UTF-8', 'ROS_AUTOMATIC_DISCOVERY_RANGE': 'SUBNET', 'PWD': '/home/webotpi/ros2_ws/build/rplidar_ros', 'SSH_CONNECTION': '192.168.0.111 49972 192.168.0.119 22', 'PYTHONPATH': '/opt/ros/jazzy/lib/python3.12/site-packages', 'LC_NUMERIC': 'zh_CN.UTF-8', 'LC_PAPER': 'zh_CN.UTF-8', 'COLCON': '1', 'CMAKE_PREFIX_PATH': '/opt/ros/jazzy/opt/gz_sim_vendor:/opt/ros/jazzy/opt/gz_sensors_vendor:/opt/ros/jazzy/opt/gz_physics_vendor:/opt/ros/jazzy/opt/sdformat_vendor:/opt/ros/jazzy/opt/gz_gui_vendor:/opt/ros/jazzy/opt/gz_transport_vendor:/opt/ros/jazzy/opt/gz_rendering_vendor:/opt/ros/jazzy/opt/gz_plugin_vendor:/opt/ros/jazzy/opt/gz_fuel_tools_vendor:/opt/ros/jazzy/opt/gz_msgs_vendor:/opt/ros/jazzy/opt/gz_common_vendor:/opt/ros/jazzy/opt/gz_math_vendor:/opt/ros/jazzy/opt/gz_utils_vendor:/opt/ros/jazzy/opt/gz_tools_vendor:/opt/ros/jazzy/opt/gz_ogre_next_vendor:/opt/ros/jazzy/opt/gz_dartsim_vendor:/opt/ros/jazzy/opt/gz_cmake_vendor:/opt/ros/jazzy'}), 'shell': False}
[14.734619] (-) TimerEvent: {}
[14.808902] (rplidar_ros) StdoutLine: {'line': b'[  5%] Building CXX object CMakeFiles/rplidar_composition.dir/src/rplidar_node.cpp.o\n'}
[14.809188] (rplidar_ros) StdoutLine: {'line': b'[  5%] Building CXX object CMakeFiles/rplidar_node.dir/src/rplidar_node.cpp.o\n'}
[14.810000] (rplidar_ros) StdoutLine: {'line': b'[  7%] Building CXX object CMakeFiles/rplidar_client.dir/src/rplidar_client.cpp.o\n'}
[14.811319] (rplidar_ros) StdoutLine: {'line': b'[ 10%] Building CXX object CMakeFiles/rplidar_node.dir/sdk/src/arch/linux/net_serial.cpp.o\n'}
[14.837417] (-) TimerEvent: {}
[14.943045] (-) TimerEvent: {}
[15.043321] (-) TimerEvent: {}
[15.143510] (-) TimerEvent: {}
[15.243846] (-) TimerEvent: {}
[15.344113] (-) TimerEvent: {}
[15.444378] (-) TimerEvent: {}
[15.544627] (-) TimerEvent: {}
[15.644849] (-) TimerEvent: {}
[15.745103] (-) TimerEvent: {}
[15.845354] (-) TimerEvent: {}
[15.880508] (voice_interaction) Command: {'cmd': ['/usr/bin/python3', '-W', 'ignore:setup.py install is deprecated', '-W', 'ignore:easy_install command is deprecated', 'setup.py', 'egg_info', '--egg-base', '../../build/voice_interaction', 'build', '--build-base', '/home/webotpi/ros2_ws/build/voice_interaction/build', 'install', '--record', '/home/webotpi/ros2_ws/build/voice_interaction/install.log', '--single-version-externally-managed', 'install_data'], 'cwd': '/home/webotpi/ros2_ws/src/voice_interaction', 'env': {'LANGUAGE': 'zh_CN:en', 'USER': 'webotpi', 'SSH_CLIENT': '192.168.0.111 49972 22', 'LC_TIME': 'zh_CN.UTF-8', 'GZ_CONFIG_PATH': '/opt/ros/jazzy/opt/gz_sim_vendor/share/gz:/opt/ros/jazzy/opt/sdformat_vendor/share/gz:/opt/ros/jazzy/opt/gz_gui_vendor/share/gz:/opt/ros/jazzy/opt/gz_transport_vendor/share/gz:/opt/ros/jazzy/opt/gz_rendering_vendor/share/gz:/opt/ros/jazzy/opt/gz_plugin_vendor/share/gz:/opt/ros/jazzy/opt/gz_fuel_tools_vendor/share/gz:/opt/ros/jazzy/opt/gz_msgs_vendor/share/gz:/opt/ros/jazzy/opt/gz_common_vendor/share/gz', 'XDG_SESSION_TYPE': 'tty', 'SHLVL': '1', 'LD_LIBRARY_PATH': '/opt/ros/jazzy/opt/gz_sim_vendor/lib:/opt/ros/jazzy/opt/gz_sensors_vendor/lib:/opt/ros/jazzy/opt/gz_physics_vendor/lib:/opt/ros/jazzy/opt/sdformat_vendor/lib:/opt/ros/jazzy/opt/rviz_ogre_vendor/lib:/opt/ros/jazzy/lib/aarch64-linux-gnu:/opt/ros/jazzy/opt/gz_gui_vendor/lib:/opt/ros/jazzy/opt/gz_transport_vendor/lib:/opt/ros/jazzy/opt/gz_rendering_vendor/lib:/opt/ros/jazzy/opt/gz_plugin_vendor/lib:/opt/ros/jazzy/opt/gz_fuel_tools_vendor/lib:/opt/ros/jazzy/opt/gz_msgs_vendor/lib:/opt/ros/jazzy/opt/gz_common_vendor/lib:/opt/ros/jazzy/opt/gz_math_vendor/lib:/opt/ros/jazzy/opt/gz_utils_vendor/lib:/opt/ros/jazzy/opt/gz_tools_vendor/lib:/opt/ros/jazzy/opt/gz_ogre_next_vendor/lib:/opt/ros/jazzy/opt/gz_dartsim_vendor/lib:/opt/ros/jazzy/opt/gz_cmake_vendor/lib:/opt/ros/jazzy/lib', 'HOME': '/home/webotpi', 'OLDPWD': '/home/webotpi', 'ROS_PYTHON_VERSION': '3', 'LC_MONETARY': 'zh_CN.UTF-8', 'DBUS_SESSION_BUS_ADDRESS': 'unix:path=/run/user/1000/bus', 'ROS_DISTRO': 'jazzy', 'LOGNAME': 'webotpi', '_': '/usr/bin/colcon', 'ROS_VERSION': '2', 'XDG_SESSION_CLASS': 'user', 'XDG_SESSION_ID': '31', 'PATH': '/opt/ros/jazzy/opt/gz_msgs_vendor/bin:/opt/ros/jazzy/opt/gz_tools_vendor/bin:/opt/ros/jazzy/opt/gz_ogre_next_vendor/bin:/opt/ros/jazzy/bin:/usr/local/sbin:/usr/local/bin:/usr/sbin:/usr/bin:/sbin:/bin:/usr/games:/usr/local/games:/snap/bin', 'PAPERSIZE': 'a4', 'LC_ADDRESS': 'zh_CN.UTF-8', 'XDG_RUNTIME_DIR': '/run/user/1000', 'LANG': 'zh_CN.UTF-8', 'LC_TELEPHONE': 'zh_CN.UTF-8', 'AMENT_PREFIX_PATH': '/opt/ros/jazzy', 'SHELL': '/bin/bash', 'LC_NAME': 'zh_CN.UTF-8', 'LC_MEASUREMENT': 'zh_CN.UTF-8', 'LC_IDENTIFICATION': 'zh_CN.UTF-8', 'ROS_AUTOMATIC_DISCOVERY_RANGE': 'SUBNET', 'PWD': '/home/webotpi/ros2_ws/build/voice_interaction', 'SSH_CONNECTION': '192.168.0.111 49972 192.168.0.119 22', 'PYTHONPATH': '/home/webotpi/ros2_ws/build/voice_interaction/prefix_override:/usr/lib/python3/dist-packages/colcon_core/task/python/colcon_distutils_commands:/home/webotpi/ros2_ws/install/voice_interaction/lib/python3.12/site-packages:/opt/ros/jazzy/lib/python3.12/site-packages', 'LC_NUMERIC': 'zh_CN.UTF-8', 'LC_PAPER': 'zh_CN.UTF-8', 'COLCON': '1', 'CMAKE_PREFIX_PATH': '/opt/ros/jazzy/opt/gz_sim_vendor:/opt/ros/jazzy/opt/gz_sensors_vendor:/opt/ros/jazzy/opt/gz_physics_vendor:/opt/ros/jazzy/opt/sdformat_vendor:/opt/ros/jazzy/opt/gz_gui_vendor:/opt/ros/jazzy/opt/gz_transport_vendor:/opt/ros/jazzy/opt/gz_rendering_vendor:/opt/ros/jazzy/opt/gz_plugin_vendor:/opt/ros/jazzy/opt/gz_fuel_tools_vendor:/opt/ros/jazzy/opt/gz_msgs_vendor:/opt/ros/jazzy/opt/gz_common_vendor:/opt/ros/jazzy/opt/gz_math_vendor:/opt/ros/jazzy/opt/gz_utils_vendor:/opt/ros/jazzy/opt/gz_tools_vendor:/opt/ros/jazzy/opt/gz_ogre_next_vendor:/opt/ros/jazzy/opt/gz_dartsim_vendor:/opt/ros/jazzy/opt/gz_cmake_vendor'}, 'shell': False}
[15.945479] (-) TimerEvent: {}
[16.045697] (-) TimerEvent: {}
[16.145951] (-) TimerEvent: {}
[16.246146] (-) TimerEvent: {}
[16.337550] (voice_interaction) StdoutLine: {'line': b'running egg_info\n'}
[16.338092] (voice_interaction) StdoutLine: {'line': b'creating ../../build/voice_interaction/voice_interaction.egg-info\n'}
[16.346219] (-) TimerEvent: {}
[16.369954] (voice_interaction) StdoutLine: {'line': b'writing ../../build/voice_interaction/voice_interaction.egg-info/PKG-INFO\n'}
[16.370413] (voice_interaction) StdoutLine: {'line': b'writing dependency_links to ../../build/voice_interaction/voice_interaction.egg-info/dependency_links.txt\n'}
[16.370720] (voice_interaction) StdoutLine: {'line': b'writing entry points to ../../build/voice_interaction/voice_interaction.egg-info/entry_points.txt\n'}
[16.370899] (voice_interaction) StdoutLine: {'line': b'writing requirements to ../../build/voice_interaction/voice_interaction.egg-info/requires.txt\n'}
[16.371071] (voice_interaction) StdoutLine: {'line': b'writing top-level names to ../../build/voice_interaction/voice_interaction.egg-info/top_level.txt\n'}
[16.371215] (voice_interaction) StdoutLine: {'line': b"writing manifest file '../../build/voice_interaction/voice_interaction.egg-info/SOURCES.txt'\n"}
[16.433189] (voice_interaction) StdoutLine: {'line': b"reading manifest file '../../build/voice_interaction/voice_interaction.egg-info/SOURCES.txt'\n"}
[16.434092] (voice_interaction) StdoutLine: {'line': b"writing manifest file '../../build/voice_interaction/voice_interaction.egg-info/SOURCES.txt'\n"}
[16.446339] (-) TimerEvent: {}
[16.541823] (voice_interaction) StdoutLine: {'line': b'running build\n'}
[16.542116] (voice_interaction) StdoutLine: {'line': b'running build_py\n'}
[16.542205] (voice_interaction) StdoutLine: {'line': b'creating /home/webotpi/ros2_ws/build/voice_interaction/build\n'}
[16.542302] (voice_interaction) StdoutLine: {'line': b'creating /home/webotpi/ros2_ws/build/voice_interaction/build/lib\n'}
[16.542397] (voice_interaction) StdoutLine: {'line': b'creating /home/webotpi/ros2_ws/build/voice_interaction/build/lib/voice_interaction\n'}
[16.542474] (voice_interaction) StdoutLine: {'line': b'copying voice_interaction/voice_recognition_node.py -> /home/webotpi/ros2_ws/build/voice_interaction/build/lib/voice_interaction\n'}
[16.546398] (-) TimerEvent: {}
[16.581613] (voice_interaction) StdoutLine: {'line': b'copying voice_interaction/voice_synthesis_node.py -> /home/webotpi/ros2_ws/build/voice_interaction/build/lib/voice_interaction\n'}
[16.598633] (voice_interaction) StdoutLine: {'line': b'copying voice_interaction/__init__.py -> /home/webotpi/ros2_ws/build/voice_interaction/build/lib/voice_interaction\n'}
[16.598982] (voice_interaction) StdoutLine: {'line': b'copying voice_interaction/intent_parser_node.py -> /home/webotpi/ros2_ws/build/voice_interaction/build/lib/voice_interaction\n'}
[16.646526] (-) TimerEvent: {}
[16.681609] (voice_interaction) StdoutLine: {'line': b'copying voice_interaction/arm_executor_node.py -> /home/webotpi/ros2_ws/build/voice_interaction/build/lib/voice_interaction\n'}
[16.746637] (-) TimerEvent: {}
[16.756290] (voice_interaction) StdoutLine: {'line': b'running install\n'}
[16.768921] (voice_interaction) StdoutLine: {'line': b'running install_lib\n'}
[16.810326] (voice_interaction) StdoutLine: {'line': b'creating /home/webotpi/ros2_ws/install/voice_interaction/lib/python3.12/site-packages/voice_interaction\n'}
[16.811462] (voice_interaction) StdoutLine: {'line': b'copying /home/webotpi/ros2_ws/build/voice_interaction/build/lib/voice_interaction/voice_recognition_node.py -> /home/webotpi/ros2_ws/install/voice_interaction/lib/python3.12/site-packages/voice_interaction\n'}
[16.811641] (voice_interaction) StdoutLine: {'line': b'copying /home/webotpi/ros2_ws/build/voice_interaction/build/lib/voice_interaction/voice_synthesis_node.py -> /home/webotpi/ros2_ws/install/voice_interaction/lib/python3.12/site-packages/voice_interaction\n'}
[16.811732] (voice_interaction) StdoutLine: {'line': b'copying /home/webotpi/ros2_ws/build/voice_interaction/build/lib/voice_interaction/__init__.py -> /home/webotpi/ros2_ws/install/voice_interaction/lib/python3.12/site-packages/voice_interaction\n'}
[16.811814] (voice_interaction) StdoutLine: {'line': b'copying /home/webotpi/ros2_ws/build/voice_interaction/build/lib/voice_interaction/intent_parser_node.py -> /home/webotpi/ros2_ws/install/voice_interaction/lib/python3.12/site-packages/voice_interaction\n'}
[16.811889] (voice_interaction) StdoutLine: {'line': b'copying /home/webotpi/ros2_ws/build/voice_interaction/build/lib/voice_interaction/arm_executor_node.py -> /home/webotpi/ros2_ws/install/voice_interaction/lib/python3.12/site-packages/voice_interaction\n'}
[16.811967] (voice_interaction) StdoutLine: {'line': b'byte-compiling /home/webotpi/ros2_ws/install/voice_interaction/lib/python3.12/site-packages/voice_interaction/voice_recognition_node.py to voice_recognition_node.cpython-312.pyc\n'}
[16.815832] (voice_interaction) StdoutLine: {'line': b'byte-compiling /home/webotpi/ros2_ws/install/voice_interaction/lib/python3.12/site-packages/voice_interaction/voice_synthesis_node.py to voice_synthesis_node.cpython-312.pyc\n'}
[16.818211] (voice_interaction) StdoutLine: {'line': b'byte-compiling /home/webotpi/ros2_ws/install/voice_interaction/lib/python3.12/site-packages/voice_interaction/__init__.py to __init__.cpython-312.pyc\n'}
[16.820574] (voice_interaction) StdoutLine: {'line': b'byte-compiling /home/webotpi/ros2_ws/install/voice_interaction/lib/python3.12/site-packages/voice_interaction/intent_parser_node.py to intent_parser_node.cpython-312.pyc\n'}
[16.826103] (voice_interaction) StdoutLine: {'line': b'byte-compiling /home/webotpi/ros2_ws/install/voice_interaction/lib/python3.12/site-packages/voice_interaction/arm_executor_node.py to arm_executor_node.cpython-312.pyc\n'}
[16.829619] (voice_interaction) StdoutLine: {'line': b'running install_data\n'}
[16.830541] (voice_interaction) StdoutLine: {'line': b'creating /home/webotpi/ros2_ws/install/voice_interaction/share/ament_index\n'}
[16.832004] (voice_interaction) StdoutLine: {'line': b'creating /home/webotpi/ros2_ws/install/voice_interaction/share/ament_index/resource_index\n'}
[16.832459] (voice_interaction) StdoutLine: {'line': b'creating /home/webotpi/ros2_ws/install/voice_interaction/share/ament_index/resource_index/packages\n'}
[16.832629] (voice_interaction) StdoutLine: {'line': b'copying resource/voice_interaction -> /home/webotpi/ros2_ws/install/voice_interaction/share/ament_index/resource_index/packages\n'}
[16.832717] (voice_interaction) StdoutLine: {'line': b'copying package.xml -> /home/webotpi/ros2_ws/install/voice_interaction/share/voice_interaction\n'}
[16.832842] (voice_interaction) StdoutLine: {'line': b'creating /home/webotpi/ros2_ws/install/voice_interaction/share/voice_interaction/launch\n'}
[16.832936] (voice_interaction) StdoutLine: {'line': b'copying launch/voice_interaction_launch.py -> /home/webotpi/ros2_ws/install/voice_interaction/share/voice_interaction/launch\n'}
[16.833824] (voice_interaction) StdoutLine: {'line': b'creating /home/webotpi/ros2_ws/install/voice_interaction/share/voice_interaction/config\n'}
[16.833990] (voice_interaction) StdoutLine: {'line': b'copying config/voice_params.yaml -> /home/webotpi/ros2_ws/install/voice_interaction/share/voice_interaction/config\n'}
[16.837481] (voice_interaction) StdoutLine: {'line': b'running install_egg_info\n'}
[16.846745] (-) TimerEvent: {}
[16.876148] (voice_interaction) StdoutLine: {'line': b'Copying ../../build/voice_interaction/voice_interaction.egg-info to /home/webotpi/ros2_ws/install/voice_interaction/lib/python3.12/site-packages/voice_interaction-0.1.0-py3.12.egg-info\n'}
[16.878111] (voice_interaction) StdoutLine: {'line': b'running install_scripts\n'}
[16.880130] (my_srv) StdoutLine: {'line': b"-- Added test 'flake8' to check Python code syntax and style conventions\n"}
[16.880404] (my_srv) StdoutLine: {'line': b"-- Configured 'flake8' exclude dirs and/or files: \n"}
[16.886274] (my_srv) StdoutLine: {'line': b"-- Added test 'lint_cmake' to check CMake code style\n"}
[16.895525] (my_srv) StdoutLine: {'line': b"-- Added test 'pep257' to check Python code against some of the docstring style conventions in PEP 257\n"}
[16.906334] (my_srv) StdoutLine: {'line': b"-- Added test 'xmllint' to check XML markup files\n"}
[16.911202] (my_srv) StdoutLine: {'line': b'-- Configuring done (16.3s)\n'}
[16.946891] (-) TimerEvent: {}
[17.045376] (my_srv) StdoutLine: {'line': b'-- Generating done (0.1s)\n'}
[17.046998] (-) TimerEvent: {}
[17.081088] (my_srv) StdoutLine: {'line': b'-- Build files have been written to: /home/webotpi/ros2_ws/build/my_srv\n'}
[17.149388] (-) TimerEvent: {}
[17.160411] (my_srv) CommandEnded: {'returncode': 0}
[17.167742] (my_srv) JobProgress: {'identifier': 'my_srv', 'progress': 'build'}
[17.167841] (my_srv) Command: {'cmd': ['/usr/bin/cmake', '--build', '/home/webotpi/ros2_ws/build/my_srv', '--', '-j4', '-l4'], 'cwd': '/home/webotpi/ros2_ws/build/my_srv', 'env': OrderedDict({'LANGUAGE': 'zh_CN:en', 'USER': 'webotpi', 'SSH_CLIENT': '192.168.0.111 49972 22', 'LC_TIME': 'zh_CN.UTF-8', 'GZ_CONFIG_PATH': '/opt/ros/jazzy/opt/gz_sim_vendor/share/gz:/opt/ros/jazzy/opt/sdformat_vendor/share/gz:/opt/ros/jazzy/opt/gz_gui_vendor/share/gz:/opt/ros/jazzy/opt/gz_transport_vendor/share/gz:/opt/ros/jazzy/opt/gz_rendering_vendor/share/gz:/opt/ros/jazzy/opt/gz_plugin_vendor/share/gz:/opt/ros/jazzy/opt/gz_fuel_tools_vendor/share/gz:/opt/ros/jazzy/opt/gz_msgs_vendor/share/gz:/opt/ros/jazzy/opt/gz_common_vendor/share/gz', 'XDG_SESSION_TYPE': 'tty', 'SHLVL': '1', 'LD_LIBRARY_PATH': '/opt/ros/jazzy/opt/gz_sim_vendor/lib:/opt/ros/jazzy/opt/gz_sensors_vendor/lib:/opt/ros/jazzy/opt/gz_physics_vendor/lib:/opt/ros/jazzy/opt/sdformat_vendor/lib:/opt/ros/jazzy/opt/rviz_ogre_vendor/lib:/opt/ros/jazzy/lib/aarch64-linux-gnu:/opt/ros/jazzy/opt/gz_gui_vendor/lib:/opt/ros/jazzy/opt/gz_transport_vendor/lib:/opt/ros/jazzy/opt/gz_rendering_vendor/lib:/opt/ros/jazzy/opt/gz_plugin_vendor/lib:/opt/ros/jazzy/opt/gz_fuel_tools_vendor/lib:/opt/ros/jazzy/opt/gz_msgs_vendor/lib:/opt/ros/jazzy/opt/gz_common_vendor/lib:/opt/ros/jazzy/opt/gz_math_vendor/lib:/opt/ros/jazzy/opt/gz_utils_vendor/lib:/opt/ros/jazzy/opt/gz_tools_vendor/lib:/opt/ros/jazzy/opt/gz_ogre_next_vendor/lib:/opt/ros/jazzy/opt/gz_dartsim_vendor/lib:/opt/ros/jazzy/opt/gz_cmake_vendor/lib:/opt/ros/jazzy/lib', 'HOME': '/home/webotpi', 'OLDPWD': '/home/webotpi', 'ROS_PYTHON_VERSION': '3', 'LC_MONETARY': 'zh_CN.UTF-8', 'DBUS_SESSION_BUS_ADDRESS': 'unix:path=/run/user/1000/bus', 'ROS_DISTRO': 'jazzy', 'LOGNAME': 'webotpi', '_': '/usr/bin/colcon', 'ROS_VERSION': '2', 'XDG_SESSION_CLASS': 'user', 'XDG_SESSION_ID': '31', 'PATH': '/opt/ros/jazzy/opt/gz_msgs_vendor/bin:/opt/ros/jazzy/opt/gz_tools_vendor/bin:/opt/ros/jazzy/opt/gz_ogre_next_vendor/bin:/opt/ros/jazzy/bin:/usr/local/sbin:/usr/local/bin:/usr/sbin:/usr/bin:/sbin:/bin:/usr/games:/usr/local/games:/snap/bin', 'PAPERSIZE': 'a4', 'LC_ADDRESS': 'zh_CN.UTF-8', 'XDG_RUNTIME_DIR': '/run/user/1000', 'LANG': 'zh_CN.UTF-8', 'LC_TELEPHONE': 'zh_CN.UTF-8', 'AMENT_PREFIX_PATH': '/opt/ros/jazzy', 'SHELL': '/bin/bash', 'LC_NAME': 'zh_CN.UTF-8', 'LC_MEASUREMENT': 'zh_CN.UTF-8', 'LC_IDENTIFICATION': 'zh_CN.UTF-8', 'ROS_AUTOMATIC_DISCOVERY_RANGE': 'SUBNET', 'PWD': '/home/webotpi/ros2_ws/build/my_srv', 'SSH_CONNECTION': '192.168.0.111 49972 192.168.0.119 22', 'PYTHONPATH': '/opt/ros/jazzy/lib/python3.12/site-packages', 'LC_NUMERIC': 'zh_CN.UTF-8', 'LC_PAPER': 'zh_CN.UTF-8', 'COLCON': '1', 'CMAKE_PREFIX_PATH': '/opt/ros/jazzy/opt/gz_sim_vendor:/opt/ros/jazzy/opt/gz_sensors_vendor:/opt/ros/jazzy/opt/gz_physics_vendor:/opt/ros/jazzy/opt/sdformat_vendor:/opt/ros/jazzy/opt/gz_gui_vendor:/opt/ros/jazzy/opt/gz_transport_vendor:/opt/ros/jazzy/opt/gz_rendering_vendor:/opt/ros/jazzy/opt/gz_plugin_vendor:/opt/ros/jazzy/opt/gz_fuel_tools_vendor:/opt/ros/jazzy/opt/gz_msgs_vendor:/opt/ros/jazzy/opt/gz_common_vendor:/opt/ros/jazzy/opt/gz_math_vendor:/opt/ros/jazzy/opt/gz_utils_vendor:/opt/ros/jazzy/opt/gz_tools_vendor:/opt/ros/jazzy/opt/gz_ogre_next_vendor:/opt/ros/jazzy/opt/gz_dartsim_vendor:/opt/ros/jazzy/opt/gz_cmake_vendor:/opt/ros/jazzy'}), 'shell': False}
[17.250452] (-) TimerEvent: {}
[17.350912] (-) TimerEvent: {}
[17.369349] (voice_interaction) StdoutLine: {'line': b'Installing arm_executor_node script to /home/webotpi/ros2_ws/install/voice_interaction/lib/voice_interaction\n'}
[17.379108] (voice_interaction) StdoutLine: {'line': b'Installing intent_parser_node script to /home/webotpi/ros2_ws/install/voice_interaction/lib/voice_interaction\n'}
[17.380948] (voice_interaction) StdoutLine: {'line': b'Installing voice_recognition_node script to /home/webotpi/ros2_ws/install/voice_interaction/lib/voice_interaction\n'}
[17.392144] (voice_interaction) StdoutLine: {'line': b'Installing voice_synthesis_node script to /home/webotpi/ros2_ws/install/voice_interaction/lib/voice_interaction\n'}
[17.403218] (voice_interaction) StdoutLine: {'line': b"writing list of installed files to '/home/webotpi/ros2_ws/build/voice_interaction/install.log'\n"}
[17.409896] (my_srv) StdoutLine: {'line': b'[  2%] Generating Rust code for ROS interfaces\n'}
[17.453677] (-) TimerEvent: {}
[17.464898] (my_srv) StdoutLine: {'line': b'[  2%] Built target ament_cmake_python_copy_my_srv\n'}
[17.499920] (my_srv) StdoutLine: {'line': b'[  5%] Generating type hashes for ROS interfaces\n'}
[17.554683] (-) TimerEvent: {}
[17.657304] (-) TimerEvent: {}
[17.700241] (voice_interaction) CommandEnded: {'returncode': 0}
[17.759751] (-) TimerEvent: {}
[17.820841] (voice_interaction) JobEnded: {'identifier': 'voice_interaction', 'rc': 0}
[17.860928] (-) TimerEvent: {}
[17.961277] (-) TimerEvent: {}
[18.063017] (-) TimerEvent: {}
[18.163367] (-) TimerEvent: {}
[18.264951] (-) TimerEvent: {}
[18.328180] (my_srv) StdoutLine: {'line': b'running egg_info\n'}
[18.332269] (my_srv) StdoutLine: {'line': b'creating my_srv.egg-info\n'}
[18.367347] (-) TimerEvent: {}
[18.388743] (my_srv) StdoutLine: {'line': b'writing my_srv.egg-info/PKG-INFO\n'}
[18.392589] (my_srv) StdoutLine: {'line': b'writing dependency_links to my_srv.egg-info/dependency_links.txt\n'}
[18.393048] (my_srv) StdoutLine: {'line': b'writing top-level names to my_srv.egg-info/top_level.txt\n'}
[18.393183] (my_srv) StdoutLine: {'line': b"writing manifest file 'my_srv.egg-info/SOURCES.txt'\n"}
[18.467644] (-) TimerEvent: {}
[18.567975] (-) TimerEvent: {}
[18.591132] (my_srv) StdoutLine: {'line': b"reading manifest file 'my_srv.egg-info/SOURCES.txt'\n"}
[18.592817] (my_srv) StdoutLine: {'line': b"writing manifest file 'my_srv.egg-info/SOURCES.txt'\n"}
[18.669372] (-) TimerEvent: {}
[18.736991] (my_srv) StdoutLine: {'line': b'[  5%] Built target my_srv__rosidl_generator_type_description\n'}
[18.769793] (-) TimerEvent: {}
[18.822055] (my_srv) StdoutLine: {'line': b'[  8%] Generating C code for ROS interfaces\n'}
[18.882382] (-) TimerEvent: {}
[18.939271] (my_srv) StdoutLine: {'line': b'[  8%] Built target ament_cmake_python_build_my_srv_egg\n'}
[18.977088] (my_srv) StdoutLine: {'line': b'[ 11%] Generating C++ code for ROS interfaces\n'}
[18.982849] (-) TimerEvent: {}
[19.085062] (-) TimerEvent: {}
[19.186698] (-) TimerEvent: {}
[19.279307] (my_srv) StdoutLine: {'line': b'[ 11%] Built target my_srv__rs\n'}
[19.289467] (-) TimerEvent: {}
[19.389949] (-) TimerEvent: {}
[19.490440] (-) TimerEvent: {}
[19.563883] (rplidar_ros) StderrLine: {'line': b'/home/webotpi/ros2_ws/src/rplidar_ros/sdk/src/arch/linux/net_serial.cpp: In member function \xe2\x80\x98bool rp::arch::net::raw_serial::open(const char*, uint32_t, uint32_t)\xe2\x80\x99:\n'}
[19.564291] (rplidar_ros) StderrLine: {'line': b'/home/webotpi/ros2_ws/src/rplidar_ros/sdk/src/arch/linux/net_serial.cpp:97:74: warning: unused parameter \xe2\x80\x98flags\xe2\x80\x99 [-Wunused-parameter]\n'}
[19.564434] (rplidar_ros) StderrLine: {'line': b'   97 | bool raw_serial::open(const char * portname, uint32_t baudrate, uint32_t flags)\n'}
[19.564526] (rplidar_ros) StderrLine: {'line': b'      |                                                                 ~~~~~~~~~^~~~~\n'}
[19.569594] (rplidar_ros) StderrLine: {'line': b'/home/webotpi/ros2_ws/src/rplidar_ros/sdk/src/arch/linux/net_serial.cpp: In member function \xe2\x80\x98virtual void rp::arch::net::raw_serial::flush(_u32)\xe2\x80\x99:\n'}
[19.569941] (rplidar_ros) StderrLine: {'line': b'/home/webotpi/ros2_ws/src/rplidar_ros/sdk/src/arch/linux/net_serial.cpp:281:30: warning: unused parameter \xe2\x80\x98flags\xe2\x80\x99 [-Wunused-parameter]\n'}
[19.570047] (rplidar_ros) StderrLine: {'line': b'  281 | void raw_serial::flush( _u32 flags)\n'}
[19.570134] (rplidar_ros) StderrLine: {'line': b'      |                         ~~~~~^~~~~\n'}
[19.570212] (rplidar_ros) StderrLine: {'line': b'/home/webotpi/ros2_ws/src/rplidar_ros/sdk/src/arch/linux/net_serial.cpp: In member function \xe2\x80\x98virtual int rp::arch::net::raw_serial::waitforsent(_u32, size_t*)\xe2\x80\x99:\n'}
[19.570357] (rplidar_ros) StderrLine: {'line': b'/home/webotpi/ros2_ws/src/rplidar_ros/sdk/src/arch/linux/net_serial.cpp:286:34: warning: unused parameter \xe2\x80\x98timeout\xe2\x80\x99 [-Wunused-parameter]\n'}
[19.570460] (rplidar_ros) StderrLine: {'line': b'  286 | int raw_serial::waitforsent(_u32 timeout, size_t * returned_size)\n'}
[19.570542] (rplidar_ros) StderrLine: {'line': b'      |                             ~~~~~^~~~~~~\n'}
[19.570627] (rplidar_ros) StderrLine: {'line': b'/home/webotpi/ros2_ws/src/rplidar_ros/sdk/src/arch/linux/net_serial.cpp: In member function \xe2\x80\x98virtual int rp::arch::net::raw_serial::waitforrecv(_u32, size_t*)\xe2\x80\x99:\n'}
[19.570701] (rplidar_ros) StderrLine: {'line': b'/home/webotpi/ros2_ws/src/rplidar_ros/sdk/src/arch/linux/net_serial.cpp:292:34: warning: unused parameter \xe2\x80\x98timeout\xe2\x80\x99 [-Wunused-parameter]\n'}
[19.570774] (rplidar_ros) StderrLine: {'line': b'  292 | int raw_serial::waitforrecv(_u32 timeout, size_t * returned_size)\n'}
[19.570849] (rplidar_ros) StderrLine: {'line': b'      |                             ~~~~~^~~~~~~\n'}
[19.589155] (rplidar_ros) StderrLine: {'line': b'/home/webotpi/ros2_ws/src/rplidar_ros/sdk/src/arch/linux/net_serial.cpp: In member function \xe2\x80\x98virtual void rp::arch::net::raw_serial::cancelOperation()\xe2\x80\x99:\n'}
[19.589501] (rplidar_ros) StderrLine: {'line': b'/home/webotpi/ros2_ws/src/rplidar_ros/sdk/src/arch/linux/net_serial.cpp:427:5: warning: value computed is not used [-Wunused-value]\n'}
[19.589652] (rplidar_ros) StderrLine: {'line': b'  427 |     (int)::write(_selfpipe[1], "x", 1);\n'}
[19.589742] (rplidar_ros) StderrLine: {'line': b'      |     ^~~~~~~~~~~~~~~~~~~~~~~~~~~~~~~~~~\n'}
[19.595378] (-) TimerEvent: {}
[19.695670] (-) TimerEvent: {}
[19.796101] (-) TimerEvent: {}
[19.896361] (-) TimerEvent: {}
[19.996629] (-) TimerEvent: {}
[20.096908] (-) TimerEvent: {}
[20.197194] (-) TimerEvent: {}
[20.302499] (-) TimerEvent: {}
[20.402893] (-) TimerEvent: {}
[20.410521] (rplidar_ros) StdoutLine: {'line': b'[ 13%] Building CXX object CMakeFiles/rplidar_node.dir/sdk/src/arch/linux/net_socket.cpp.o\n'}
[20.505410] (-) TimerEvent: {}
[20.605748] (-) TimerEvent: {}
[20.645983] (my_srv) StdoutLine: {'line': b'[ 11%] Built target my_srv__cpp\n'}
[20.705994] (-) TimerEvent: {}
[20.807515] (-) TimerEvent: {}
[20.910624] (-) TimerEvent: {}
[21.011021] (-) TimerEvent: {}
[21.012350] (my_srv) StdoutLine: {'line': b'[ 14%] Building C object CMakeFiles/my_srv__rosidl_generator_c.dir/rosidl_generator_c/my_srv/srv/detail/add__functions.c.o\n'}
[21.031089] (my_srv) StdoutLine: {'line': b'[ 17%] Building C object CMakeFiles/my_srv__rosidl_generator_c.dir/rosidl_generator_c/my_srv/srv/detail/add__description.c.o\n'}
[21.038390] (my_srv) StdoutLine: {'line': b'[ 20%] Building C object CMakeFiles/my_srv__rosidl_generator_c.dir/rosidl_generator_c/my_srv/srv/detail/add__type_support.c.o\n'}
[21.111152] (-) TimerEvent: {}
[21.211778] (-) TimerEvent: {}
[21.312061] (-) TimerEvent: {}
[21.421117] (-) TimerEvent: {}
[21.522420] (-) TimerEvent: {}
[21.627427] (my_srv) StdoutLine: {'line': b'[ 22%] Linking C shared library libmy_srv__rosidl_generator_c.so\n'}
[21.627997] (-) TimerEvent: {}
[21.728468] (-) TimerEvent: {}
[21.828957] (-) TimerEvent: {}
[21.840793] (my_srv) StdoutLine: {'line': b'[ 22%] Built target my_srv__rosidl_generator_c\n'}
[21.929378] (my_srv) StdoutLine: {'line': b'[ 28%] Generating C introspection for ROS interfaces\n'}
[21.929866] (-) TimerEvent: {}
[21.929897] (my_srv) StdoutLine: {'line': b'[ 31%] Generating C type support dispatch for ROS interfaces\n'}
[21.930037] (my_srv) StdoutLine: {'line': b'[ 25%] Generating C++ type support for eProsima Fast-RTPS\n'}
[21.935942] (my_srv) StdoutLine: {'line': b'[ 34%] Generating C type support for eProsima Fast-RTPS\n'}
[22.032928] (-) TimerEvent: {}
[22.133265] (-) TimerEvent: {}
[22.238802] (-) TimerEvent: {}
[22.249349] (rplidar_ros) StderrLine: {'line': b'In file included from /home/webotpi/ros2_ws/src/rplidar_ros/sdk/include/rplidar_protocol.h:36,\n'}
[22.249664] (rplidar_ros) StderrLine: {'line': b'                 from /home/webotpi/ros2_ws/src/rplidar_ros/sdk/include/rplidar.h:39,\n'}
[22.249828] (rplidar_ros) StderrLine: {'line': b'                 from /home/webotpi/ros2_ws/src/rplidar_ros/sdk/src/sdkcommon.h:49,\n'}
[22.249935] (rplidar_ros) StderrLine: {'line': b'                 from /home/webotpi/ros2_ws/src/rplidar_ros/sdk/src/arch/linux/net_socket.cpp:10:\n'}
[22.250024] (rplidar_ros) StderrLine: {'line': b'/home/webotpi/ros2_ws/src/rplidar_ros/sdk/include/sl_lidar_protocol.h:66:16: warning: ISO C++ forbids zero-size array \xe2\x80\x98data\xe2\x80\x99 [-Wpedantic]\n'}
[22.250131] (rplidar_ros) StderrLine: {'line': b'   66 |     sl_u8 data[0];\n'}
[22.250225] (rplidar_ros) StderrLine: {'line': b'      |                ^\n'}
[22.259175] (rplidar_ros) StderrLine: {'line': b'In file included from /home/webotpi/ros2_ws/src/rplidar_ros/sdk/include/rplidar_cmd.h:36,\n'}
[22.259598] (rplidar_ros) StderrLine: {'line': b'                 from /home/webotpi/ros2_ws/src/rplidar_ros/sdk/include/rplidar.h:40:\n'}
[22.259765] (rplidar_ros) StderrLine: {'line': b'/home/webotpi/ros2_ws/src/rplidar_ros/sdk/include/sl_lidar_cmd.h:324:20: warning: ISO C++ forbids zero-size array \xe2\x80\x98payload\xe2\x80\x99 [-Wpedantic]\n'}
[22.259868] (rplidar_ros) StderrLine: {'line': b'  324 |     sl_u8  payload[0];\n'}
[22.259966] (rplidar_ros) StderrLine: {'line': b'      |                    ^\n'}
[22.339609] (-) TimerEvent: {}
[22.366294] (rplidar_ros) StderrLine: {'line': b'In file included from /home/webotpi/ros2_ws/src/rplidar_ros/sdk/src/arch/linux/arch_linux.h:42,\n'}
[22.366672] (rplidar_ros) StderrLine: {'line': b'                 from /home/webotpi/ros2_ws/src/rplidar_ros/sdk/src/sdkcommon.h:41:\n'}
[22.369966] (rplidar_ros) StderrLine: {'line': b'/home/webotpi/ros2_ws/src/rplidar_ros/sdk/src/arch/linux/net_socket.cpp: In member function \xe2\x80\x98virtual u_result rp::arch::net::DGramSocketImpl::sendTo(const rp::net::SocketAddress*, const void*, size_t)\xe2\x80\x99:\n'}
[22.370415] (rplidar_ros) StderrLine: {'line': b'/home/webotpi/ros2_ws/src/rplidar_ros/sdk/src/arch/linux/net_socket.cpp:733:24: warning: comparison of integer expressions of different signedness: \xe2\x80\x98int\xe2\x80\x99 and \xe2\x80\x98size_t\xe2\x80\x99 {aka \xe2\x80\x98long unsigned int\xe2\x80\x99} [-Wsign-compare]\n'}
[22.370589] (rplidar_ros) StderrLine: {'line': b'  733 |             assert(ans == len);\n'}
[22.370864] (rplidar_ros) StderrLine: {'line': b'      |                    ~~~~^~~~~~\n'}
[22.444784] (-) TimerEvent: {}
[22.545003] (-) TimerEvent: {}
[22.646481] (-) TimerEvent: {}
[22.746739] (-) TimerEvent: {}
[22.817761] (rplidar_ros) StdoutLine: {'line': b'[ 15%] Building CXX object CMakeFiles/rplidar_node.dir/sdk/src/arch/linux/timer.cpp.o\n'}
[22.847420] (-) TimerEvent: {}
[22.947753] (-) TimerEvent: {}
[23.058340] (-) TimerEvent: {}
[23.158596] (-) TimerEvent: {}
[23.258917] (-) TimerEvent: {}
[23.360415] (-) TimerEvent: {}
[23.460666] (-) TimerEvent: {}
[23.563336] (-) TimerEvent: {}
[23.588682] (my_srv) StdoutLine: {'line': b'[ 37%] Building C object CMakeFiles/my_srv__rosidl_typesupport_introspection_c.dir/rosidl_typesupport_introspection_c/my_srv/srv/detail/add__type_support.c.o\n'}
[23.663492] (-) TimerEvent: {}
[23.764386] (-) TimerEvent: {}
[23.864912] (-) TimerEvent: {}
[23.970445] (-) TimerEvent: {}
[24.003899] (my_srv) StdoutLine: {'line': b'[ 40%] Building CXX object CMakeFiles/my_srv__rosidl_typesupport_fastrtps_c.dir/rosidl_typesupport_fastrtps_c/my_srv/srv/detail/add__type_support_c.cpp.o\n'}
[24.007320] (my_srv) StdoutLine: {'line': b'[ 42%] Linking C shared library libmy_srv__rosidl_typesupport_introspection_c.so\n'}
[24.074413] (-) TimerEvent: {}
[24.145347] (my_srv) StdoutLine: {'line': b'[ 45%] Building CXX object CMakeFiles/my_srv__rosidl_typesupport_c.dir/rosidl_typesupport_c/my_srv/srv/add__type_support.cpp.o\n'}
[24.178365] (-) TimerEvent: {}
[24.258351] (my_srv) StdoutLine: {'line': b'[ 45%] Built target my_srv__rosidl_typesupport_introspection_c\n'}
[24.278563] (-) TimerEvent: {}
[24.324423] (my_srv) StdoutLine: {'line': b'[ 48%] Generating C++ introspection for ROS interfaces\n'}
[24.378710] (-) TimerEvent: {}
[24.399372] (my_srv) StdoutLine: {'line': b'[ 51%] Linking CXX shared library libmy_srv__rosidl_typesupport_c.so\n'}
[24.478924] (-) TimerEvent: {}
[24.586375] (my_srv) StdoutLine: {'line': b'[ 51%] Built target my_srv__rosidl_typesupport_c\n'}
[24.586752] (-) TimerEvent: {}
[24.655599] (my_srv) StdoutLine: {'line': b'[ 54%] Generating C++ type support dispatch for ROS interfaces\n'}
[24.691540] (-) TimerEvent: {}
[24.734548] (my_srv) StdoutLine: {'line': b'[ 57%] Building CXX object CMakeFiles/my_srv__rosidl_typesupport_fastrtps_cpp.dir/rosidl_typesupport_fastrtps_cpp/my_srv/srv/detail/dds_fastrtps/add__type_support.cpp.o\n'}
[24.791650] (-) TimerEvent: {}
[24.891945] (-) TimerEvent: {}
[24.992235] (-) TimerEvent: {}
[25.019012] (rplidar_ros) StdoutLine: {'line': b'[ 18%] Building CXX object CMakeFiles/rplidar_node.dir/sdk/src/dataunpacker/dataunpacker.cpp.o\n'}
[25.092370] (-) TimerEvent: {}
[25.194167] (-) TimerEvent: {}
[25.295956] (-) TimerEvent: {}
[25.396432] (-) TimerEvent: {}
[25.498554] (-) TimerEvent: {}
[25.602547] (-) TimerEvent: {}
[25.702766] (-) TimerEvent: {}
[25.804060] (-) TimerEvent: {}
[25.907513] (-) TimerEvent: {}
[26.008691] (-) TimerEvent: {}
[26.108980] (-) TimerEvent: {}
[26.209298] (-) TimerEvent: {}
[26.312399] (-) TimerEvent: {}
[26.412782] (-) TimerEvent: {}
[26.493824] (my_srv) StdoutLine: {'line': b'[ 60%] Building CXX object CMakeFiles/my_srv__rosidl_typesupport_cpp.dir/rosidl_typesupport_cpp/my_srv/srv/add__type_support.cpp.o\n'}
[26.512944] (-) TimerEvent: {}
[26.540748] (my_srv) StdoutLine: {'line': b'[ 62%] Building CXX object CMakeFiles/my_srv__rosidl_typesupport_introspection_cpp.dir/rosidl_typesupport_introspection_cpp/my_srv/srv/detail/add__type_support.cpp.o\n'}
[26.613073] (-) TimerEvent: {}
[26.718404] (-) TimerEvent: {}
[26.818795] (-) TimerEvent: {}
[26.919142] (-) TimerEvent: {}
[27.019451] (-) TimerEvent: {}
[27.087895] (my_srv) StdoutLine: {'line': b'[ 65%] Linking CXX shared library libmy_srv__rosidl_typesupport_fastrtps_c.so\n'}
[27.122384] (-) TimerEvent: {}
[27.222710] (-) TimerEvent: {}
[27.327378] (-) TimerEvent: {}
[27.427726] (-) TimerEvent: {}
[27.513560] (my_srv) StdoutLine: {'line': b'[ 65%] Built target my_srv__rosidl_typesupport_fastrtps_c\n'}
[27.529379] (-) TimerEvent: {}
[27.632341] (-) TimerEvent: {}
[27.732603] (-) TimerEvent: {}
[27.835368] (-) TimerEvent: {}
[27.935655] (-) TimerEvent: {}
[28.036136] (-) TimerEvent: {}
[28.139398] (-) TimerEvent: {}
[28.239769] (-) TimerEvent: {}
[28.340082] (-) TimerEvent: {}
[28.440374] (-) TimerEvent: {}
[28.543378] (-) TimerEvent: {}
[28.573052] (rplidar_ros) StderrLine: {'line': b'In file included from /home/webotpi/ros2_ws/src/rplidar_ros/sdk/include/rplidar_protocol.h:36,\n'}
[28.573428] (rplidar_ros) StderrLine: {'line': b'                 from /home/webotpi/ros2_ws/src/rplidar_ros/sdk/include/rplidar.h:39,\n'}
[28.573631] (rplidar_ros) StderrLine: {'line': b'                 from /home/webotpi/ros2_ws/src/rplidar_ros/sdk/src/sdkcommon.h:49,\n'}
[28.573786] (rplidar_ros) StderrLine: {'line': b'                 from /home/webotpi/ros2_ws/src/rplidar_ros/sdk/src/dataunpacker/dataunnpacker_commondef.h:41,\n'}
[28.573967] (rplidar_ros) StderrLine: {'line': b'                 from /home/webotpi/ros2_ws/src/rplidar_ros/sdk/src/dataunpacker/dataunpacker.cpp:39:\n'}
[28.574086] (rplidar_ros) StderrLine: {'line': b'/home/webotpi/ros2_ws/src/rplidar_ros/sdk/include/sl_lidar_protocol.h:66:16: warning: ISO C++ forbids zero-size array \xe2\x80\x98data\xe2\x80\x99 [-Wpedantic]\n'}
[28.574234] (rplidar_ros) StderrLine: {'line': b'   66 |     sl_u8 data[0];\n'}
[28.574396] (rplidar_ros) StderrLine: {'line': b'      |                ^\n'}
[28.575695] (rplidar_ros) StderrLine: {'line': b'In file included from /home/webotpi/ros2_ws/src/rplidar_ros/sdk/include/rplidar_cmd.h:36,\n'}
[28.576002] (rplidar_ros) StderrLine: {'line': b'                 from /home/webotpi/ros2_ws/src/rplidar_ros/sdk/include/rplidar.h:40:\n'}
[28.576187] (rplidar_ros) StderrLine: {'line': b'/home/webotpi/ros2_ws/src/rplidar_ros/sdk/include/sl_lidar_cmd.h:324:20: warning: ISO C++ forbids zero-size array \xe2\x80\x98payload\xe2\x80\x99 [-Wpedantic]\n'}
[28.576390] (rplidar_ros) StderrLine: {'line': b'  324 |     sl_u8  payload[0];\n'}
[28.576515] (rplidar_ros) StderrLine: {'line': b'      |                    ^\n'}
[28.645384] (-) TimerEvent: {}
[28.745658] (-) TimerEvent: {}
[28.848474] (-) TimerEvent: {}
[28.949051] (-) TimerEvent: {}
[29.049393] (-) TimerEvent: {}
[29.067095] (my_srv) StdoutLine: {'line': b'[ 68%] Linking CXX shared library libmy_srv__rosidl_typesupport_cpp.so\n'}
[29.149571] (-) TimerEvent: {}
[29.205199] (rplidar_ros) StderrLine: {'line': b'In file included from /home/webotpi/ros2_ws/src/rplidar_ros/sdk/src/dataunpacker/dataunpacker.cpp:40:\n'}
[29.205826] (rplidar_ros) StderrLine: {'line': b'/home/webotpi/ros2_ws/src/rplidar_ros/sdk/src/dataunpacker/dataunpacker.h: In member function \xe2\x80\x98virtual void sl::internal::LIDARSampleDataListener::onCustomSampleDataDecoded(_u8, _u32, const void*, size_t)\xe2\x80\x99:\n'}
[29.207556] (rplidar_ros) StderrLine: {'line': b'/home/webotpi/ros2_ws/src/rplidar_ros/sdk/src/dataunpacker/dataunpacker.h:54:52: warning: unused parameter \xe2\x80\x98ansType\xe2\x80\x99 [-Wunused-parameter]\n'}
[29.207823] (rplidar_ros) StderrLine: {'line': b'   54 |         virtual void onCustomSampleDataDecoded(_u8 ansType, _u32 customCode, const void* data, size_t size) {}\n'}
[29.208045] (rplidar_ros) StderrLine: {'line': b'      |                                                ~~~~^~~~~~~\n'}
[29.209771] (rplidar_ros) StderrLine: {'line': b'/home/webotpi/ros2_ws/src/rplidar_ros/sdk/src/dataunpacker/dataunpacker.h:54:66: warning: unused parameter \xe2\x80\x98customCode\xe2\x80\x99 [-Wunused-parameter]\n'}
[29.209962] (rplidar_ros) StderrLine: {'line': b'   54 |         virtual void onCustomSampleDataDecoded(_u8 ansType, _u32 customCode, const void* data, size_t size) {}\n'}
[29.210108] (rplidar_ros) StderrLine: {'line': b'      |                                                             ~~~~~^~~~~~~~~~\n'}
[29.210230] (rplidar_ros) StderrLine: {'line': b'/home/webotpi/ros2_ws/src/rplidar_ros/sdk/src/dataunpacker/dataunpacker.h:54:90: warning: unused parameter \xe2\x80\x98data\xe2\x80\x99 [-Wunused-parameter]\n'}
[29.211382] (rplidar_ros) StderrLine: {'line': b'   54 |         virtual void onCustomSampleDataDecoded(_u8 ansType, _u32 customCode, const void* data, size_t size) {}\n'}
[29.211821] (rplidar_ros) StderrLine: {'line': b'      |                                                                              ~~~~~~~~~~~~^~~~\n'}
[29.211995] (rplidar_ros) StderrLine: {'line': b'/home/webotpi/ros2_ws/src/rplidar_ros/sdk/src/dataunpacker/dataunpacker.h:54:103: warning: unused parameter \xe2\x80\x98size\xe2\x80\x99 [-Wunused-parameter]\n'}
[29.212159] (rplidar_ros) StderrLine: {'line': b'   54 |         virtual void onCustomSampleDataDecoded(_u8 ansType, _u32 customCode, const void* data, size_t size) {}\n'}
[29.212453] (rplidar_ros) StderrLine: {'line': b'      |                                                                                                ~~~~~~~^~~~\n'}
[29.213794] (rplidar_ros) StderrLine: {'line': b'/home/webotpi/ros2_ws/src/rplidar_ros/sdk/src/dataunpacker/dataunpacker.h: In member function \xe2\x80\x98virtual void sl::internal::LIDARSampleDataListener::onDecodingError(int, _u8, const void*, size_t)\xe2\x80\x99:\n'}
[29.214195] (rplidar_ros) StderrLine: {'line': b'/home/webotpi/ros2_ws/src/rplidar_ros/sdk/src/dataunpacker/dataunpacker.h:56:42: warning: unused parameter \xe2\x80\x98errMsg\xe2\x80\x99 [-Wunused-parameter]\n'}
[29.214380] (rplidar_ros) StderrLine: {'line': b'   56 |         virtual void onDecodingError(int errMsg, _u8 ansType, const void* payload, size_t size) {}\n'}
[29.214638] (rplidar_ros) StderrLine: {'line': b'      |                                      ~~~~^~~~~~\n'}
[29.216580] (rplidar_ros) StderrLine: {'line': b'/home/webotpi/ros2_ws/src/rplidar_ros/sdk/src/dataunpacker/dataunpacker.h:56:54: warning: unused parameter \xe2\x80\x98ansType\xe2\x80\x99 [-Wunused-parameter]\n'}
[29.216928] (rplidar_ros) StderrLine: {'line': b'   56 |         virtual void onDecodingError(int errMsg, _u8 ansType, const void* payload, size_t size) {}\n'}
[29.218439] (rplidar_ros) StderrLine: {'line': b'      |                                                  ~~~~^~~~~~~\n'}
[29.218661] (rplidar_ros) StderrLine: {'line': b'/home/webotpi/ros2_ws/src/rplidar_ros/sdk/src/dataunpacker/dataunpacker.h:56:75: warning: unused parameter \xe2\x80\x98payload\xe2\x80\x99 [-Wunused-parameter]\n'}
[29.218791] (rplidar_ros) StderrLine: {'line': b'   56 |         virtual void onDecodingError(int errMsg, _u8 ansType, const void* payload, size_t size) {}\n'}
[29.218906] (rplidar_ros) StderrLine: {'line': b'      |                                                               ~~~~~~~~~~~~^~~~~~~\n'}
[29.219008] (rplidar_ros) StderrLine: {'line': b'/home/webotpi/ros2_ws/src/rplidar_ros/sdk/src/dataunpacker/dataunpacker.h:56:91: warning: unused parameter \xe2\x80\x98size\xe2\x80\x99 [-Wunused-parameter]\n'}
[29.219114] (rplidar_ros) StderrLine: {'line': b'   56 |         virtual void onDecodingError(int errMsg, _u8 ansType, const void* payload, size_t size) {}\n'}
[29.220822] (rplidar_ros) StderrLine: {'line': b'      |                                                                                    ~~~~~~~^~~~\n'}
[29.250363] (-) TimerEvent: {}
[29.352375] (-) TimerEvent: {}
[29.452645] (-) TimerEvent: {}
[29.453517] (my_srv) StdoutLine: {'line': b'[ 68%] Built target my_srv__rosidl_typesupport_cpp\n'}
[29.533397] (my_srv) StdoutLine: {'line': b'[ 71%] Linking CXX shared library libmy_srv__rosidl_typesupport_fastrtps_cpp.so\n'}
[29.552818] (-) TimerEvent: {}
[29.653118] (-) TimerEvent: {}
[29.752474] (my_srv) StdoutLine: {'line': b'[ 74%] Linking CXX shared library libmy_srv__rosidl_typesupport_introspection_cpp.so\n'}
[29.753217] (-) TimerEvent: {}
[29.853448] (-) TimerEvent: {}
[29.953750] (-) TimerEvent: {}
[30.055450] (-) TimerEvent: {}
[30.097136] (my_srv) StdoutLine: {'line': b'[ 74%] Built target my_srv__rosidl_typesupport_fastrtps_cpp\n'}
[30.155582] (-) TimerEvent: {}
[30.255944] (-) TimerEvent: {}
[30.356209] (-) TimerEvent: {}
[30.379939] (my_srv) StdoutLine: {'line': b'[ 74%] Built target my_srv__rosidl_typesupport_introspection_cpp\n'}
[30.460869] (my_srv) StdoutLine: {'line': b'[ 74%] Built target my_srv\n'}
[30.461700] (-) TimerEvent: {}
[30.533851] (my_srv) StdoutLine: {'line': b'[ 77%] Generating Python code for ROS interfaces\n'}
[30.563459] (-) TimerEvent: {}
[30.634478] (rplidar_ros) StdoutLine: {'line': b'[ 21%] Building CXX object CMakeFiles/rplidar_composition.dir/sdk/src/arch/linux/net_serial.cpp.o\n'}
[30.663585] (-) TimerEvent: {}
[30.766395] (-) TimerEvent: {}
[30.866665] (-) TimerEvent: {}
[30.969399] (-) TimerEvent: {}
[31.069695] (-) TimerEvent: {}
[31.171077] (-) TimerEvent: {}
[31.271490] (-) TimerEvent: {}
[31.372337] (-) TimerEvent: {}
[31.472577] (-) TimerEvent: {}
[31.572861] (-) TimerEvent: {}
[31.674336] (-) TimerEvent: {}
[31.774690] (-) TimerEvent: {}
[31.875089] (-) TimerEvent: {}
[31.978353] (-) TimerEvent: {}
[31.986622] (rplidar_ros) StderrLine: {'line': b'In file included from /home/webotpi/ros2_ws/src/rplidar_ros/sdk/include/sl_lidar_cmd.h:41,\n'}
[31.986975] (rplidar_ros) StderrLine: {'line': b'                 from /home/webotpi/ros2_ws/src/rplidar_ros/sdk/include/sl_lidar_driver.h:54,\n'}
[31.987132] (rplidar_ros) StderrLine: {'line': b'                 from /home/webotpi/ros2_ws/src/rplidar_ros/sdk/include/sl_lidar.h:36,\n'}
[31.987451] (rplidar_ros) StderrLine: {'line': b'                 from /home/webotpi/ros2_ws/src/rplidar_ros/src/rplidar_node.cpp:38:\n'}
[31.987614] (rplidar_ros) StderrLine: {'line': b'/home/webotpi/ros2_ws/src/rplidar_ros/sdk/include/sl_lidar_protocol.h:66:16: warning: ISO C++ forbids zero-size array \xe2\x80\x98data\xe2\x80\x99 [-Wpedantic]\n'}
[31.987723] (rplidar_ros) StderrLine: {'line': b'   66 |     sl_u8 data[0];\n'}
[31.987815] (rplidar_ros) StderrLine: {'line': b'      |                ^\n'}
[31.990644] (rplidar_ros) StderrLine: {'line': b'/home/webotpi/ros2_ws/src/rplidar_ros/sdk/include/sl_lidar_cmd.h:324:20: warning: ISO C++ forbids zero-size array \xe2\x80\x98payload\xe2\x80\x99 [-Wpedantic]\n'}
[31.991056] (rplidar_ros) StderrLine: {'line': b'  324 |     sl_u8  payload[0];\n'}
[31.991233] (rplidar_ros) StderrLine: {'line': b'      |                    ^\n'}
[32.047034] (my_srv) StdoutLine: {'line': b'[ 77%] Built target my_srv__py\n'}
[32.081094] (-) TimerEvent: {}
[32.181469] (-) TimerEvent: {}
[32.201536] (my_srv) StdoutLine: {'line': b'[ 80%] Building C object CMakeFiles/my_srv__rosidl_generator_py.dir/rosidl_generator_py/my_srv/srv/_add_s.c.o\n'}
[32.226520] (rplidar_ros) StderrLine: {'line': b'In file included from /home/webotpi/ros2_ws/src/rplidar_ros/sdk/include/sl_lidar_cmd.h:41,\n'}
[32.227051] (rplidar_ros) StderrLine: {'line': b'                 from /home/webotpi/ros2_ws/src/rplidar_ros/sdk/include/sl_lidar_driver.h:54,\n'}
[32.227240] (rplidar_ros) StderrLine: {'line': b'                 from /home/webotpi/ros2_ws/src/rplidar_ros/sdk/include/sl_lidar.h:36,\n'}
[32.227493] (rplidar_ros) StderrLine: {'line': b'                 from /home/webotpi/ros2_ws/src/rplidar_ros/src/rplidar_node.cpp:38:\n'}
[32.227679] (rplidar_ros) StderrLine: {'line': b'/home/webotpi/ros2_ws/src/rplidar_ros/sdk/include/sl_lidar_protocol.h:66:16: warning: ISO C++ forbids zero-size array \xe2\x80\x98data\xe2\x80\x99 [-Wpedantic]\n'}
[32.227860] (rplidar_ros) StderrLine: {'line': b'   66 |     sl_u8 data[0];\n'}
[32.228024] (rplidar_ros) StderrLine: {'line': b'      |                ^\n'}
[32.228177] (rplidar_ros) StderrLine: {'line': b'/home/webotpi/ros2_ws/src/rplidar_ros/sdk/include/sl_lidar_cmd.h:324:20: warning: ISO C++ forbids zero-size array \xe2\x80\x98payload\xe2\x80\x99 [-Wpedantic]\n'}
[32.228415] (rplidar_ros) StderrLine: {'line': b'  324 |     sl_u8  payload[0];\n'}
[32.228572] (rplidar_ros) StderrLine: {'line': b'      |                    ^\n'}
[32.283375] (-) TimerEvent: {}
[32.383642] (-) TimerEvent: {}
[32.402648] (rplidar_ros) StderrLine: {'line': b'/home/webotpi/ros2_ws/src/rplidar_ros/sdk/src/arch/linux/net_serial.cpp: In member function \xe2\x80\x98bool rp::arch::net::raw_serial::open(const char*, uint32_t, uint32_t)\xe2\x80\x99:\n'}
[32.403212] (rplidar_ros) StderrLine: {'line': b'/home/webotpi/ros2_ws/src/rplidar_ros/sdk/src/arch/linux/net_serial.cpp:97:74: warning: unused parameter \xe2\x80\x98flags\xe2\x80\x99 [-Wunused-parameter]\n'}
[32.403475] (rplidar_ros) StderrLine: {'line': b'   97 | bool raw_serial::open(const char * portname, uint32_t baudrate, uint32_t flags)\n'}
[32.403609] (rplidar_ros) StderrLine: {'line': b'      |                                                                 ~~~~~~~~~^~~~~\n'}
[32.403720] (rplidar_ros) StderrLine: {'line': b'/home/webotpi/ros2_ws/src/rplidar_ros/sdk/src/arch/linux/net_serial.cpp: In member function \xe2\x80\x98virtual void rp::arch::net::raw_serial::flush(_u32)\xe2\x80\x99:\n'}
[32.403831] (rplidar_ros) StderrLine: {'line': b'/home/webotpi/ros2_ws/src/rplidar_ros/sdk/src/arch/linux/net_serial.cpp:281:30: warning: unused parameter \xe2\x80\x98flags\xe2\x80\x99 [-Wunused-parameter]\n'}
[32.403931] (rplidar_ros) StderrLine: {'line': b'  281 | void raw_serial::flush( _u32 flags)\n'}
[32.404026] (rplidar_ros) StderrLine: {'line': b'      |                         ~~~~~^~~~~\n'}
[32.404119] (rplidar_ros) StderrLine: {'line': b'/home/webotpi/ros2_ws/src/rplidar_ros/sdk/src/arch/linux/net_serial.cpp: In member function \xe2\x80\x98virtual int rp::arch::net::raw_serial::waitforsent(_u32, size_t*)\xe2\x80\x99:\n'}
[32.404229] (rplidar_ros) StderrLine: {'line': b'/home/webotpi/ros2_ws/src/rplidar_ros/sdk/src/arch/linux/net_serial.cpp:286:34: warning: unused parameter \xe2\x80\x98timeout\xe2\x80\x99 [-Wunused-parameter]\n'}
[32.404382] (rplidar_ros) StderrLine: {'line': b'  286 | int raw_serial::waitforsent(_u32 timeout, size_t * returned_size)\n'}
[32.404501] (rplidar_ros) StderrLine: {'line': b'      |                             ~~~~~^~~~~~~\n'}
[32.404608] (rplidar_ros) StderrLine: {'line': b'/home/webotpi/ros2_ws/src/rplidar_ros/sdk/src/arch/linux/net_serial.cpp: In member function \xe2\x80\x98virtual int rp::arch::net::raw_serial::waitforrecv(_u32, size_t*)\xe2\x80\x99:\n'}
[32.404709] (rplidar_ros) StderrLine: {'line': b'/home/webotpi/ros2_ws/src/rplidar_ros/sdk/src/arch/linux/net_serial.cpp:292:34: warning: unused parameter \xe2\x80\x98timeout\xe2\x80\x99 [-Wunused-parameter]\n'}
[32.404799] (rplidar_ros) StderrLine: {'line': b'  292 | int raw_serial::waitforrecv(_u32 timeout, size_t * returned_size)\n'}
[32.404911] (rplidar_ros) StderrLine: {'line': b'      |                             ~~~~~^~~~~~~\n'}
[32.410725] (rplidar_ros) StderrLine: {'line': b'/home/webotpi/ros2_ws/src/rplidar_ros/sdk/src/arch/linux/net_serial.cpp: In member function \xe2\x80\x98virtual void rp::arch::net::raw_serial::cancelOperation()\xe2\x80\x99:\n'}
[32.411098] (rplidar_ros) StderrLine: {'line': b'/home/webotpi/ros2_ws/src/rplidar_ros/sdk/src/arch/linux/net_serial.cpp:427:5: warning: value computed is not used [-Wunused-value]\n'}
[32.411290] (rplidar_ros) StderrLine: {'line': b'  427 |     (int)::write(_selfpipe[1], "x", 1);\n'}
[32.411468] (rplidar_ros) StderrLine: {'line': b'      |     ^~~~~~~~~~~~~~~~~~~~~~~~~~~~~~~~~~\n'}
[32.483792] (-) TimerEvent: {}
[32.585368] (-) TimerEvent: {}
[32.685814] (-) TimerEvent: {}
[32.688640] (rplidar_ros) StdoutLine: {'line': b'[ 23%] Building CXX object CMakeFiles/rplidar_composition.dir/sdk/src/arch/linux/net_socket.cpp.o\n'}
[32.785914] (-) TimerEvent: {}
[32.888380] (-) TimerEvent: {}
[32.988658] (-) TimerEvent: {}
[33.088953] (-) TimerEvent: {}
[33.189340] (-) TimerEvent: {}
[33.190589] (my_srv) StdoutLine: {'line': b'[ 82%] Linking C shared library libmy_srv__rosidl_generator_py.so\n'}
[33.289593] (-) TimerEvent: {}
[33.391388] (-) TimerEvent: {}
[33.490647] (my_srv) StdoutLine: {'line': b'[ 82%] Built target my_srv__rosidl_generator_py\n'}
[33.491483] (-) TimerEvent: {}
[33.595549] (-) TimerEvent: {}
[33.612394] (my_srv) StdoutLine: {'line': b'[ 85%] Building C object CMakeFiles/my_srv_s__rosidl_typesupport_c.dir/rosidl_generator_py/my_srv/_my_srv_s.ep.rosidl_typesupport_c.c.o\n'}
[33.614189] (my_srv) StdoutLine: {'line': b'[ 88%] Building C object CMakeFiles/my_srv_s__rosidl_typesupport_fastrtps_c.dir/rosidl_generator_py/my_srv/_my_srv_s.ep.rosidl_typesupport_fastrtps_c.c.o\n'}
[33.638618] (my_srv) StdoutLine: {'line': b'[ 91%] Building C object CMakeFiles/my_srv_s__rosidl_typesupport_introspection_c.dir/rosidl_generator_py/my_srv/_my_srv_s.ep.rosidl_typesupport_introspection_c.c.o\n'}
[33.695767] (-) TimerEvent: {}
[33.796131] (-) TimerEvent: {}
[33.897721] (-) TimerEvent: {}
[33.997638] (my_srv) StdoutLine: {'line': b'[ 94%] Linking C shared module rosidl_generator_py/my_srv/my_srv_s__rosidl_typesupport_c.so\n'}
[33.998027] (-) TimerEvent: {}
[34.089486] (rplidar_ros) StderrLine: {'line': b'In file included from /home/webotpi/ros2_ws/src/rplidar_ros/sdk/include/rplidar_protocol.h:36,\n'}
[34.089880] (rplidar_ros) StderrLine: {'line': b'                 from /home/webotpi/ros2_ws/src/rplidar_ros/sdk/include/rplidar.h:39,\n'}
[34.090056] (rplidar_ros) StderrLine: {'line': b'                 from /home/webotpi/ros2_ws/src/rplidar_ros/sdk/src/sdkcommon.h:49,\n'}
[34.090201] (rplidar_ros) StderrLine: {'line': b'                 from /home/webotpi/ros2_ws/src/rplidar_ros/sdk/src/arch/linux/net_socket.cpp:10:\n'}
[34.090368] (rplidar_ros) StderrLine: {'line': b'/home/webotpi/ros2_ws/src/rplidar_ros/sdk/include/sl_lidar_protocol.h:66:16: warning: ISO C++ forbids zero-size array \xe2\x80\x98data\xe2\x80\x99 [-Wpedantic]\n'}
[34.090494] (rplidar_ros) StderrLine: {'line': b'   66 |     sl_u8 data[0];\n'}
[34.090618] (rplidar_ros) StderrLine: {'line': b'      |                ^\n'}
[34.090732] (rplidar_ros) StderrLine: {'line': b'In file included from /home/webotpi/ros2_ws/src/rplidar_ros/sdk/include/rplidar_cmd.h:36,\n'}
[34.090832] (rplidar_ros) StderrLine: {'line': b'                 from /home/webotpi/ros2_ws/src/rplidar_ros/sdk/include/rplidar.h:40:\n'}
[34.090962] (rplidar_ros) StderrLine: {'line': b'/home/webotpi/ros2_ws/src/rplidar_ros/sdk/include/sl_lidar_cmd.h:324:20: warning: ISO C++ forbids zero-size array \xe2\x80\x98payload\xe2\x80\x99 [-Wpedantic]\n'}
[34.091086] (rplidar_ros) StderrLine: {'line': b'  324 |     sl_u8  payload[0];\n'}
[34.091208] (rplidar_ros) StderrLine: {'line': b'      |                    ^\n'}
[34.103390] (-) TimerEvent: {}
[34.111582] (my_srv) StdoutLine: {'line': b'[ 94%] Built target my_srv_s__rosidl_typesupport_c\n'}
[34.165399] (my_srv) StdoutLine: {'line': b'[ 97%] Linking C shared module rosidl_generator_py/my_srv/my_srv_s__rosidl_typesupport_introspection_c.so\n'}
[34.203154] (rplidar_ros) StderrLine: {'line': b'In file included from /home/webotpi/ros2_ws/src/rplidar_ros/sdk/src/arch/linux/arch_linux.h:42,\n'}
[34.203564] (-) TimerEvent: {}
[34.203613] (rplidar_ros) StderrLine: {'line': b'                 from /home/webotpi/ros2_ws/src/rplidar_ros/sdk/src/sdkcommon.h:41:\n'}
[34.203935] (rplidar_ros) StderrLine: {'line': b'/home/webotpi/ros2_ws/src/rplidar_ros/sdk/src/arch/linux/net_socket.cpp: In member function \xe2\x80\x98virtual u_result rp::arch::net::DGramSocketImpl::sendTo(const rp::net::SocketAddress*, const void*, size_t)\xe2\x80\x99:\n'}
[34.204116] (rplidar_ros) StderrLine: {'line': b'/home/webotpi/ros2_ws/src/rplidar_ros/sdk/src/arch/linux/net_socket.cpp:733:24: warning: comparison of integer expressions of different signedness: \xe2\x80\x98int\xe2\x80\x99 and \xe2\x80\x98size_t\xe2\x80\x99 {aka \xe2\x80\x98long unsigned int\xe2\x80\x99} [-Wsign-compare]\n'}
[34.204325] (rplidar_ros) StderrLine: {'line': b'  733 |             assert(ans == len);\n'}
[34.204486] (rplidar_ros) StderrLine: {'line': b'      |                    ~~~~^~~~~~\n'}
[34.305135] (-) TimerEvent: {}
[34.360123] (my_srv) StdoutLine: {'line': b'[ 97%] Built target my_srv_s__rosidl_typesupport_introspection_c\n'}
[34.362091] (my_srv) StdoutLine: {'line': b'[100%] Linking C shared module rosidl_generator_py/my_srv/my_srv_s__rosidl_typesupport_fastrtps_c.so\n'}
[34.405292] (-) TimerEvent: {}
[34.463667] (my_srv) StdoutLine: {'line': b'[100%] Built target my_srv_s__rosidl_typesupport_fastrtps_c\n'}
[34.501333] (my_srv) CommandEnded: {'returncode': 0}
[34.503329] (my_srv) JobProgress: {'identifier': 'my_srv', 'progress': 'install'}
[34.504376] (my_srv) Command: {'cmd': ['/usr/bin/cmake', '--install', '/home/webotpi/ros2_ws/build/my_srv'], 'cwd': '/home/webotpi/ros2_ws/build/my_srv', 'env': OrderedDict({'LANGUAGE': 'zh_CN:en', 'USER': 'webotpi', 'SSH_CLIENT': '192.168.0.111 49972 22', 'LC_TIME': 'zh_CN.UTF-8', 'GZ_CONFIG_PATH': '/opt/ros/jazzy/opt/gz_sim_vendor/share/gz:/opt/ros/jazzy/opt/sdformat_vendor/share/gz:/opt/ros/jazzy/opt/gz_gui_vendor/share/gz:/opt/ros/jazzy/opt/gz_transport_vendor/share/gz:/opt/ros/jazzy/opt/gz_rendering_vendor/share/gz:/opt/ros/jazzy/opt/gz_plugin_vendor/share/gz:/opt/ros/jazzy/opt/gz_fuel_tools_vendor/share/gz:/opt/ros/jazzy/opt/gz_msgs_vendor/share/gz:/opt/ros/jazzy/opt/gz_common_vendor/share/gz', 'XDG_SESSION_TYPE': 'tty', 'SHLVL': '1', 'LD_LIBRARY_PATH': '/opt/ros/jazzy/opt/gz_sim_vendor/lib:/opt/ros/jazzy/opt/gz_sensors_vendor/lib:/opt/ros/jazzy/opt/gz_physics_vendor/lib:/opt/ros/jazzy/opt/sdformat_vendor/lib:/opt/ros/jazzy/opt/rviz_ogre_vendor/lib:/opt/ros/jazzy/lib/aarch64-linux-gnu:/opt/ros/jazzy/opt/gz_gui_vendor/lib:/opt/ros/jazzy/opt/gz_transport_vendor/lib:/opt/ros/jazzy/opt/gz_rendering_vendor/lib:/opt/ros/jazzy/opt/gz_plugin_vendor/lib:/opt/ros/jazzy/opt/gz_fuel_tools_vendor/lib:/opt/ros/jazzy/opt/gz_msgs_vendor/lib:/opt/ros/jazzy/opt/gz_common_vendor/lib:/opt/ros/jazzy/opt/gz_math_vendor/lib:/opt/ros/jazzy/opt/gz_utils_vendor/lib:/opt/ros/jazzy/opt/gz_tools_vendor/lib:/opt/ros/jazzy/opt/gz_ogre_next_vendor/lib:/opt/ros/jazzy/opt/gz_dartsim_vendor/lib:/opt/ros/jazzy/opt/gz_cmake_vendor/lib:/opt/ros/jazzy/lib', 'HOME': '/home/webotpi', 'OLDPWD': '/home/webotpi', 'ROS_PYTHON_VERSION': '3', 'LC_MONETARY': 'zh_CN.UTF-8', 'DBUS_SESSION_BUS_ADDRESS': 'unix:path=/run/user/1000/bus', 'ROS_DISTRO': 'jazzy', 'LOGNAME': 'webotpi', '_': '/usr/bin/colcon', 'ROS_VERSION': '2', 'XDG_SESSION_CLASS': 'user', 'XDG_SESSION_ID': '31', 'PATH': '/opt/ros/jazzy/opt/gz_msgs_vendor/bin:/opt/ros/jazzy/opt/gz_tools_vendor/bin:/opt/ros/jazzy/opt/gz_ogre_next_vendor/bin:/opt/ros/jazzy/bin:/usr/local/sbin:/usr/local/bin:/usr/sbin:/usr/bin:/sbin:/bin:/usr/games:/usr/local/games:/snap/bin', 'PAPERSIZE': 'a4', 'LC_ADDRESS': 'zh_CN.UTF-8', 'XDG_RUNTIME_DIR': '/run/user/1000', 'LANG': 'zh_CN.UTF-8', 'LC_TELEPHONE': 'zh_CN.UTF-8', 'AMENT_PREFIX_PATH': '/opt/ros/jazzy', 'SHELL': '/bin/bash', 'LC_NAME': 'zh_CN.UTF-8', 'LC_MEASUREMENT': 'zh_CN.UTF-8', 'LC_IDENTIFICATION': 'zh_CN.UTF-8', 'ROS_AUTOMATIC_DISCOVERY_RANGE': 'SUBNET', 'PWD': '/home/webotpi/ros2_ws/build/my_srv', 'SSH_CONNECTION': '192.168.0.111 49972 192.168.0.119 22', 'PYTHONPATH': '/opt/ros/jazzy/lib/python3.12/site-packages', 'LC_NUMERIC': 'zh_CN.UTF-8', 'LC_PAPER': 'zh_CN.UTF-8', 'COLCON': '1', 'CMAKE_PREFIX_PATH': '/opt/ros/jazzy/opt/gz_sim_vendor:/opt/ros/jazzy/opt/gz_sensors_vendor:/opt/ros/jazzy/opt/gz_physics_vendor:/opt/ros/jazzy/opt/sdformat_vendor:/opt/ros/jazzy/opt/gz_gui_vendor:/opt/ros/jazzy/opt/gz_transport_vendor:/opt/ros/jazzy/opt/gz_rendering_vendor:/opt/ros/jazzy/opt/gz_plugin_vendor:/opt/ros/jazzy/opt/gz_fuel_tools_vendor:/opt/ros/jazzy/opt/gz_msgs_vendor:/opt/ros/jazzy/opt/gz_common_vendor:/opt/ros/jazzy/opt/gz_math_vendor:/opt/ros/jazzy/opt/gz_utils_vendor:/opt/ros/jazzy/opt/gz_tools_vendor:/opt/ros/jazzy/opt/gz_ogre_next_vendor:/opt/ros/jazzy/opt/gz_dartsim_vendor:/opt/ros/jazzy/opt/gz_cmake_vendor:/opt/ros/jazzy'}), 'shell': False}
[34.505756] (-) TimerEvent: {}
[34.554083] (my_srv) StdoutLine: {'line': b'-- Install configuration: ""\n'}
[34.555931] (my_srv) StdoutLine: {'line': b'-- Installing: /home/webotpi/ros2_ws/install/my_srv/share/ament_index/resource_index/rosidl_interfaces/my_srv\n'}
[34.557856] (my_srv) StdoutLine: {'line': b'-- Installing: /home/webotpi/ros2_ws/install/my_srv/share/my_srv/srv/Add.json\n'}
[34.559550] (my_srv) StdoutLine: {'line': b'-- Installing: /home/webotpi/ros2_ws/install/my_srv/include/my_srv/my_srv\n'}
[34.559866] (my_srv) StdoutLine: {'line': b'-- Installing: /home/webotpi/ros2_ws/install/my_srv/include/my_srv/my_srv/msg\n'}
[34.559998] (my_srv) StdoutLine: {'line': b'-- Installing: /home/webotpi/ros2_ws/install/my_srv/include/my_srv/my_srv/msg/rosidl_generator_c__visibility_control.h\n'}
[34.561373] (my_srv) StdoutLine: {'line': b'-- Installing: /home/webotpi/ros2_ws/install/my_srv/include/my_srv/my_srv/srv\n'}
[34.561920] (my_srv) StdoutLine: {'line': b'-- Installing: /home/webotpi/ros2_ws/install/my_srv/include/my_srv/my_srv/srv/add.h\n'}
[34.562153] (my_srv) StdoutLine: {'line': b'-- Installing: /home/webotpi/ros2_ws/install/my_srv/include/my_srv/my_srv/srv/detail\n'}
[34.562344] (my_srv) StdoutLine: {'line': b'-- Installing: /home/webotpi/ros2_ws/install/my_srv/include/my_srv/my_srv/srv/detail/add__functions.c\n'}
[34.564276] (my_srv) StdoutLine: {'line': b'-- Installing: /home/webotpi/ros2_ws/install/my_srv/include/my_srv/my_srv/srv/detail/add__type_support.h\n'}
[34.565203] (my_srv) StdoutLine: {'line': b'-- Installing: /home/webotpi/ros2_ws/install/my_srv/include/my_srv/my_srv/srv/detail/add__type_support.c\n'}
[34.566050] (my_srv) StdoutLine: {'line': b'-- Installing: /home/webotpi/ros2_ws/install/my_srv/include/my_srv/my_srv/srv/detail/add__struct.h\n'}
[34.566222] (my_srv) StdoutLine: {'line': b'-- Installing: /home/webotpi/ros2_ws/install/my_srv/include/my_srv/my_srv/srv/detail/add__functions.h\n'}
[34.568290] (my_srv) StdoutLine: {'line': b'-- Installing: /home/webotpi/ros2_ws/install/my_srv/include/my_srv/my_srv/srv/detail/add__description.c\n'}
[34.569886] (my_srv) StdoutLine: {'line': b'-- Installing: /home/webotpi/ros2_ws/install/my_srv/share/my_srv/environment/library_path.sh\n'}
[34.570291] (my_srv) StdoutLine: {'line': b'-- Installing: /home/webotpi/ros2_ws/install/my_srv/share/my_srv/environment/library_path.dsv\n'}
[34.572186] (my_srv) StdoutLine: {'line': b'-- Installing: /home/webotpi/ros2_ws/install/my_srv/lib/libmy_srv__rosidl_generator_c.so\n'}
[34.574470] (my_srv) StdoutLine: {'line': b'-- Set non-toolchain portion of runtime path of "/home/webotpi/ros2_ws/install/my_srv/lib/libmy_srv__rosidl_generator_c.so" to ""\n'}
[34.574772] (my_srv) StdoutLine: {'line': b'-- Up-to-date: /home/webotpi/ros2_ws/install/my_srv/include/my_srv/my_srv\n'}
[34.574905] (my_srv) StdoutLine: {'line': b'-- Up-to-date: /home/webotpi/ros2_ws/install/my_srv/include/my_srv/my_srv/msg\n'}
[34.575017] (my_srv) StdoutLine: {'line': b'-- Installing: /home/webotpi/ros2_ws/install/my_srv/include/my_srv/my_srv/msg/rosidl_typesupport_fastrtps_c__visibility_control.h\n'}
[34.577421] (my_srv) StdoutLine: {'line': b'-- Up-to-date: /home/webotpi/ros2_ws/install/my_srv/include/my_srv/my_srv/srv\n'}
[34.577801] (my_srv) StdoutLine: {'line': b'-- Up-to-date: /home/webotpi/ros2_ws/install/my_srv/include/my_srv/my_srv/srv/detail\n'}
[34.579509] (my_srv) StdoutLine: {'line': b'-- Installing: /home/webotpi/ros2_ws/install/my_srv/include/my_srv/my_srv/srv/detail/add__rosidl_typesupport_fastrtps_c.h\n'}
[34.580481] (my_srv) StdoutLine: {'line': b'-- Installing: /home/webotpi/ros2_ws/install/my_srv/lib/libmy_srv__rosidl_typesupport_fastrtps_c.so\n'}
[34.581820] (my_srv) StdoutLine: {'line': b'-- Set non-toolchain portion of runtime path of "/home/webotpi/ros2_ws/install/my_srv/lib/libmy_srv__rosidl_typesupport_fastrtps_c.so" to ""\n'}
[34.582765] (my_srv) StdoutLine: {'line': b'-- Up-to-date: /home/webotpi/ros2_ws/install/my_srv/include/my_srv/my_srv\n'}
[34.583825] (my_srv) StdoutLine: {'line': b'-- Up-to-date: /home/webotpi/ros2_ws/install/my_srv/include/my_srv/my_srv/msg\n'}
[34.584759] (my_srv) StdoutLine: {'line': b'-- Installing: /home/webotpi/ros2_ws/install/my_srv/include/my_srv/my_srv/msg/rosidl_generator_cpp__visibility_control.hpp\n'}
[34.585594] (my_srv) StdoutLine: {'line': b'-- Up-to-date: /home/webotpi/ros2_ws/install/my_srv/include/my_srv/my_srv/srv\n'}
[34.587072] (my_srv) StdoutLine: {'line': b'-- Installing: /home/webotpi/ros2_ws/install/my_srv/include/my_srv/my_srv/srv/add.hpp\n'}
[34.587224] (my_srv) StdoutLine: {'line': b'-- Up-to-date: /home/webotpi/ros2_ws/install/my_srv/include/my_srv/my_srv/srv/detail\n'}
[34.588516] (my_srv) StdoutLine: {'line': b'-- Installing: /home/webotpi/ros2_ws/install/my_srv/include/my_srv/my_srv/srv/detail/add__type_support.hpp\n'}
[34.588712] (my_srv) StdoutLine: {'line': b'-- Installing: /home/webotpi/ros2_ws/install/my_srv/include/my_srv/my_srv/srv/detail/add__struct.hpp\n'}
[34.588873] (my_srv) StdoutLine: {'line': b'-- Installing: /home/webotpi/ros2_ws/install/my_srv/include/my_srv/my_srv/srv/detail/add__traits.hpp\n'}
[34.590347] (my_srv) StdoutLine: {'line': b'-- Installing: /home/webotpi/ros2_ws/install/my_srv/include/my_srv/my_srv/srv/detail/add__builder.hpp\n'}
[34.591241] (my_srv) StdoutLine: {'line': b'-- Up-to-date: /home/webotpi/ros2_ws/install/my_srv/include/my_srv/my_srv\n'}
[34.591428] (my_srv) StdoutLine: {'line': b'-- Up-to-date: /home/webotpi/ros2_ws/install/my_srv/include/my_srv/my_srv/msg\n'}
[34.592712] (my_srv) StdoutLine: {'line': b'-- Installing: /home/webotpi/ros2_ws/install/my_srv/include/my_srv/my_srv/msg/rosidl_typesupport_fastrtps_cpp__visibility_control.h\n'}
[34.592871] (my_srv) StdoutLine: {'line': b'-- Up-to-date: /home/webotpi/ros2_ws/install/my_srv/include/my_srv/my_srv/srv\n'}
[34.592966] (my_srv) StdoutLine: {'line': b'-- Up-to-date: /home/webotpi/ros2_ws/install/my_srv/include/my_srv/my_srv/srv/detail\n'}
[34.593651] (my_srv) StdoutLine: {'line': b'-- Installing: /home/webotpi/ros2_ws/install/my_srv/include/my_srv/my_srv/srv/detail/add__rosidl_typesupport_fastrtps_cpp.hpp\n'}
[34.593963] (my_srv) StdoutLine: {'line': b'-- Installing: /home/webotpi/ros2_ws/install/my_srv/include/my_srv/my_srv/srv/detail/dds_fastrtps\n'}
[34.594601] (my_srv) StdoutLine: {'line': b'-- Installing: /home/webotpi/ros2_ws/install/my_srv/lib/libmy_srv__rosidl_typesupport_fastrtps_cpp.so\n'}
[34.595026] (my_srv) StdoutLine: {'line': b'-- Set non-toolchain portion of runtime path of "/home/webotpi/ros2_ws/install/my_srv/lib/libmy_srv__rosidl_typesupport_fastrtps_cpp.so" to ""\n'}
[34.596329] (my_srv) StdoutLine: {'line': b'-- Up-to-date: /home/webotpi/ros2_ws/install/my_srv/include/my_srv/my_srv\n'}
[34.596685] (my_srv) StdoutLine: {'line': b'-- Up-to-date: /home/webotpi/ros2_ws/install/my_srv/include/my_srv/my_srv/msg\n'}
[34.596808] (my_srv) StdoutLine: {'line': b'-- Installing: /home/webotpi/ros2_ws/install/my_srv/include/my_srv/my_srv/msg/rosidl_typesupport_introspection_c__visibility_control.h\n'}
[34.598409] (my_srv) StdoutLine: {'line': b'-- Up-to-date: /home/webotpi/ros2_ws/install/my_srv/include/my_srv/my_srv/srv\n'}
[34.598801] (my_srv) StdoutLine: {'line': b'-- Up-to-date: /home/webotpi/ros2_ws/install/my_srv/include/my_srv/my_srv/srv/detail\n'}
[34.598941] (my_srv) StdoutLine: {'line': b'-- Installing: /home/webotpi/ros2_ws/install/my_srv/include/my_srv/my_srv/srv/detail/add__type_support.c\n'}
[34.602511] (my_srv) StdoutLine: {'line': b'-- Installing: /home/webotpi/ros2_ws/install/my_srv/include/my_srv/my_srv/srv/detail/add__rosidl_typesupport_introspection_c.h\n'}
[34.603650] (my_srv) StdoutLine: {'line': b'-- Installing: /home/webotpi/ros2_ws/install/my_srv/lib/libmy_srv__rosidl_typesupport_introspection_c.so\n'}
[34.606818] (-) TimerEvent: {}
[34.606882] (my_srv) StdoutLine: {'line': b'-- Set non-toolchain portion of runtime path of "/home/webotpi/ros2_ws/install/my_srv/lib/libmy_srv__rosidl_typesupport_introspection_c.so" to ""\n'}
[34.607043] (my_srv) StdoutLine: {'line': b'-- Installing: /home/webotpi/ros2_ws/install/my_srv/lib/libmy_srv__rosidl_typesupport_c.so\n'}
[34.617521] (my_srv) StdoutLine: {'line': b'-- Set non-toolchain portion of runtime path of "/home/webotpi/ros2_ws/install/my_srv/lib/libmy_srv__rosidl_typesupport_c.so" to ""\n'}
[34.617884] (my_srv) StdoutLine: {'line': b'-- Up-to-date: /home/webotpi/ros2_ws/install/my_srv/include/my_srv/my_srv\n'}
[34.618003] (my_srv) StdoutLine: {'line': b'-- Up-to-date: /home/webotpi/ros2_ws/install/my_srv/include/my_srv/my_srv/srv\n'}
[34.618102] (my_srv) StdoutLine: {'line': b'-- Up-to-date: /home/webotpi/ros2_ws/install/my_srv/include/my_srv/my_srv/srv/detail\n'}
[34.618202] (my_srv) StdoutLine: {'line': b'-- Installing: /home/webotpi/ros2_ws/install/my_srv/include/my_srv/my_srv/srv/detail/add__type_support.cpp\n'}
[34.618350] (my_srv) StdoutLine: {'line': b'-- Installing: /home/webotpi/ros2_ws/install/my_srv/include/my_srv/my_srv/srv/detail/add__rosidl_typesupport_introspection_cpp.hpp\n'}
[34.618560] (my_srv) StdoutLine: {'line': b'-- Installing: /home/webotpi/ros2_ws/install/my_srv/lib/libmy_srv__rosidl_typesupport_introspection_cpp.so\n'}
[34.618754] (my_srv) StdoutLine: {'line': b'-- Set non-toolchain portion of runtime path of "/home/webotpi/ros2_ws/install/my_srv/lib/libmy_srv__rosidl_typesupport_introspection_cpp.so" to ""\n'}
[34.618898] (my_srv) StdoutLine: {'line': b'-- Installing: /home/webotpi/ros2_ws/install/my_srv/lib/libmy_srv__rosidl_typesupport_cpp.so\n'}
[34.619051] (my_srv) StdoutLine: {'line': b'-- Set non-toolchain portion of runtime path of "/home/webotpi/ros2_ws/install/my_srv/lib/libmy_srv__rosidl_typesupport_cpp.so" to ""\n'}
[34.619177] (my_srv) StdoutLine: {'line': b'-- Installing: /home/webotpi/ros2_ws/install/my_srv/share/my_srv/environment/pythonpath.sh\n'}
[34.619315] (my_srv) StdoutLine: {'line': b'-- Installing: /home/webotpi/ros2_ws/install/my_srv/share/my_srv/environment/pythonpath.dsv\n'}
[34.619449] (my_srv) StdoutLine: {'line': b'-- Installing: /home/webotpi/ros2_ws/install/my_srv/lib/python3.12/site-packages/my_srv-0.0.0-py3.12.egg-info\n'}
[34.619551] (my_srv) StdoutLine: {'line': b'-- Installing: /home/webotpi/ros2_ws/install/my_srv/lib/python3.12/site-packages/my_srv-0.0.0-py3.12.egg-info/top_level.txt\n'}
[34.620062] (my_srv) StdoutLine: {'line': b'-- Installing: /home/webotpi/ros2_ws/install/my_srv/lib/python3.12/site-packages/my_srv-0.0.0-py3.12.egg-info/PKG-INFO\n'}
[34.620224] (my_srv) StdoutLine: {'line': b'-- Installing: /home/webotpi/ros2_ws/install/my_srv/lib/python3.12/site-packages/my_srv-0.0.0-py3.12.egg-info/SOURCES.txt\n'}
[34.621743] (my_srv) StdoutLine: {'line': b'-- Installing: /home/webotpi/ros2_ws/install/my_srv/lib/python3.12/site-packages/my_srv-0.0.0-py3.12.egg-info/dependency_links.txt\n'}
[34.622047] (my_srv) StdoutLine: {'line': b'-- Installing: /home/webotpi/ros2_ws/install/my_srv/lib/python3.12/site-packages/my_srv\n'}
[34.622212] (my_srv) StdoutLine: {'line': b'-- Installing: /home/webotpi/ros2_ws/install/my_srv/lib/python3.12/site-packages/my_srv/_my_srv_s.ep.rosidl_typesupport_c.c\n'}
[34.623104] (my_srv) StdoutLine: {'line': b'-- Installing: /home/webotpi/ros2_ws/install/my_srv/lib/python3.12/site-packages/my_srv/_my_srv_s.ep.rosidl_typesupport_introspection_c.c\n'}
[34.627374] (my_srv) StdoutLine: {'line': b'-- Installing: /home/webotpi/ros2_ws/install/my_srv/lib/python3.12/site-packages/my_srv/my_srv_s__rosidl_typesupport_c.so\n'}
[34.627997] (my_srv) StdoutLine: {'line': b'-- Installing: /home/webotpi/ros2_ws/install/my_srv/lib/python3.12/site-packages/my_srv/__init__.py\n'}
[34.629563] (my_srv) StdoutLine: {'line': b'-- Installing: /home/webotpi/ros2_ws/install/my_srv/lib/python3.12/site-packages/my_srv/srv\n'}
[34.629869] (my_srv) StdoutLine: {'line': b'-- Installing: /home/webotpi/ros2_ws/install/my_srv/lib/python3.12/site-packages/my_srv/srv/__init__.py\n'}
[34.629993] (my_srv) StdoutLine: {'line': b'-- Installing: /home/webotpi/ros2_ws/install/my_srv/lib/python3.12/site-packages/my_srv/srv/_add.py\n'}
[34.630090] (my_srv) StdoutLine: {'line': b'-- Installing: /home/webotpi/ros2_ws/install/my_srv/lib/python3.12/site-packages/my_srv/srv/_add_s.c\n'}
[34.630193] (my_srv) StdoutLine: {'line': b'-- Installing: /home/webotpi/ros2_ws/install/my_srv/lib/python3.12/site-packages/my_srv/_my_srv_s.ep.rosidl_typesupport_fastrtps_c.c\n'}
[34.630477] (my_srv) StdoutLine: {'line': b'-- Installing: /home/webotpi/ros2_ws/install/my_srv/lib/python3.12/site-packages/my_srv/my_srv_s__rosidl_typesupport_fastrtps_c.so\n'}
[34.633924] (my_srv) StdoutLine: {'line': b'-- Installing: /home/webotpi/ros2_ws/install/my_srv/lib/python3.12/site-packages/my_srv/my_srv_s__rosidl_typesupport_introspection_c.so\n'}
[34.709768] (-) TimerEvent: {}
[34.810036] (-) TimerEvent: {}
[34.910420] (-) TimerEvent: {}
[34.932362] (my_srv) StdoutLine: {'line': b"Listing '/home/webotpi/ros2_ws/install/my_srv/lib/python3.12/site-packages/my_srv'...\n"}
[34.932741] (my_srv) StdoutLine: {'line': b"Compiling '/home/webotpi/ros2_ws/install/my_srv/lib/python3.12/site-packages/my_srv/__init__.py'...\n"}
[34.932950] (my_srv) StdoutLine: {'line': b"Listing '/home/webotpi/ros2_ws/install/my_srv/lib/python3.12/site-packages/my_srv/srv'...\n"}
[34.933150] (my_srv) StdoutLine: {'line': b"Compiling '/home/webotpi/ros2_ws/install/my_srv/lib/python3.12/site-packages/my_srv/srv/__init__.py'...\n"}
[34.933416] (my_srv) StdoutLine: {'line': b"Compiling '/home/webotpi/ros2_ws/install/my_srv/lib/python3.12/site-packages/my_srv/srv/_add.py'...\n"}
[34.993543] (my_srv) StdoutLine: {'line': b'-- Installing: /home/webotpi/ros2_ws/install/my_srv/lib/python3.12/site-packages/my_srv/my_srv_s__rosidl_typesupport_fastrtps_c.so\n'}
[34.993854] (my_srv) StdoutLine: {'line': b'-- Set non-toolchain portion of runtime path of "/home/webotpi/ros2_ws/install/my_srv/lib/python3.12/site-packages/my_srv/my_srv_s__rosidl_typesupport_fastrtps_c.so" to ""\n'}
[34.995360] (my_srv) StdoutLine: {'line': b'-- Installing: /home/webotpi/ros2_ws/install/my_srv/lib/python3.12/site-packages/my_srv/my_srv_s__rosidl_typesupport_introspection_c.so\n'}
[34.997096] (my_srv) StdoutLine: {'line': b'-- Set non-toolchain portion of runtime path of "/home/webotpi/ros2_ws/install/my_srv/lib/python3.12/site-packages/my_srv/my_srv_s__rosidl_typesupport_introspection_c.so" to ""\n'}
[34.997463] (my_srv) StdoutLine: {'line': b'-- Installing: /home/webotpi/ros2_ws/install/my_srv/lib/python3.12/site-packages/my_srv/my_srv_s__rosidl_typesupport_c.so\n'}
[34.998431] (my_srv) StdoutLine: {'line': b'-- Set non-toolchain portion of runtime path of "/home/webotpi/ros2_ws/install/my_srv/lib/python3.12/site-packages/my_srv/my_srv_s__rosidl_typesupport_c.so" to ""\n'}
[34.998657] (my_srv) StdoutLine: {'line': b'-- Installing: /home/webotpi/ros2_ws/install/my_srv/lib/libmy_srv__rosidl_generator_py.so\n'}
[35.000266] (my_srv) StdoutLine: {'line': b'-- Set non-toolchain portion of runtime path of "/home/webotpi/ros2_ws/install/my_srv/lib/libmy_srv__rosidl_generator_py.so" to ""\n'}
[35.002240] (my_srv) StdoutLine: {'line': b'-- Installing: /home/webotpi/ros2_ws/install/my_srv/share/ament_index/resource_index/rust_packages/my_srv\n'}
[35.002624] (my_srv) StdoutLine: {'line': b'-- Installing: /home/webotpi/ros2_ws/install/my_srv/share/my_srv/rust\n'}
[35.002766] (my_srv) StdoutLine: {'line': b'-- Installing: /home/webotpi/ros2_ws/install/my_srv/share/my_srv/rust/build.rs\n'}
[35.002875] (my_srv) StdoutLine: {'line': b'-- Installing: /home/webotpi/ros2_ws/install/my_srv/share/my_srv/rust/src\n'}
[35.002980] (my_srv) StdoutLine: {'line': b'-- Installing: /home/webotpi/ros2_ws/install/my_srv/share/my_srv/rust/src/lib.rs\n'}
[35.003096] (my_srv) StdoutLine: {'line': b'-- Installing: /home/webotpi/ros2_ws/install/my_srv/share/my_srv/rust/src/srv\n'}
[35.005504] (my_srv) StdoutLine: {'line': b'-- Installing: /home/webotpi/ros2_ws/install/my_srv/share/my_srv/rust/src/srv/rmw.rs\n'}
[35.005950] (my_srv) StdoutLine: {'line': b'-- Installing: /home/webotpi/ros2_ws/install/my_srv/share/my_srv/rust/src/srv.rs\n'}
[35.006080] (my_srv) StdoutLine: {'line': b'-- Installing: /home/webotpi/ros2_ws/install/my_srv/share/my_srv/rust/Cargo.toml\n'}
[35.006200] (my_srv) StdoutLine: {'line': b'-- Installing: /home/webotpi/ros2_ws/install/my_srv/share/my_srv/srv/Add.idl\n'}
[35.006704] (my_srv) StdoutLine: {'line': b'-- Installing: /home/webotpi/ros2_ws/install/my_srv/share/my_srv/srv/Add.srv\n'}
[35.006917] (my_srv) StdoutLine: {'line': b'-- Installing: /home/webotpi/ros2_ws/install/my_srv/lib/my_srv/arm_fk.py\n'}
[35.008160] (my_srv) StdoutLine: {'line': b'-- Installing: /home/webotpi/ros2_ws/install/my_srv/lib/my_srv/arm_rviz_bridge.py\n'}
[35.009830] (my_srv) StdoutLine: {'line': b'-- Installing: /home/webotpi/ros2_ws/install/my_srv/lib/my_srv/arm_teach.py\n'}
[35.010526] (-) TimerEvent: {}
[35.021468] (my_srv) StdoutLine: {'line': b'-- Installing: /home/webotpi/ros2_ws/install/my_srv/lib/my_srv/asr_node.py\n'}
[35.023487] (my_srv) StdoutLine: {'line': b'-- Installing: /home/webotpi/ros2_ws/install/my_srv/lib/my_srv/color_set_node.py\n'}
[35.024504] (my_srv) StdoutLine: {'line': b'-- Installing: /home/webotpi/ros2_ws/install/my_srv/lib/my_srv/color_sorting_node.py\n'}
[35.027215] (my_srv) StdoutLine: {'line': b'-- Installing: /home/webotpi/ros2_ws/install/my_srv/lib/my_srv/color_stack_node.py\n'}
[35.029397] (my_srv) StdoutLine: {'line': b'-- Installing: /home/webotpi/ros2_ws/install/my_srv/lib/my_srv/color_track_node.py\n'}
[35.032875] (my_srv) StdoutLine: {'line': b'-- Installing: /home/webotpi/ros2_ws/install/my_srv/lib/my_srv/color_track_pick_node.py\n'}
[35.034401] (my_srv) StdoutLine: {'line': b'-- Installing: /home/webotpi/ros2_ws/install/my_srv/lib/my_srv/conveyor_garbage_sort.py\n'}
[35.036718] (my_srv) StdoutLine: {'line': b'-- Installing: /home/webotpi/ros2_ws/install/my_srv/lib/my_srv/depth_arm.launch.py\n'}
[35.044633] (my_srv) StdoutLine: {'line': b'-- Installing: /home/webotpi/ros2_ws/install/my_srv/lib/my_srv/depth_color_sorting_node.py\n'}
[35.055237] (my_srv) StdoutLine: {'line': b'-- Installing: /home/webotpi/ros2_ws/install/my_srv/lib/my_srv/depth_color_stack_node.py\n'}
[35.059051] (my_srv) StdoutLine: {'line': b'-- Installing: /home/webotpi/ros2_ws/install/my_srv/lib/my_srv/depth_color_track_node.py\n'}
[35.063074] (my_srv) StdoutLine: {'line': b'-- Installing: /home/webotpi/ros2_ws/install/my_srv/lib/my_srv/depth_distance_node.py\n'}
[35.068498] (my_srv) StdoutLine: {'line': b'-- Installing: /home/webotpi/ros2_ws/install/my_srv/lib/my_srv/depth_kcf_track_node.py\n'}
[35.070866] (my_srv) StdoutLine: {'line': b'-- Installing: /home/webotpi/ros2_ws/install/my_srv/lib/my_srv/depth_label_sorting_node.py\n'}
[35.071177] (my_srv) StdoutLine: {'line': b'-- Installing: /home/webotpi/ros2_ws/install/my_srv/lib/my_srv/depth_label_stack_node.py\n'}
[35.074886] (my_srv) StdoutLine: {'line': b'-- Installing: /home/webotpi/ros2_ws/install/my_srv/lib/my_srv/depth_label_track_node.py\n'}
[35.076174] (my_srv) StdoutLine: {'line': b'-- Installing: /home/webotpi/ros2_ws/install/my_srv/lib/my_srv/depth_num_sorting_node.py\n'}
[35.076514] (my_srv) StdoutLine: {'line': b'-- Installing: /home/webotpi/ros2_ws/install/my_srv/lib/my_srv/depth_num_stack_node.py\n'}
[35.077677] (my_srv) StdoutLine: {'line': b'-- Installing: /home/webotpi/ros2_ws/install/my_srv/lib/my_srv/depth_num_track_node.py\n'}
[35.081101] (my_srv) StdoutLine: {'line': b'-- Installing: /home/webotpi/ros2_ws/install/my_srv/lib/my_srv/depth_utils.py\n'}
[35.085080] (my_srv) StdoutLine: {'line': b'-- Installing: /home/webotpi/ros2_ws/install/my_srv/lib/my_srv/diagnose_hand_eye.py\n'}
[35.085454] (my_srv) StdoutLine: {'line': b'-- Installing: /home/webotpi/ros2_ws/install/my_srv/lib/my_srv/drink_pick_node.py\n'}
[35.086584] (my_srv) StdoutLine: {'line': b'-- Installing: /home/webotpi/ros2_ws/install/my_srv/lib/my_srv/eye_in_hand_calib_node.py\n'}
[35.087702] (my_srv) StdoutLine: {'line': b'-- Installing: /home/webotpi/ros2_ws/install/my_srv/lib/my_srv/face_track_node.py\n'}
[35.091480] (my_srv) StdoutLine: {'line': b'-- Installing: /home/webotpi/ros2_ws/install/my_srv/lib/my_srv/garbage_sort_node.py\n'}
[35.095378] (my_srv) StdoutLine: {'line': b'-- Installing: /home/webotpi/ros2_ws/install/my_srv/lib/my_srv/glove_node.py\n'}
[35.097278] (my_srv) StdoutLine: {'line': b'-- Installing: /home/webotpi/ros2_ws/install/my_srv/lib/my_srv/hand_gesture_arm_node.py\n'}
[35.102470] (my_srv) StdoutLine: {'line': b'-- Installing: /home/webotpi/ros2_ws/install/my_srv/lib/my_srv/height_check_node.py\n'}
[35.106826] (my_srv) StdoutLine: {'line': b'-- Installing: /home/webotpi/ros2_ws/install/my_srv/lib/my_srv/joy_arm_node.py\n'}
[35.107775] (my_srv) StdoutLine: {'line': b'-- Installing: /home/webotpi/ros2_ws/install/my_srv/lib/my_srv/lab_tuner.py\n'}
[35.111032] (my_srv) StdoutLine: {'line': b'-- Installing: /home/webotpi/ros2_ws/install/my_srv/lib/my_srv/label_sorting_node.py\n'}
[35.111358] (-) TimerEvent: {}
[35.113118] (my_srv) StdoutLine: {'line': b'-- Installing: /home/webotpi/ros2_ws/install/my_srv/lib/my_srv/label_stack_node.py\n'}
[35.116171] (my_srv) StdoutLine: {'line': b'-- Installing: /home/webotpi/ros2_ws/install/my_srv/lib/my_srv/label_track_node.py\n'}
[35.117146] (my_srv) StdoutLine: {'line': b'-- Installing: /home/webotpi/ros2_ws/install/my_srv/lib/my_srv/media_pipe_node.py\n'}
[35.124043] (my_srv) StdoutLine: {'line': b'-- Installing: /home/webotpi/ros2_ws/install/my_srv/lib/my_srv/motor6_control.py\n'}
[35.126175] (my_srv) StdoutLine: {'line': b'-- Installing: /home/webotpi/ros2_ws/install/my_srv/lib/my_srv/motor_control.py\n'}
[35.126387] (my_srv) StdoutLine: {'line': b'-- Installing: /home/webotpi/ros2_ws/install/my_srv/lib/my_srv/num_sorting_node.py\n'}
[35.127624] (my_srv) StdoutLine: {'line': b'-- Installing: /home/webotpi/ros2_ws/install/my_srv/lib/my_srv/num_stack_node.py\n'}
[35.131901] (my_srv) StdoutLine: {'line': b'-- Installing: /home/webotpi/ros2_ws/install/my_srv/lib/my_srv/num_track_node.py\n'}
[35.134026] (my_srv) StdoutLine: {'line': b'-- Installing: /home/webotpi/ros2_ws/install/my_srv/lib/my_srv/pinch_arm_control.py\n'}
[35.138189] (my_srv) StdoutLine: {'line': b'-- Installing: /home/webotpi/ros2_ws/install/my_srv/lib/my_srv/servo_node.py\n'}
[35.143111] (my_srv) StdoutLine: {'line': b'-- Installing: /home/webotpi/ros2_ws/install/my_srv/lib/my_srv/test.py\n'}
[35.146985] (my_srv) StdoutLine: {'line': b'-- Installing: /home/webotpi/ros2_ws/install/my_srv/lib/my_srv/yolo_detect_node.py\n'}
[35.151433] (my_srv) StdoutLine: {'line': b'-- Installing: /home/webotpi/ros2_ws/install/my_srv/lib/my_srv/yolo_pick_node.py\n'}
[35.155005] (my_srv) StdoutLine: {'line': b'-- Installing: /home/webotpi/ros2_ws/install/my_srv/lib/my_srv/yolo_shape_announce.py\n'}
[35.155409] (my_srv) StdoutLine: {'line': b'-- Installing: /home/webotpi/ros2_ws/install/my_srv/lib/my_srv/z_move.py\n'}
[35.162783] (my_srv) StdoutLine: {'line': b'-- Installing: /home/webotpi/ros2_ws/install/my_srv/lib/my_srv/z_uart.py\n'}
[35.163433] (my_srv) StdoutLine: {'line': b'-- Installing: /home/webotpi/ros2_ws/install/my_srv/share/my_srv/launch\n'}
[35.164063] (my_srv) StdoutLine: {'line': b'-- Installing: /home/webotpi/ros2_ws/install/my_srv/share/my_srv/launch/slave.launch.py\n'}
[35.165307] (my_srv) StdoutLine: {'line': b'-- Installing: /home/webotpi/ros2_ws/install/my_srv/share/my_srv/launch/function.launch.py\n'}
[35.165991] (my_srv) StdoutLine: {'line': b'-- Installing: /home/webotpi/ros2_ws/install/my_srv/share/my_srv/launch/depth_arm.launch.py\n'}
[35.166937] (rplidar_ros) StdoutLine: {'line': b'[ 26%] Building CXX object CMakeFiles/rplidar_composition.dir/sdk/src/arch/linux/timer.cpp.o\n'}
[35.171035] (my_srv) StdoutLine: {'line': b'-- Installing: /home/webotpi/ros2_ws/install/my_srv/share/my_srv/web\n'}
[35.171456] (my_srv) StdoutLine: {'line': b'-- Installing: /home/webotpi/ros2_ws/install/my_srv/share/my_srv/web/index.html\n'}
[35.172854] (my_srv) StdoutLine: {'line': b'-- Installing: /home/webotpi/ros2_ws/install/my_srv/share/ament_index/resource_index/package_run_dependencies/my_srv\n'}
[35.173161] (my_srv) StdoutLine: {'line': b'-- Installing: /home/webotpi/ros2_ws/install/my_srv/share/ament_index/resource_index/parent_prefix_path/my_srv\n'}
[35.175135] (my_srv) StdoutLine: {'line': b'-- Installing: /home/webotpi/ros2_ws/install/my_srv/share/my_srv/environment/ament_prefix_path.sh\n'}
[35.179092] (my_srv) StdoutLine: {'line': b'-- Installing: /home/webotpi/ros2_ws/install/my_srv/share/my_srv/environment/ament_prefix_path.dsv\n'}
[35.179522] (my_srv) StdoutLine: {'line': b'-- Installing: /home/webotpi/ros2_ws/install/my_srv/share/my_srv/environment/path.sh\n'}
[35.179809] (my_srv) StdoutLine: {'line': b'-- Installing: /home/webotpi/ros2_ws/install/my_srv/share/my_srv/environment/path.dsv\n'}
[35.179941] (my_srv) StdoutLine: {'line': b'-- Installing: /home/webotpi/ros2_ws/install/my_srv/share/my_srv/local_setup.bash\n'}
[35.180060] (my_srv) StdoutLine: {'line': b'-- Installing: /home/webotpi/ros2_ws/install/my_srv/share/my_srv/local_setup.sh\n'}
[35.180170] (my_srv) StdoutLine: {'line': b'-- Installing: /home/webotpi/ros2_ws/install/my_srv/share/my_srv/local_setup.zsh\n'}
[35.180378] (my_srv) StdoutLine: {'line': b'-- Installing: /home/webotpi/ros2_ws/install/my_srv/share/my_srv/local_setup.dsv\n'}
[35.180512] (my_srv) StdoutLine: {'line': b'-- Installing: /home/webotpi/ros2_ws/install/my_srv/share/my_srv/package.dsv\n'}
[35.180738] (my_srv) StdoutLine: {'line': b'-- Installing: /home/webotpi/ros2_ws/install/my_srv/share/ament_index/resource_index/packages/my_srv\n'}
[35.180988] (my_srv) StdoutLine: {'line': b'-- Installing: /home/webotpi/ros2_ws/install/my_srv/share/my_srv/cmake/export_my_srv__rosidl_generator_cExport.cmake\n'}
[35.183376] (my_srv) StdoutLine: {'line': b'-- Installing: /home/webotpi/ros2_ws/install/my_srv/share/my_srv/cmake/export_my_srv__rosidl_generator_cExport-noconfig.cmake\n'}
[35.183917] (my_srv) StdoutLine: {'line': b'-- Installing: /home/webotpi/ros2_ws/install/my_srv/share/my_srv/cmake/export_my_srv__rosidl_typesupport_fastrtps_cExport.cmake\n'}
[35.184152] (my_srv) StdoutLine: {'line': b'-- Installing: /home/webotpi/ros2_ws/install/my_srv/share/my_srv/cmake/export_my_srv__rosidl_typesupport_fastrtps_cExport-noconfig.cmake\n'}
[35.184337] (my_srv) StdoutLine: {'line': b'-- Installing: /home/webotpi/ros2_ws/install/my_srv/share/my_srv/cmake/export_my_srv__rosidl_generator_cppExport.cmake\n'}
[35.185318] (my_srv) StdoutLine: {'line': b'-- Installing: /home/webotpi/ros2_ws/install/my_srv/share/my_srv/cmake/export_my_srv__rosidl_typesupport_fastrtps_cppExport.cmake\n'}
[35.188738] (my_srv) StdoutLine: {'line': b'-- Installing: /home/webotpi/ros2_ws/install/my_srv/share/my_srv/cmake/export_my_srv__rosidl_typesupport_fastrtps_cppExport-noconfig.cmake\n'}
[35.189149] (my_srv) StdoutLine: {'line': b'-- Installing: /home/webotpi/ros2_ws/install/my_srv/share/my_srv/cmake/my_srv__rosidl_typesupport_introspection_cExport.cmake\n'}
[35.189385] (my_srv) StdoutLine: {'line': b'-- Installing: /home/webotpi/ros2_ws/install/my_srv/share/my_srv/cmake/my_srv__rosidl_typesupport_introspection_cExport-noconfig.cmake\n'}
[35.189522] (my_srv) StdoutLine: {'line': b'-- Installing: /home/webotpi/ros2_ws/install/my_srv/share/my_srv/cmake/my_srv__rosidl_typesupport_cExport.cmake\n'}
[35.191337] (my_srv) StdoutLine: {'line': b'-- Installing: /home/webotpi/ros2_ws/install/my_srv/share/my_srv/cmake/my_srv__rosidl_typesupport_cExport-noconfig.cmake\n'}
[35.191659] (my_srv) StdoutLine: {'line': b'-- Installing: /home/webotpi/ros2_ws/install/my_srv/share/my_srv/cmake/my_srv__rosidl_typesupport_introspection_cppExport.cmake\n'}
[35.192805] (my_srv) StdoutLine: {'line': b'-- Installing: /home/webotpi/ros2_ws/install/my_srv/share/my_srv/cmake/my_srv__rosidl_typesupport_introspection_cppExport-noconfig.cmake\n'}
[35.193097] (my_srv) StdoutLine: {'line': b'-- Installing: /home/webotpi/ros2_ws/install/my_srv/share/my_srv/cmake/my_srv__rosidl_typesupport_cppExport.cmake\n'}
[35.195368] (my_srv) StdoutLine: {'line': b'-- Installing: /home/webotpi/ros2_ws/install/my_srv/share/my_srv/cmake/my_srv__rosidl_typesupport_cppExport-noconfig.cmake\n'}
[35.195942] (my_srv) StdoutLine: {'line': b'-- Installing: /home/webotpi/ros2_ws/install/my_srv/share/my_srv/cmake/export_my_srv__rosidl_generator_pyExport.cmake\n'}
[35.196203] (my_srv) StdoutLine: {'line': b'-- Installing: /home/webotpi/ros2_ws/install/my_srv/share/my_srv/cmake/export_my_srv__rosidl_generator_pyExport-noconfig.cmake\n'}
[35.196482] (my_srv) StdoutLine: {'line': b'-- Installing: /home/webotpi/ros2_ws/install/my_srv/share/my_srv/cmake/rosidl_cmake-extras.cmake\n'}
[35.196606] (my_srv) StdoutLine: {'line': b'-- Installing: /home/webotpi/ros2_ws/install/my_srv/share/my_srv/cmake/ament_cmake_export_dependencies-extras.cmake\n'}
[35.197450] (my_srv) StdoutLine: {'line': b'-- Installing: /home/webotpi/ros2_ws/install/my_srv/share/my_srv/cmake/ament_cmake_export_include_directories-extras.cmake\n'}
[35.198874] (my_srv) StdoutLine: {'line': b'-- Installing: /home/webotpi/ros2_ws/install/my_srv/share/my_srv/cmake/ament_cmake_export_libraries-extras.cmake\n'}
[35.199159] (my_srv) StdoutLine: {'line': b'-- Installing: /home/webotpi/ros2_ws/install/my_srv/share/my_srv/cmake/ament_cmake_export_targets-extras.cmake\n'}
[35.200774] (my_srv) StdoutLine: {'line': b'-- Installing: /home/webotpi/ros2_ws/install/my_srv/share/my_srv/cmake/rosidl_cmake_export_typesupport_targets-extras.cmake\n'}
[35.200998] (my_srv) StdoutLine: {'line': b'-- Installing: /home/webotpi/ros2_ws/install/my_srv/share/my_srv/cmake/rosidl_cmake_export_typesupport_libraries-extras.cmake\n'}
[35.201516] (my_srv) StdoutLine: {'line': b'-- Installing: /home/webotpi/ros2_ws/install/my_srv/share/my_srv/cmake/my_srvConfig.cmake\n'}
[35.202309] (my_srv) StdoutLine: {'line': b'-- Installing: /home/webotpi/ros2_ws/install/my_srv/share/my_srv/cmake/my_srvConfig-version.cmake\n'}
[35.205379] (my_srv) StdoutLine: {'line': b'-- Installing: /home/webotpi/ros2_ws/install/my_srv/share/my_srv/package.xml\n'}
[35.208985] (my_srv) CommandEnded: {'returncode': 0}
[35.211475] (-) TimerEvent: {}
[35.311848] (my_srv) JobEnded: {'identifier': 'my_srv', 'rc': 0}
[35.312682] (-) TimerEvent: {}
[35.412928] (-) TimerEvent: {}
[35.513192] (-) TimerEvent: {}
[35.613493] (-) TimerEvent: {}
[35.716387] (-) TimerEvent: {}
[35.816689] (-) TimerEvent: {}
[35.917169] (-) TimerEvent: {}
[36.017428] (-) TimerEvent: {}
[36.117740] (-) TimerEvent: {}
[36.218036] (-) TimerEvent: {}
[36.318369] (-) TimerEvent: {}
[36.418619] (-) TimerEvent: {}
[36.480988] (rplidar_ros) StdoutLine: {'line': b'[ 28%] Building CXX object CMakeFiles/rplidar_node.dir/sdk/src/dataunpacker/unpacker/handler_capsules.cpp.o\n'}
[36.519715] (-) TimerEvent: {}
[36.620136] (-) TimerEvent: {}
[36.720562] (-) TimerEvent: {}
[36.824346] (-) TimerEvent: {}
[36.924606] (-) TimerEvent: {}
[37.024967] (-) TimerEvent: {}
[37.125335] (-) TimerEvent: {}
[37.233377] (-) TimerEvent: {}
[37.333678] (-) TimerEvent: {}
[37.436406] (-) TimerEvent: {}
[37.536742] (-) TimerEvent: {}
[37.647446] (-) TimerEvent: {}
[37.724718] (rplidar_ros) StderrLine: {'line': b'In file included from /home/webotpi/ros2_ws/src/rplidar_ros/sdk/include/rplidar_protocol.h:36,\n'}
[37.725061] (rplidar_ros) StderrLine: {'line': b'                 from /home/webotpi/ros2_ws/src/rplidar_ros/sdk/include/rplidar.h:39,\n'}
[37.725288] (rplidar_ros) StderrLine: {'line': b'                 from /home/webotpi/ros2_ws/src/rplidar_ros/sdk/src/sdkcommon.h:49,\n'}
[37.725466] (rplidar_ros) StderrLine: {'line': b'                 from /home/webotpi/ros2_ws/src/rplidar_ros/sdk/src/dataunpacker/unpacker/../dataunnpacker_commondef.h:41,\n'}
[37.725661] (rplidar_ros) StderrLine: {'line': b'                 from /home/webotpi/ros2_ws/src/rplidar_ros/sdk/src/dataunpacker/unpacker/handler_capsules.cpp:39:\n'}
[37.725821] (rplidar_ros) StderrLine: {'line': b'/home/webotpi/ros2_ws/src/rplidar_ros/sdk/include/sl_lidar_protocol.h:66:16: warning: ISO C++ forbids zero-size array \xe2\x80\x98data\xe2\x80\x99 [-Wpedantic]\n'}
[37.725974] (rplidar_ros) StderrLine: {'line': b'   66 |     sl_u8 data[0];\n'}
[37.726118] (rplidar_ros) StderrLine: {'line': b'      |                ^\n'}
[37.730365] (rplidar_ros) StderrLine: {'line': b'In file included from /home/webotpi/ros2_ws/src/rplidar_ros/sdk/include/rplidar_cmd.h:36,\n'}
[37.730755] (rplidar_ros) StderrLine: {'line': b'                 from /home/webotpi/ros2_ws/src/rplidar_ros/sdk/include/rplidar.h:40:\n'}
[37.730959] (rplidar_ros) StderrLine: {'line': b'/home/webotpi/ros2_ws/src/rplidar_ros/sdk/include/sl_lidar_cmd.h:324:20: warning: ISO C++ forbids zero-size array \xe2\x80\x98payload\xe2\x80\x99 [-Wpedantic]\n'}
[37.731105] (rplidar_ros) StderrLine: {'line': b'  324 |     sl_u8  payload[0];\n'}
[37.731721] (rplidar_ros) StderrLine: {'line': b'      |                    ^\n'}
[37.747572] (-) TimerEvent: {}
[37.850437] (-) TimerEvent: {}
[37.950774] (-) TimerEvent: {}
[38.031747] (rplidar_ros) StderrLine: {'line': b'In file included from /home/webotpi/ros2_ws/src/rplidar_ros/sdk/src/dataunpacker/unpacker/handler_capsules.cpp:40:\n'}
[38.032117] (rplidar_ros) StderrLine: {'line': b'/home/webotpi/ros2_ws/src/rplidar_ros/sdk/src/dataunpacker/unpacker/../dataunpacker.h: In member function \xe2\x80\x98virtual void sl::internal::LIDARSampleDataListener::onCustomSampleDataDecoded(_u8, _u32, const void*, size_t)\xe2\x80\x99:\n'}
[38.032434] (rplidar_ros) StderrLine: {'line': b'/home/webotpi/ros2_ws/src/rplidar_ros/sdk/src/dataunpacker/unpacker/../dataunpacker.h:54:52: warning: unused parameter \xe2\x80\x98ansType\xe2\x80\x99 [-Wunused-parameter]\n'}
[38.032605] (rplidar_ros) StderrLine: {'line': b'   54 |         virtual void onCustomSampleDataDecoded(_u8 ansType, _u32 customCode, const void* data, size_t size) {}\n'}
[38.032745] (rplidar_ros) StderrLine: {'line': b'      |                                                ~~~~^~~~~~~\n'}
[38.032870] (rplidar_ros) StderrLine: {'line': b'/home/webotpi/ros2_ws/src/rplidar_ros/sdk/src/dataunpacker/unpacker/../dataunpacker.h:54:66: warning: unused parameter \xe2\x80\x98customCode\xe2\x80\x99 [-Wunused-parameter]\n'}
[38.033090] (rplidar_ros) StderrLine: {'line': b'   54 |         virtual void onCustomSampleDataDecoded(_u8 ansType, _u32 customCode, const void* data, size_t size) {}\n'}
[38.033269] (rplidar_ros) StderrLine: {'line': b'      |                                                             ~~~~~^~~~~~~~~~\n'}
[38.033431] (rplidar_ros) StderrLine: {'line': b'/home/webotpi/ros2_ws/src/rplidar_ros/sdk/src/dataunpacker/unpacker/../dataunpacker.h:54:90: warning: unused parameter \xe2\x80\x98data\xe2\x80\x99 [-Wunused-parameter]\n'}
[38.033587] (rplidar_ros) StderrLine: {'line': b'   54 |         virtual void onCustomSampleDataDecoded(_u8 ansType, _u32 customCode, const void* data, size_t size) {}\n'}
[38.033721] (rplidar_ros) StderrLine: {'line': b'      |                                                                              ~~~~~~~~~~~~^~~~\n'}
[38.033874] (rplidar_ros) StderrLine: {'line': b'/home/webotpi/ros2_ws/src/rplidar_ros/sdk/src/dataunpacker/unpacker/../dataunpacker.h:54:103: warning: unused parameter \xe2\x80\x98size\xe2\x80\x99 [-Wunused-parameter]\n'}
[38.034010] (rplidar_ros) StderrLine: {'line': b'   54 |         virtual void onCustomSampleDataDecoded(_u8 ansType, _u32 customCode, const void* data, size_t size) {}\n'}
[38.034132] (rplidar_ros) StderrLine: {'line': b'      |                                                                                                ~~~~~~~^~~~\n'}
[38.034238] (rplidar_ros) StderrLine: {'line': b'/home/webotpi/ros2_ws/src/rplidar_ros/sdk/src/dataunpacker/unpacker/../dataunpacker.h: In member function \xe2\x80\x98virtual void sl::internal::LIDARSampleDataListener::onDecodingError(int, _u8, const void*, size_t)\xe2\x80\x99:\n'}
[38.039732] (rplidar_ros) StderrLine: {'line': b'/home/webotpi/ros2_ws/src/rplidar_ros/sdk/src/dataunpacker/unpacker/../dataunpacker.h:56:42: warning: unused parameter \xe2\x80\x98errMsg\xe2\x80\x99 [-Wunused-parameter]\n'}
[38.040004] (rplidar_ros) StderrLine: {'line': b'   56 |         virtual void onDecodingError(int errMsg, _u8 ansType, const void* payload, size_t size) {}\n'}
[38.040205] (rplidar_ros) StderrLine: {'line': b'      |                                      ~~~~^~~~~~\n'}
[38.040407] (rplidar_ros) StderrLine: {'line': b'/home/webotpi/ros2_ws/src/rplidar_ros/sdk/src/dataunpacker/unpacker/../dataunpacker.h:56:54: warning: unused parameter \xe2\x80\x98ansType\xe2\x80\x99 [-Wunused-parameter]\n'}
[38.040562] (rplidar_ros) StderrLine: {'line': b'   56 |         virtual void onDecodingError(int errMsg, _u8 ansType, const void* payload, size_t size) {}\n'}
[38.040664] (rplidar_ros) StderrLine: {'line': b'      |                                                  ~~~~^~~~~~~\n'}
[38.040751] (rplidar_ros) StderrLine: {'line': b'/home/webotpi/ros2_ws/src/rplidar_ros/sdk/src/dataunpacker/unpacker/../dataunpacker.h:56:75: warning: unused parameter \xe2\x80\x98payload\xe2\x80\x99 [-Wunused-parameter]\n'}
[38.040839] (rplidar_ros) StderrLine: {'line': b'   56 |         virtual void onDecodingError(int errMsg, _u8 ansType, const void* payload, size_t size) {}\n'}
[38.040927] (rplidar_ros) StderrLine: {'line': b'      |                                                               ~~~~~~~~~~~~^~~~~~~\n'}
[38.041078] (rplidar_ros) StderrLine: {'line': b'/home/webotpi/ros2_ws/src/rplidar_ros/sdk/src/dataunpacker/unpacker/../dataunpacker.h:56:91: warning: unused parameter \xe2\x80\x98size\xe2\x80\x99 [-Wunused-parameter]\n'}
[38.041179] (rplidar_ros) StderrLine: {'line': b'   56 |         virtual void onDecodingError(int errMsg, _u8 ansType, const void* payload, size_t size) {}\n'}
[38.041331] (rplidar_ros) StderrLine: {'line': b'      |                                                                                    ~~~~~~~^~~~\n'}
[38.058389] (-) TimerEvent: {}
[38.079345] (rplidar_ros) StderrLine: {'line': b'/home/webotpi/ros2_ws/src/rplidar_ros/sdk/src/dataunpacker/unpacker/handler_capsules.cpp: In member function \xe2\x80\x98void sl::internal::unpacker::UnpackerHandler_DenseCapsuleNode::_onScanNodeDenseCapsuleData(rplidar_response_dense_capsule_measurement_nodes_t&, sl::internal::LIDARSampleDataUnpackerInner*)\xe2\x80\x99:\n'}
[38.079714] (rplidar_ros) StderrLine: {'line': b'/home/webotpi/ros2_ws/src/rplidar_ros/sdk/src/dataunpacker/unpacker/handler_capsules.cpp:763:30: warning: type qualifiers ignored on cast result type [-Wignored-qualifiers]\n'}
[38.079863] (rplidar_ros) StderrLine: {'line': b'  763 |             const int dist = static_cast<const int>(_cached_previous_dense_capsuledata.cabins[pos].distance);\n'}
[38.079988] (rplidar_ros) StderrLine: {'line': b'      |                              ^~~~~~~~~~~~~~~~~~~~~~~~~~~~~~~~~~~~~~~~~~~~~~~~~~~~~~~~~~~~~~~~~~~~~~~~~~~~~~~\n'}
[38.160356] (-) TimerEvent: {}
[38.263401] (-) TimerEvent: {}
[38.363709] (-) TimerEvent: {}
[38.468387] (-) TimerEvent: {}
[38.560478] (rplidar_ros) StdoutLine: {'line': b'[ 31%] Building CXX object CMakeFiles/rplidar_node.dir/sdk/src/dataunpacker/unpacker/handler_hqnode.cpp.o\n'}
[38.568517] (-) TimerEvent: {}
[38.668770] (-) TimerEvent: {}
[38.769376] (-) TimerEvent: {}
[38.870059] (-) TimerEvent: {}
[38.971367] (-) TimerEvent: {}
[39.071664] (-) TimerEvent: {}
[39.172915] (-) TimerEvent: {}
[39.273922] (-) TimerEvent: {}
[39.374210] (-) TimerEvent: {}
[39.478353] (-) TimerEvent: {}
[39.578651] (-) TimerEvent: {}
[39.679017] (-) TimerEvent: {}
[39.779294] (-) TimerEvent: {}
[39.879555] (-) TimerEvent: {}
[39.883775] (rplidar_ros) StderrLine: {'line': b'In file included from /home/webotpi/ros2_ws/src/rplidar_ros/sdk/include/rplidar_protocol.h:36,\n'}
[39.884234] (rplidar_ros) StderrLine: {'line': b'                 from /home/webotpi/ros2_ws/src/rplidar_ros/sdk/include/rplidar.h:39,\n'}
[39.884445] (rplidar_ros) StderrLine: {'line': b'                 from /home/webotpi/ros2_ws/src/rplidar_ros/sdk/src/sdkcommon.h:49,\n'}
[39.884599] (rplidar_ros) StderrLine: {'line': b'                 from /home/webotpi/ros2_ws/src/rplidar_ros/sdk/src/dataunpacker/unpacker/../dataunnpacker_commondef.h:41,\n'}
[39.884755] (rplidar_ros) StderrLine: {'line': b'                 from /home/webotpi/ros2_ws/src/rplidar_ros/sdk/src/dataunpacker/unpacker/handler_hqnode.cpp:39:\n'}
[39.884889] (rplidar_ros) StderrLine: {'line': b'/home/webotpi/ros2_ws/src/rplidar_ros/sdk/include/sl_lidar_protocol.h:66:16: warning: ISO C++ forbids zero-size array \xe2\x80\x98data\xe2\x80\x99 [-Wpedantic]\n'}
[39.885031] (rplidar_ros) StderrLine: {'line': b'   66 |     sl_u8 data[0];\n'}
[39.885162] (rplidar_ros) StderrLine: {'line': b'      |                ^\n'}
[39.885324] (rplidar_ros) StderrLine: {'line': b'In file included from /home/webotpi/ros2_ws/src/rplidar_ros/sdk/include/rplidar_cmd.h:36,\n'}
[39.885462] (rplidar_ros) StderrLine: {'line': b'                 from /home/webotpi/ros2_ws/src/rplidar_ros/sdk/include/rplidar.h:40:\n'}
[39.885574] (rplidar_ros) StderrLine: {'line': b'/home/webotpi/ros2_ws/src/rplidar_ros/sdk/include/sl_lidar_cmd.h:324:20: warning: ISO C++ forbids zero-size array \xe2\x80\x98payload\xe2\x80\x99 [-Wpedantic]\n'}
[39.885692] (rplidar_ros) StderrLine: {'line': b'  324 |     sl_u8  payload[0];\n'}
[39.885797] (rplidar_ros) StderrLine: {'line': b'      |                    ^\n'}
[39.981370] (-) TimerEvent: {}
[40.081645] (-) TimerEvent: {}
[40.182031] (-) TimerEvent: {}
[40.200267] (rplidar_ros) StderrLine: {'line': b'In file included from /home/webotpi/ros2_ws/src/rplidar_ros/sdk/src/dataunpacker/unpacker/handler_hqnode.cpp:40:\n'}
[40.200690] (rplidar_ros) StderrLine: {'line': b'/home/webotpi/ros2_ws/src/rplidar_ros/sdk/src/dataunpacker/unpacker/../dataunpacker.h: In member function \xe2\x80\x98virtual void sl::internal::LIDARSampleDataListener::onCustomSampleDataDecoded(_u8, _u32, const void*, size_t)\xe2\x80\x99:\n'}
[40.200866] (rplidar_ros) StderrLine: {'line': b'/home/webotpi/ros2_ws/src/rplidar_ros/sdk/src/dataunpacker/unpacker/../dataunpacker.h:54:52: warning: unused parameter \xe2\x80\x98ansType\xe2\x80\x99 [-Wunused-parameter]\n'}
[40.201018] (rplidar_ros) StderrLine: {'line': b'   54 |         virtual void onCustomSampleDataDecoded(_u8 ansType, _u32 customCode, const void* data, size_t size) {}\n'}
[40.201148] (rplidar_ros) StderrLine: {'line': b'      |                                                ~~~~^~~~~~~\n'}
[40.204926] (rplidar_ros) StderrLine: {'line': b'/home/webotpi/ros2_ws/src/rplidar_ros/sdk/src/dataunpacker/unpacker/../dataunpacker.h:54:66: warning: unused parameter \xe2\x80\x98customCode\xe2\x80\x99 [-Wunused-parameter]\n'}
[40.205343] (rplidar_ros) StderrLine: {'line': b'   54 |         virtual void onCustomSampleDataDecoded(_u8 ansType, _u32 customCode, const void* data, size_t size) {}\n'}
[40.205547] (rplidar_ros) StderrLine: {'line': b'      |                                                             ~~~~~^~~~~~~~~~\n'}
[40.205766] (rplidar_ros) StderrLine: {'line': b'/home/webotpi/ros2_ws/src/rplidar_ros/sdk/src/dataunpacker/unpacker/../dataunpacker.h:54:90: warning: unused parameter \xe2\x80\x98data\xe2\x80\x99 [-Wunused-parameter]\n'}
[40.205944] (rplidar_ros) StderrLine: {'line': b'   54 |         virtual void onCustomSampleDataDecoded(_u8 ansType, _u32 customCode, const void* data, size_t size) {}\n'}
[40.206103] (rplidar_ros) StderrLine: {'line': b'      |                                                                              ~~~~~~~~~~~~^~~~\n'}
[40.206305] (rplidar_ros) StderrLine: {'line': b'/home/webotpi/ros2_ws/src/rplidar_ros/sdk/src/dataunpacker/unpacker/../dataunpacker.h:54:103: warning: unused parameter \xe2\x80\x98size\xe2\x80\x99 [-Wunused-parameter]\n'}
[40.206474] (rplidar_ros) StderrLine: {'line': b'   54 |         virtual void onCustomSampleDataDecoded(_u8 ansType, _u32 customCode, const void* data, size_t size) {}\n'}
[40.206612] (rplidar_ros) StderrLine: {'line': b'      |                                                                                                ~~~~~~~^~~~\n'}
[40.206754] (rplidar_ros) StderrLine: {'line': b'/home/webotpi/ros2_ws/src/rplidar_ros/sdk/src/dataunpacker/unpacker/../dataunpacker.h: In member function \xe2\x80\x98virtual void sl::internal::LIDARSampleDataListener::onDecodingError(int, _u8, const void*, size_t)\xe2\x80\x99:\n'}
[40.206893] (rplidar_ros) StderrLine: {'line': b'/home/webotpi/ros2_ws/src/rplidar_ros/sdk/src/dataunpacker/unpacker/../dataunpacker.h:56:42: warning: unused parameter \xe2\x80\x98errMsg\xe2\x80\x99 [-Wunused-parameter]\n'}
[40.207046] (rplidar_ros) StderrLine: {'line': b'   56 |         virtual void onDecodingError(int errMsg, _u8 ansType, const void* payload, size_t size) {}\n'}
[40.207213] (rplidar_ros) StderrLine: {'line': b'      |                                      ~~~~^~~~~~\n'}
[40.210706] (rplidar_ros) StderrLine: {'line': b'/home/webotpi/ros2_ws/src/rplidar_ros/sdk/src/dataunpacker/unpacker/../dataunpacker.h:56:54: warning: unused parameter \xe2\x80\x98ansType\xe2\x80\x99 [-Wunused-parameter]\n'}
[40.210978] (rplidar_ros) StderrLine: {'line': b'   56 |         virtual void onDecodingError(int errMsg, _u8 ansType, const void* payload, size_t size) {}\n'}
[40.211466] (rplidar_ros) StderrLine: {'line': b'      |                                                  ~~~~^~~~~~~\n'}
[40.211665] (rplidar_ros) StderrLine: {'line': b'/home/webotpi/ros2_ws/src/rplidar_ros/sdk/src/dataunpacker/unpacker/../dataunpacker.h:56:75: warning: unused parameter \xe2\x80\x98payload\xe2\x80\x99 [-Wunused-parameter]\n'}
[40.211923] (rplidar_ros) StderrLine: {'line': b'   56 |         virtual void onDecodingError(int errMsg, _u8 ansType, const void* payload, size_t size) {}\n'}
[40.212213] (rplidar_ros) StderrLine: {'line': b'      |                                                               ~~~~~~~~~~~~^~~~~~~\n'}
[40.212476] (rplidar_ros) StderrLine: {'line': b'/home/webotpi/ros2_ws/src/rplidar_ros/sdk/src/dataunpacker/unpacker/../dataunpacker.h:56:91: warning: unused parameter \xe2\x80\x98size\xe2\x80\x99 [-Wunused-parameter]\n'}
[40.212731] (rplidar_ros) StderrLine: {'line': b'   56 |         virtual void onDecodingError(int errMsg, _u8 ansType, const void* payload, size_t size) {}\n'}
[40.213018] (rplidar_ros) StderrLine: {'line': b'      |                                                                                    ~~~~~~~^~~~\n'}
[40.282163] (-) TimerEvent: {}
[40.382639] (-) TimerEvent: {}
[40.483086] (-) TimerEvent: {}
[40.565397] (rplidar_ros) StdoutLine: {'line': b'[ 34%] Building CXX object CMakeFiles/rplidar_node.dir/sdk/src/dataunpacker/unpacker/handler_normalnode.cpp.o\n'}
[40.583273] (-) TimerEvent: {}
[40.683581] (-) TimerEvent: {}
[40.783877] (-) TimerEvent: {}
[40.884279] (-) TimerEvent: {}
[40.986603] (-) TimerEvent: {}
[41.086879] (-) TimerEvent: {}
[41.187289] (-) TimerEvent: {}
[41.287749] (-) TimerEvent: {}
[41.388057] (-) TimerEvent: {}
[41.488999] (-) TimerEvent: {}
[41.589286] (-) TimerEvent: {}
[41.689711] (-) TimerEvent: {}
[41.791410] (-) TimerEvent: {}
[41.891734] (-) TimerEvent: {}
[41.992027] (-) TimerEvent: {}
[42.093375] (-) TimerEvent: {}
[42.193423] (rplidar_ros) StderrLine: {'line': b'In file included from /home/webotpi/ros2_ws/src/rplidar_ros/sdk/include/rplidar_protocol.h:36,\n'}
[42.193779] (-) TimerEvent: {}
[42.193819] (rplidar_ros) StderrLine: {'line': b'                 from /home/webotpi/ros2_ws/src/rplidar_ros/sdk/include/rplidar.h:39,\n'}
[42.193983] (rplidar_ros) StderrLine: {'line': b'                 from /home/webotpi/ros2_ws/src/rplidar_ros/sdk/src/sdkcommon.h:49,\n'}
[42.194090] (rplidar_ros) StderrLine: {'line': b'                 from /home/webotpi/ros2_ws/src/rplidar_ros/sdk/src/dataunpacker/unpacker/../dataunnpacker_commondef.h:41,\n'}
[42.194223] (rplidar_ros) StderrLine: {'line': b'                 from /home/webotpi/ros2_ws/src/rplidar_ros/sdk/src/dataunpacker/unpacker/handler_normalnode.cpp:39:\n'}
[42.194421] (rplidar_ros) StderrLine: {'line': b'/home/webotpi/ros2_ws/src/rplidar_ros/sdk/include/sl_lidar_protocol.h:66:16: warning: ISO C++ forbids zero-size array \xe2\x80\x98data\xe2\x80\x99 [-Wpedantic]\n'}
[42.194560] (rplidar_ros) StderrLine: {'line': b'   66 |     sl_u8 data[0];\n'}
[42.194680] (rplidar_ros) StderrLine: {'line': b'      |                ^\n'}
[42.197357] (rplidar_ros) StderrLine: {'line': b'In file included from /home/webotpi/ros2_ws/src/rplidar_ros/sdk/include/rplidar_cmd.h:36,\n'}
[42.197785] (rplidar_ros) StderrLine: {'line': b'                 from /home/webotpi/ros2_ws/src/rplidar_ros/sdk/include/rplidar.h:40:\n'}
[42.197948] (rplidar_ros) StderrLine: {'line': b'/home/webotpi/ros2_ws/src/rplidar_ros/sdk/include/sl_lidar_cmd.h:324:20: warning: ISO C++ forbids zero-size array \xe2\x80\x98payload\xe2\x80\x99 [-Wpedantic]\n'}
[42.198059] (rplidar_ros) StderrLine: {'line': b'  324 |     sl_u8  payload[0];\n'}
[42.198182] (rplidar_ros) StderrLine: {'line': b'      |                    ^\n'}
[42.294174] (-) TimerEvent: {}
[42.397383] (-) TimerEvent: {}
[42.497764] (-) TimerEvent: {}
[42.509608] (rplidar_ros) StderrLine: {'line': b'In file included from /home/webotpi/ros2_ws/src/rplidar_ros/sdk/src/dataunpacker/unpacker/handler_normalnode.cpp:40:\n'}
[42.509918] (rplidar_ros) StderrLine: {'line': b'/home/webotpi/ros2_ws/src/rplidar_ros/sdk/src/dataunpacker/unpacker/../dataunpacker.h: In member function \xe2\x80\x98virtual void sl::internal::LIDARSampleDataListener::onCustomSampleDataDecoded(_u8, _u32, const void*, size_t)\xe2\x80\x99:\n'}
[42.510023] (rplidar_ros) StderrLine: {'line': b'/home/webotpi/ros2_ws/src/rplidar_ros/sdk/src/dataunpacker/unpacker/../dataunpacker.h:54:52: warning: unused parameter \xe2\x80\x98ansType\xe2\x80\x99 [-Wunused-parameter]\n'}
[42.510136] (rplidar_ros) StderrLine: {'line': b'   54 |         virtual void onCustomSampleDataDecoded(_u8 ansType, _u32 customCode, const void* data, size_t size) {}\n'}
[42.510219] (rplidar_ros) StderrLine: {'line': b'      |                                                ~~~~^~~~~~~\n'}
[42.514866] (rplidar_ros) StderrLine: {'line': b'/home/webotpi/ros2_ws/src/rplidar_ros/sdk/src/dataunpacker/unpacker/../dataunpacker.h:54:66: warning: unused parameter \xe2\x80\x98customCode\xe2\x80\x99 [-Wunused-parameter]\n'}
[42.515397] (rplidar_ros) StderrLine: {'line': b'   54 |         virtual void onCustomSampleDataDecoded(_u8 ansType, _u32 customCode, const void* data, size_t size) {}\n'}
[42.515539] (rplidar_ros) StderrLine: {'line': b'      |                                                             ~~~~~^~~~~~~~~~\n'}
[42.515637] (rplidar_ros) StderrLine: {'line': b'/home/webotpi/ros2_ws/src/rplidar_ros/sdk/src/dataunpacker/unpacker/../dataunpacker.h:54:90: warning: unused parameter \xe2\x80\x98data\xe2\x80\x99 [-Wunused-parameter]\n'}
[42.515732] (rplidar_ros) StderrLine: {'line': b'   54 |         virtual void onCustomSampleDataDecoded(_u8 ansType, _u32 customCode, const void* data, size_t size) {}\n'}
[42.515827] (rplidar_ros) StderrLine: {'line': b'      |                                                                              ~~~~~~~~~~~~^~~~\n'}
[42.515916] (rplidar_ros) StderrLine: {'line': b'/home/webotpi/ros2_ws/src/rplidar_ros/sdk/src/dataunpacker/unpacker/../dataunpacker.h:54:103: warning: unused parameter \xe2\x80\x98size\xe2\x80\x99 [-Wunused-parameter]\n'}
[42.516002] (rplidar_ros) StderrLine: {'line': b'   54 |         virtual void onCustomSampleDataDecoded(_u8 ansType, _u32 customCode, const void* data, size_t size) {}\n'}
[42.516084] (rplidar_ros) StderrLine: {'line': b'      |                                                                                                ~~~~~~~^~~~\n'}
[42.516216] (rplidar_ros) StderrLine: {'line': b'/home/webotpi/ros2_ws/src/rplidar_ros/sdk/src/dataunpacker/unpacker/../dataunpacker.h: In member function \xe2\x80\x98virtual void sl::internal::LIDARSampleDataListener::onDecodingError(int, _u8, const void*, size_t)\xe2\x80\x99:\n'}
[42.516365] (rplidar_ros) StderrLine: {'line': b'/home/webotpi/ros2_ws/src/rplidar_ros/sdk/src/dataunpacker/unpacker/../dataunpacker.h:56:42: warning: unused parameter \xe2\x80\x98errMsg\xe2\x80\x99 [-Wunused-parameter]\n'}
[42.516479] (rplidar_ros) StderrLine: {'line': b'   56 |         virtual void onDecodingError(int errMsg, _u8 ansType, const void* payload, size_t size) {}\n'}
[42.516588] (rplidar_ros) StderrLine: {'line': b'      |                                      ~~~~^~~~~~\n'}
[42.516694] (rplidar_ros) StderrLine: {'line': b'/home/webotpi/ros2_ws/src/rplidar_ros/sdk/src/dataunpacker/unpacker/../dataunpacker.h:56:54: warning: unused parameter \xe2\x80\x98ansType\xe2\x80\x99 [-Wunused-parameter]\n'}
[42.516798] (rplidar_ros) StderrLine: {'line': b'   56 |         virtual void onDecodingError(int errMsg, _u8 ansType, const void* payload, size_t size) {}\n'}
[42.516904] (rplidar_ros) StderrLine: {'line': b'      |                                                  ~~~~^~~~~~~\n'}
[42.517005] (rplidar_ros) StderrLine: {'line': b'/home/webotpi/ros2_ws/src/rplidar_ros/sdk/src/dataunpacker/unpacker/../dataunpacker.h:56:75: warning: unused parameter \xe2\x80\x98payload\xe2\x80\x99 [-Wunused-parameter]\n'}
[42.517116] (rplidar_ros) StderrLine: {'line': b'   56 |         virtual void onDecodingError(int errMsg, _u8 ansType, const void* payload, size_t size) {}\n'}
[42.517245] (rplidar_ros) StderrLine: {'line': b'      |                                                               ~~~~~~~~~~~~^~~~~~~\n'}
[42.521015] (rplidar_ros) StderrLine: {'line': b'/home/webotpi/ros2_ws/src/rplidar_ros/sdk/src/dataunpacker/unpacker/../dataunpacker.h:56:91: warning: unused parameter \xe2\x80\x98size\xe2\x80\x99 [-Wunused-parameter]\n'}
[42.521274] (rplidar_ros) StderrLine: {'line': b'   56 |         virtual void onDecodingError(int errMsg, _u8 ansType, const void* payload, size_t size) {}\n'}
[42.525049] (rplidar_ros) StderrLine: {'line': b'      |                                                                                    ~~~~~~~^~~~\n'}
[42.597934] (-) TimerEvent: {}
[42.698244] (-) TimerEvent: {}
[42.798803] (-) TimerEvent: {}
[42.875993] (rplidar_ros) StdoutLine: {'line': b'[ 36%] Building CXX object CMakeFiles/rplidar_node.dir/sdk/src/hal/thread.cpp.o\n'}
[42.899408] (-) TimerEvent: {}
[42.999792] (-) TimerEvent: {}
[43.104607] (-) TimerEvent: {}
[43.205162] (-) TimerEvent: {}
[43.286903] (rplidar_ros) StdoutLine: {'line': b'[ 39%] Building CXX object CMakeFiles/rplidar_composition.dir/sdk/src/dataunpacker/dataunpacker.cpp.o\n'}
[43.305493] (-) TimerEvent: {}
[43.405862] (-) TimerEvent: {}
[43.487953] (rplidar_ros) StdoutLine: {'line': b'[ 42%] Building CXX object CMakeFiles/rplidar_composition.dir/sdk/src/dataunpacker/unpacker/handler_capsules.cpp.o\n'}
[43.506800] (-) TimerEvent: {}
[43.607092] (-) TimerEvent: {}
[43.707381] (-) TimerEvent: {}
[43.807949] (-) TimerEvent: {}
[43.912346] (-) TimerEvent: {}
[44.018046] (-) TimerEvent: {}
[44.118860] (-) TimerEvent: {}
[44.219142] (-) TimerEvent: {}
[44.320414] (-) TimerEvent: {}
[44.410675] (rplidar_ros) StderrLine: {'line': b'In file included from /home/webotpi/ros2_ws/src/rplidar_ros/sdk/include/rplidar_protocol.h:36,\n'}
[44.411164] (rplidar_ros) StderrLine: {'line': b'                 from /home/webotpi/ros2_ws/src/rplidar_ros/sdk/include/rplidar.h:39,\n'}
[44.411392] (rplidar_ros) StderrLine: {'line': b'                 from /home/webotpi/ros2_ws/src/rplidar_ros/sdk/src/sdkcommon.h:49,\n'}
[44.411618] (rplidar_ros) StderrLine: {'line': b'                 from /home/webotpi/ros2_ws/src/rplidar_ros/sdk/src/hal/thread.cpp:35:\n'}
[44.411797] (rplidar_ros) StderrLine: {'line': b'/home/webotpi/ros2_ws/src/rplidar_ros/sdk/include/sl_lidar_protocol.h:66:16: warning: ISO C++ forbids zero-size array \xe2\x80\x98data\xe2\x80\x99 [-Wpedantic]\n'}
[44.411983] (rplidar_ros) StderrLine: {'line': b'   66 |     sl_u8 data[0];\n'}
[44.412124] (rplidar_ros) StderrLine: {'line': b'      |                ^\n'}
[44.412235] (rplidar_ros) StderrLine: {'line': b'In file included from /home/webotpi/ros2_ws/src/rplidar_ros/sdk/include/rplidar_cmd.h:36,\n'}
[44.412376] (rplidar_ros) StderrLine: {'line': b'                 from /home/webotpi/ros2_ws/src/rplidar_ros/sdk/include/rplidar.h:40:\n'}
[44.412558] (rplidar_ros) StderrLine: {'line': b'/home/webotpi/ros2_ws/src/rplidar_ros/sdk/include/sl_lidar_cmd.h:324:20: warning: ISO C++ forbids zero-size array \xe2\x80\x98payload\xe2\x80\x99 [-Wpedantic]\n'}
[44.412733] (rplidar_ros) StderrLine: {'line': b'  324 |     sl_u8  payload[0];\n'}
[44.412894] (rplidar_ros) StderrLine: {'line': b'      |                    ^\n'}
[44.423391] (-) TimerEvent: {}
[44.500532] (rplidar_ros) StderrLine: {'line': b'In file included from /home/webotpi/ros2_ws/src/rplidar_ros/sdk/src/hal/thread.cpp:43:\n'}
[44.500950] (rplidar_ros) StderrLine: {'line': b'/home/webotpi/ros2_ws/src/rplidar_ros/sdk/src/arch/linux/thread.hpp: In static member function \xe2\x80\x98static rp::hal::Thread rp::hal::Thread::create(thread_proc_t, void*)\xe2\x80\x99:\n'}
[44.501167] (rplidar_ros) StderrLine: {'line': b'/home/webotpi/ros2_ws/src/rplidar_ros/sdk/src/arch/linux/thread.hpp:52:57: warning: cast between incompatible function types from \xe2\x80\x98thread_proc_t\xe2\x80\x99 {aka \xe2\x80\x98long unsigned int (*)(void*)\xe2\x80\x99} to \xe2\x80\x98void* (*)(void*)\xe2\x80\x99 [-Wcast-function-type]\n'}
[44.501460] (rplidar_ros) StderrLine: {'line': b'   52 |     pthread_create((pthread_t *)&newborn._handle, NULL, (void * (*)(void *))proc, data);\n'}
[44.501632] (rplidar_ros) StderrLine: {'line': b'      |                                                         ^~~~~~~~~~~~~~~~~~~~~~~~\n'}
[44.505376] (rplidar_ros) StderrLine: {'line': b'/home/webotpi/ros2_ws/src/rplidar_ros/sdk/src/arch/linux/thread.hpp: In member function \xe2\x80\x98u_result rp::hal::Thread::join(long unsigned int)\xe2\x80\x99:\n'}
[44.505873] (rplidar_ros) StderrLine: {'line': b'/home/webotpi/ros2_ws/src/rplidar_ros/sdk/src/arch/linux/thread.hpp:176:37: warning: unused parameter \xe2\x80\x98timeout\xe2\x80\x99 [-Wunused-parameter]\n'}
[44.506126] (rplidar_ros) StderrLine: {'line': b'  176 | u_result Thread::join(unsigned long timeout)\n'}
[44.506320] (rplidar_ros) StderrLine: {'line': b'      |                       ~~~~~~~~~~~~~~^~~~~~~\n'}
[44.525383] (-) TimerEvent: {}
[44.625684] (-) TimerEvent: {}
[44.726245] (-) TimerEvent: {}
[44.822371] (rplidar_ros) StderrLine: {'line': b'In file included from /home/webotpi/ros2_ws/src/rplidar_ros/sdk/include/rplidar_protocol.h:36,\n'}
[44.822847] (rplidar_ros) StderrLine: {'line': b'                 from /home/webotpi/ros2_ws/src/rplidar_ros/sdk/include/rplidar.h:39,\n'}
[44.823043] (rplidar_ros) StderrLine: {'line': b'                 from /home/webotpi/ros2_ws/src/rplidar_ros/sdk/src/sdkcommon.h:49,\n'}
[44.823219] (rplidar_ros) StderrLine: {'line': b'                 from /home/webotpi/ros2_ws/src/rplidar_ros/sdk/src/dataunpacker/unpacker/../dataunnpacker_commondef.h:41,\n'}
[44.823463] (rplidar_ros) StderrLine: {'line': b'                 from /home/webotpi/ros2_ws/src/rplidar_ros/sdk/src/dataunpacker/unpacker/handler_capsules.cpp:39:\n'}
[44.823647] (rplidar_ros) StderrLine: {'line': b'/home/webotpi/ros2_ws/src/rplidar_ros/sdk/include/sl_lidar_protocol.h:66:16: warning: ISO C++ forbids zero-size array \xe2\x80\x98data\xe2\x80\x99 [-Wpedantic]\n'}
[44.823774] (rplidar_ros) StderrLine: {'line': b'   66 |     sl_u8 data[0];\n'}
[44.823882] (rplidar_ros) StderrLine: {'line': b'      |                ^\n'}
[44.824021] (rplidar_ros) StderrLine: {'line': b'In file included from /home/webotpi/ros2_ws/src/rplidar_ros/sdk/include/rplidar_protocol.h:36,\n'}
[44.824164] (rplidar_ros) StderrLine: {'line': b'                 from /home/webotpi/ros2_ws/src/rplidar_ros/sdk/include/rplidar.h:39,\n'}
[44.824319] (rplidar_ros) StderrLine: {'line': b'                 from /home/webotpi/ros2_ws/src/rplidar_ros/sdk/src/sdkcommon.h:49,\n'}
[44.824439] (rplidar_ros) StderrLine: {'line': b'                 from /home/webotpi/ros2_ws/src/rplidar_ros/sdk/src/dataunpacker/dataunnpacker_commondef.h:41,\n'}
[44.824571] (rplidar_ros) StderrLine: {'line': b'                 from /home/webotpi/ros2_ws/src/rplidar_ros/sdk/src/dataunpacker/dataunpacker.cpp:39:\n'}
[44.824701] (rplidar_ros) StderrLine: {'line': b'/home/webotpi/ros2_ws/src/rplidar_ros/sdk/include/sl_lidar_protocol.h:66:16: warning: ISO C++ forbids zero-size array \xe2\x80\x98data\xe2\x80\x99 [-Wpedantic]\n'}
[44.824839] (rplidar_ros) StderrLine: {'line': b'   66 |     sl_u8 data[0];\n'}
[44.824950] (rplidar_ros) StderrLine: {'line': b'      |                ^\n'}
[44.825079] (rplidar_ros) StderrLine: {'line': b'In file included from /home/webotpi/ros2_ws/src/rplidar_ros/sdk/include/rplidar_cmd.h:36,\n'}
[44.825209] (rplidar_ros) StderrLine: {'line': b'                 from /home/webotpi/ros2_ws/src/rplidar_ros/sdk/include/rplidar.h:40:\n'}
[44.828702] (-) TimerEvent: {}
[44.828782] (rplidar_ros) StderrLine: {'line': b'/home/webotpi/ros2_ws/src/rplidar_ros/sdk/include/sl_lidar_cmd.h:324:20: warning: ISO C++ forbids zero-size array \xe2\x80\x98payload\xe2\x80\x99 [-Wpedantic]\n'}
[44.828964] (rplidar_ros) StderrLine: {'line': b'  324 |     sl_u8  payload[0];\n'}
[44.829085] (rplidar_ros) StderrLine: {'line': b'      |                    ^\n'}
[44.829225] (rplidar_ros) StderrLine: {'line': b'In file included from /home/webotpi/ros2_ws/src/rplidar_ros/sdk/include/rplidar_cmd.h:36,\n'}
[44.829414] (rplidar_ros) StderrLine: {'line': b'                 from /home/webotpi/ros2_ws/src/rplidar_ros/sdk/include/rplidar.h:40:\n'}
[44.829547] (rplidar_ros) StderrLine: {'line': b'/home/webotpi/ros2_ws/src/rplidar_ros/sdk/include/sl_lidar_cmd.h:324:20: warning: ISO C++ forbids zero-size array \xe2\x80\x98payload\xe2\x80\x99 [-Wpedantic]\n'}
[44.829744] (rplidar_ros) StderrLine: {'line': b'  324 |     sl_u8  payload[0];\n'}
[44.829888] (rplidar_ros) StderrLine: {'line': b'      |                    ^\n'}
[44.856410] (rplidar_ros) StdoutLine: {'line': b'[ 44%] Building CXX object CMakeFiles/rplidar_node.dir/sdk/src/rplidar_driver.cpp.o\n'}
[44.933369] (-) TimerEvent: {}
[45.033648] (-) TimerEvent: {}
[45.107541] (rplidar_ros) StderrLine: {'line': b'In file included from /home/webotpi/ros2_ws/src/rplidar_ros/sdk/src/dataunpacker/dataunpacker.cpp:40:\n'}
[45.108023] (rplidar_ros) StderrLine: {'line': b'/home/webotpi/ros2_ws/src/rplidar_ros/sdk/src/dataunpacker/dataunpacker.h: In member function \xe2\x80\x98virtual void sl::internal::LIDARSampleDataListener::onCustomSampleDataDecoded(_u8, _u32, const void*, size_t)\xe2\x80\x99:\n'}
[45.108233] (rplidar_ros) StderrLine: {'line': b'/home/webotpi/ros2_ws/src/rplidar_ros/sdk/src/dataunpacker/dataunpacker.h:54:52: warning: unused parameter \xe2\x80\x98ansType\xe2\x80\x99 [-Wunused-parameter]\n'}
[45.108486] (rplidar_ros) StderrLine: {'line': b'   54 |         virtual void onCustomSampleDataDecoded(_u8 ansType, _u32 customCode, const void* data, size_t size) {}\n'}
[45.108658] (rplidar_ros) StderrLine: {'line': b'      |                                                ~~~~^~~~~~~\n'}
[45.110360] (rplidar_ros) StderrLine: {'line': b'/home/webotpi/ros2_ws/src/rplidar_ros/sdk/src/dataunpacker/dataunpacker.h:54:66: warning: unused parameter \xe2\x80\x98customCode\xe2\x80\x99 [-Wunused-parameter]\n'}
[45.110773] (rplidar_ros) StderrLine: {'line': b'   54 |         virtual void onCustomSampleDataDecoded(_u8 ansType, _u32 customCode, const void* data, size_t size) {}\n'}
[45.110958] (rplidar_ros) StderrLine: {'line': b'      |                                                             ~~~~~^~~~~~~~~~\n'}
[45.111131] (rplidar_ros) StderrLine: {'line': b'/home/webotpi/ros2_ws/src/rplidar_ros/sdk/src/dataunpacker/dataunpacker.h:54:90: warning: unused parameter \xe2\x80\x98data\xe2\x80\x99 [-Wunused-parameter]\n'}
[45.114461] (rplidar_ros) StderrLine: {'line': b'   54 |         virtual void onCustomSampleDataDecoded(_u8 ansType, _u32 customCode, const void* data, size_t size) {}\n'}
[45.114851] (rplidar_ros) StderrLine: {'line': b'      |                                                                              ~~~~~~~~~~~~^~~~\n'}
[45.115043] (rplidar_ros) StderrLine: {'line': b'/home/webotpi/ros2_ws/src/rplidar_ros/sdk/src/dataunpacker/dataunpacker.h:54:103: warning: unused parameter \xe2\x80\x98size\xe2\x80\x99 [-Wunused-parameter]\n'}
[45.115279] (rplidar_ros) StderrLine: {'line': b'   54 |         virtual void onCustomSampleDataDecoded(_u8 ansType, _u32 customCode, const void* data, size_t size) {}\n'}
[45.115495] (rplidar_ros) StderrLine: {'line': b'      |                                                                                                ~~~~~~~^~~~\n'}
[45.115664] (rplidar_ros) StderrLine: {'line': b'/home/webotpi/ros2_ws/src/rplidar_ros/sdk/src/dataunpacker/dataunpacker.h: In member function \xe2\x80\x98virtual void sl::internal::LIDARSampleDataListener::onDecodingError(int, _u8, const void*, size_t)\xe2\x80\x99:\n'}
[45.115835] (rplidar_ros) StderrLine: {'line': b'/home/webotpi/ros2_ws/src/rplidar_ros/sdk/src/dataunpacker/dataunpacker.h:56:42: warning: unused parameter \xe2\x80\x98errMsg\xe2\x80\x99 [-Wunused-parameter]\n'}
[45.115973] (rplidar_ros) StderrLine: {'line': b'   56 |         virtual void onDecodingError(int errMsg, _u8 ansType, const void* payload, size_t size) {}\n'}
[45.116188] (rplidar_ros) StderrLine: {'line': b'      |                                      ~~~~^~~~~~\n'}
[45.116406] (rplidar_ros) StderrLine: {'line': b'/home/webotpi/ros2_ws/src/rplidar_ros/sdk/src/dataunpacker/dataunpacker.h:56:54: warning: unused parameter \xe2\x80\x98ansType\xe2\x80\x99 [-Wunused-parameter]\n'}
[45.116605] (rplidar_ros) StderrLine: {'line': b'   56 |         virtual void onDecodingError(int errMsg, _u8 ansType, const void* payload, size_t size) {}\n'}
[45.119435] (rplidar_ros) StderrLine: {'line': b'      |                                                  ~~~~^~~~~~~\n'}
[45.119788] (rplidar_ros) StderrLine: {'line': b'/home/webotpi/ros2_ws/src/rplidar_ros/sdk/src/dataunpacker/dataunpacker.h:56:75: warning: unused parameter \xe2\x80\x98payload\xe2\x80\x99 [-Wunused-parameter]\n'}
[45.119944] (rplidar_ros) StderrLine: {'line': b'   56 |         virtual void onDecodingError(int errMsg, _u8 ansType, const void* payload, size_t size) {}\n'}
[45.120066] (rplidar_ros) StderrLine: {'line': b'      |                                                               ~~~~~~~~~~~~^~~~~~~\n'}
[45.120187] (rplidar_ros) StderrLine: {'line': b'/home/webotpi/ros2_ws/src/rplidar_ros/sdk/src/dataunpacker/dataunpacker.h:56:91: warning: unused parameter \xe2\x80\x98size\xe2\x80\x99 [-Wunused-parameter]\n'}
[45.120350] (rplidar_ros) StderrLine: {'line': b'   56 |         virtual void onDecodingError(int errMsg, _u8 ansType, const void* payload, size_t size) {}\n'}
[45.120481] (rplidar_ros) StderrLine: {'line': b'      |                                                                                    ~~~~~~~^~~~\n'}
[45.133809] (-) TimerEvent: {}
[45.235757] (rplidar_ros) StderrLine: {'line': b'In file included from /home/webotpi/ros2_ws/src/rplidar_ros/sdk/src/dataunpacker/unpacker/handler_capsules.cpp:40:\n'}
[45.236122] (-) TimerEvent: {}
[45.236166] (rplidar_ros) StderrLine: {'line': b'/home/webotpi/ros2_ws/src/rplidar_ros/sdk/src/dataunpacker/unpacker/../dataunpacker.h: In member function \xe2\x80\x98virtual void sl::internal::LIDARSampleDataListener::onCustomSampleDataDecoded(_u8, _u32, const void*, size_t)\xe2\x80\x99:\n'}
[45.236411] (rplidar_ros) StderrLine: {'line': b'/home/webotpi/ros2_ws/src/rplidar_ros/sdk/src/dataunpacker/unpacker/../dataunpacker.h:54:52: warning: unused parameter \xe2\x80\x98ansType\xe2\x80\x99 [-Wunused-parameter]\n'}
[45.236566] (rplidar_ros) StderrLine: {'line': b'   54 |         virtual void onCustomSampleDataDecoded(_u8 ansType, _u32 customCode, const void* data, size_t size) {}\n'}
[45.236707] (rplidar_ros) StderrLine: {'line': b'      |                                                ~~~~^~~~~~~\n'}
[45.236875] (rplidar_ros) StderrLine: {'line': b'/home/webotpi/ros2_ws/src/rplidar_ros/sdk/src/dataunpacker/unpacker/../dataunpacker.h:54:66: warning: unused parameter \xe2\x80\x98customCode\xe2\x80\x99 [-Wunused-parameter]\n'}
[45.237010] (rplidar_ros) StderrLine: {'line': b'   54 |         virtual void onCustomSampleDataDecoded(_u8 ansType, _u32 customCode, const void* data, size_t size) {}\n'}
[45.237123] (rplidar_ros) StderrLine: {'line': b'      |                                                             ~~~~~^~~~~~~~~~\n'}
[45.237282] (rplidar_ros) StderrLine: {'line': b'/home/webotpi/ros2_ws/src/rplidar_ros/sdk/src/dataunpacker/unpacker/../dataunpacker.h:54:90: warning: unused parameter \xe2\x80\x98data\xe2\x80\x99 [-Wunused-parameter]\n'}
[45.237439] (rplidar_ros) StderrLine: {'line': b'   54 |         virtual void onCustomSampleDataDecoded(_u8 ansType, _u32 customCode, const void* data, size_t size) {}\n'}
[45.237560] (rplidar_ros) StderrLine: {'line': b'      |                                                                              ~~~~~~~~~~~~^~~~\n'}
[45.237675] (rplidar_ros) StderrLine: {'line': b'/home/webotpi/ros2_ws/src/rplidar_ros/sdk/src/dataunpacker/unpacker/../dataunpacker.h:54:103: warning: unused parameter \xe2\x80\x98size\xe2\x80\x99 [-Wunused-parameter]\n'}
[45.237799] (rplidar_ros) StderrLine: {'line': b'   54 |         virtual void onCustomSampleDataDecoded(_u8 ansType, _u32 customCode, const void* data, size_t size) {}\n'}
[45.237912] (rplidar_ros) StderrLine: {'line': b'      |                                                                                                ~~~~~~~^~~~\n'}
[45.238018] (rplidar_ros) StderrLine: {'line': b'/home/webotpi/ros2_ws/src/rplidar_ros/sdk/src/dataunpacker/unpacker/../dataunpacker.h: In member function \xe2\x80\x98virtual void sl::internal::LIDARSampleDataListener::onDecodingError(int, _u8, const void*, size_t)\xe2\x80\x99:\n'}
[45.238164] (rplidar_ros) StderrLine: {'line': b'/home/webotpi/ros2_ws/src/rplidar_ros/sdk/src/dataunpacker/unpacker/../dataunpacker.h:56:42: warning: unused parameter \xe2\x80\x98errMsg\xe2\x80\x99 [-Wunused-parameter]\n'}
[45.241581] (rplidar_ros) StderrLine: {'line': b'   56 |         virtual void onDecodingError(int errMsg, _u8 ansType, const void* payload, size_t size) {}\n'}
[45.241888] (rplidar_ros) StderrLine: {'line': b'      |                                      ~~~~^~~~~~\n'}
[45.242052] (rplidar_ros) StderrLine: {'line': b'/home/webotpi/ros2_ws/src/rplidar_ros/sdk/src/dataunpacker/unpacker/../dataunpacker.h:56:54: warning: unused parameter \xe2\x80\x98ansType\xe2\x80\x99 [-Wunused-parameter]\n'}
[45.242205] (rplidar_ros) StderrLine: {'line': b'   56 |         virtual void onDecodingError(int errMsg, _u8 ansType, const void* payload, size_t size) {}\n'}
[45.242387] (rplidar_ros) StderrLine: {'line': b'      |                                                  ~~~~^~~~~~~\n'}
[45.242534] (rplidar_ros) StderrLine: {'line': b'/home/webotpi/ros2_ws/src/rplidar_ros/sdk/src/dataunpacker/unpacker/../dataunpacker.h:56:75: warning: unused parameter \xe2\x80\x98payload\xe2\x80\x99 [-Wunused-parameter]\n'}
[45.242677] (rplidar_ros) StderrLine: {'line': b'   56 |         virtual void onDecodingError(int errMsg, _u8 ansType, const void* payload, size_t size) {}\n'}
[45.242801] (rplidar_ros) StderrLine: {'line': b'      |                                                               ~~~~~~~~~~~~^~~~~~~\n'}
[45.242963] (rplidar_ros) StderrLine: {'line': b'/home/webotpi/ros2_ws/src/rplidar_ros/sdk/src/dataunpacker/unpacker/../dataunpacker.h:56:91: warning: unused parameter \xe2\x80\x98size\xe2\x80\x99 [-Wunused-parameter]\n'}
[45.243091] (rplidar_ros) StderrLine: {'line': b'   56 |         virtual void onDecodingError(int errMsg, _u8 ansType, const void* payload, size_t size) {}\n'}
[45.243199] (rplidar_ros) StderrLine: {'line': b'      |                                                                                    ~~~~~~~^~~~\n'}
[45.260366] (rplidar_ros) StderrLine: {'line': b'/home/webotpi/ros2_ws/src/rplidar_ros/sdk/src/dataunpacker/unpacker/handler_capsules.cpp: In member function \xe2\x80\x98void sl::internal::unpacker::UnpackerHandler_DenseCapsuleNode::_onScanNodeDenseCapsuleData(rplidar_response_dense_capsule_measurement_nodes_t&, sl::internal::LIDARSampleDataUnpackerInner*)\xe2\x80\x99:\n'}
[45.260776] (rplidar_ros) StderrLine: {'line': b'/home/webotpi/ros2_ws/src/rplidar_ros/sdk/src/dataunpacker/unpacker/handler_capsules.cpp:763:30: warning: type qualifiers ignored on cast result type [-Wignored-qualifiers]\n'}
[45.260945] (rplidar_ros) StderrLine: {'line': b'  763 |             const int dist = static_cast<const int>(_cached_previous_dense_capsuledata.cabins[pos].distance);\n'}
[45.261069] (rplidar_ros) StderrLine: {'line': b'      |                              ^~~~~~~~~~~~~~~~~~~~~~~~~~~~~~~~~~~~~~~~~~~~~~~~~~~~~~~~~~~~~~~~~~~~~~~~~~~~~~~\n'}
[45.338309] (-) TimerEvent: {}
[45.438735] (-) TimerEvent: {}
[45.539038] (-) TimerEvent: {}
[45.639492] (-) TimerEvent: {}
[45.740370] (-) TimerEvent: {}
[45.755169] (rplidar_ros) StdoutLine: {'line': b'[ 47%] Building CXX object CMakeFiles/rplidar_composition.dir/sdk/src/dataunpacker/unpacker/handler_hqnode.cpp.o\n'}
[45.841361] (-) TimerEvent: {}
[45.941626] (-) TimerEvent: {}
[46.041991] (-) TimerEvent: {}
[46.072670] (rplidar_ros) StderrLine: {'line': b'In file included from /home/webotpi/ros2_ws/src/rplidar_ros/sdk/include/rplidar_protocol.h:36,\n'}
[46.073026] (rplidar_ros) StderrLine: {'line': b'                 from /home/webotpi/ros2_ws/src/rplidar_ros/sdk/include/rplidar.h:39,\n'}
[46.073158] (rplidar_ros) StderrLine: {'line': b'                 from /home/webotpi/ros2_ws/src/rplidar_ros/sdk/src/sdkcommon.h:49,\n'}
[46.073311] (rplidar_ros) StderrLine: {'line': b'                 from /home/webotpi/ros2_ws/src/rplidar_ros/sdk/src/rplidar_driver.cpp:33:\n'}
[46.073468] (rplidar_ros) StderrLine: {'line': b'/home/webotpi/ros2_ws/src/rplidar_ros/sdk/include/sl_lidar_protocol.h:66:16: warning: ISO C++ forbids zero-size array \xe2\x80\x98data\xe2\x80\x99 [-Wpedantic]\n'}
[46.073629] (rplidar_ros) StderrLine: {'line': b'   66 |     sl_u8 data[0];\n'}
[46.073739] (rplidar_ros) StderrLine: {'line': b'      |                ^\n'}
[46.074176] (rplidar_ros) StderrLine: {'line': b'In file included from /home/webotpi/ros2_ws/src/rplidar_ros/sdk/include/rplidar_cmd.h:36,\n'}
[46.074433] (rplidar_ros) StderrLine: {'line': b'                 from /home/webotpi/ros2_ws/src/rplidar_ros/sdk/include/rplidar.h:40:\n'}
[46.074567] (rplidar_ros) StderrLine: {'line': b'/home/webotpi/ros2_ws/src/rplidar_ros/sdk/include/sl_lidar_cmd.h:324:20: warning: ISO C++ forbids zero-size array \xe2\x80\x98payload\xe2\x80\x99 [-Wpedantic]\n'}
[46.074692] (rplidar_ros) StderrLine: {'line': b'  324 |     sl_u8  payload[0];\n'}
[46.074808] (rplidar_ros) StderrLine: {'line': b'      |                    ^\n'}
[46.142541] (-) TimerEvent: {}
[46.181362] (rplidar_ros) StderrLine: {'line': b'/home/webotpi/ros2_ws/src/rplidar_ros/sdk/src/rplidar_driver.cpp: In member function \xe2\x80\x98u_result rp::standalone::rplidar::RPlidarDriver::connect(const char*, _u32, _u32)\xe2\x80\x99:\n'}
[46.181763] (rplidar_ros) StderrLine: {'line': b'/home/webotpi/ros2_ws/src/rplidar_ros/sdk/src/rplidar_driver.cpp:67:77: warning: unused parameter \xe2\x80\x98flag\xe2\x80\x99 [-Wunused-parameter]\n'}
[46.181920] (rplidar_ros) StderrLine: {'line': b'   67 |     u_result RPlidarDriver::connect(const char *path, _u32 portOrBaud, _u32 flag)\n'}
[46.182034] (rplidar_ros) StderrLine: {'line': b'      |                                                                        ~~~~~^~~~\n'}
[46.182414] (rplidar_ros) StderrLine: {'line': b'/home/webotpi/ros2_ws/src/rplidar_ros/sdk/src/rplidar_driver.cpp: In member function \xe2\x80\x98u_result rp::standalone::rplidar::RPlidarDriver::reset(_u32)\xe2\x80\x99:\n'}
[46.182648] (rplidar_ros) StderrLine: {'line': b'/home/webotpi/ros2_ws/src/rplidar_ros/sdk/src/rplidar_driver.cpp:101:40: warning: unused parameter \xe2\x80\x98timeout\xe2\x80\x99 [-Wunused-parameter]\n'}
[46.182796] (rplidar_ros) StderrLine: {'line': b'  101 |     u_result RPlidarDriver::reset(_u32 timeout)\n'}
[46.182922] (rplidar_ros) StderrLine: {'line': b'      |                                   ~~~~~^~~~~~~\n'}
[46.183607] (rplidar_ros) StderrLine: {'line': b'/home/webotpi/ros2_ws/src/rplidar_ros/sdk/src/rplidar_driver.cpp: In member function \xe2\x80\x98u_result rp::standalone::rplidar::RPlidarDriver::getScanDataWithInterval(rplidar_response_measurement_node_t*, size_t&)\xe2\x80\x99:\n'}
[46.183923] (rplidar_ros) StderrLine: {'line': b'/home/webotpi/ros2_ws/src/rplidar_ros/sdk/src/rplidar_driver.cpp:180:91: warning: unused parameter \xe2\x80\x98nodebuffer\xe2\x80\x99 [-Wunused-parameter]\n'}
[46.184127] (rplidar_ros) StderrLine: {'line': b'  180 |     u_result RPlidarDriver::getScanDataWithInterval(rplidar_response_measurement_node_t * nodebuffer, size_t & count)\n'}
[46.184341] (rplidar_ros) StderrLine: {'line': b'      |                                                     ~~~~~~~~~~~~~~~~~~~~~~~~~~~~~~~~~~~~~~^~~~~~~~~~\n'}
[46.184486] (rplidar_ros) StderrLine: {'line': b'/home/webotpi/ros2_ws/src/rplidar_ros/sdk/src/rplidar_driver.cpp:180:112: warning: unused parameter \xe2\x80\x98count\xe2\x80\x99 [-Wunused-parameter]\n'}
[46.184612] (rplidar_ros) StderrLine: {'line': b'  180 |     u_result RPlidarDriver::getScanDataWithInterval(rplidar_response_measurement_node_t * nodebuffer, size_t & count)\n'}
[46.184723] (rplidar_ros) StderrLine: {'line': b'      |                                                                                                       ~~~~~~~~~^~~~~\n'}
[46.246972] (-) TimerEvent: {}
[46.347300] (-) TimerEvent: {}
[46.463491] (-) TimerEvent: {}
[46.496618] (rplidar_ros) StdoutLine: {'line': b'[ 50%] Building CXX object CMakeFiles/rplidar_node.dir/sdk/src/sl_async_transceiver.cpp.o\n'}
[46.563623] (-) TimerEvent: {}
[46.666103] (-) TimerEvent: {}
[46.767224] (-) TimerEvent: {}
[46.777270] (rplidar_ros) StderrLine: {'line': b'In file included from /home/webotpi/ros2_ws/src/rplidar_ros/sdk/include/rplidar_protocol.h:36,\n'}
[46.777764] (rplidar_ros) StderrLine: {'line': b'                 from /home/webotpi/ros2_ws/src/rplidar_ros/sdk/include/rplidar.h:39,\n'}
[46.778383] (rplidar_ros) StderrLine: {'line': b'                 from /home/webotpi/ros2_ws/src/rplidar_ros/sdk/src/sdkcommon.h:49,\n'}
[46.778800] (rplidar_ros) StderrLine: {'line': b'                 from /home/webotpi/ros2_ws/src/rplidar_ros/sdk/src/dataunpacker/unpacker/../dataunnpacker_commondef.h:41,\n'}
[46.778986] (rplidar_ros) StderrLine: {'line': b'                 from /home/webotpi/ros2_ws/src/rplidar_ros/sdk/src/dataunpacker/unpacker/handler_hqnode.cpp:39:\n'}
[46.779096] (rplidar_ros) StderrLine: {'line': b'/home/webotpi/ros2_ws/src/rplidar_ros/sdk/include/sl_lidar_protocol.h:66:16: warning: ISO C++ forbids zero-size array \xe2\x80\x98data\xe2\x80\x99 [-Wpedantic]\n'}
[46.779242] (rplidar_ros) StderrLine: {'line': b'   66 |     sl_u8 data[0];\n'}
[46.779395] (rplidar_ros) StderrLine: {'line': b'      |                ^\n'}
[46.779511] (rplidar_ros) StderrLine: {'line': b'In file included from /home/webotpi/ros2_ws/src/rplidar_ros/sdk/include/rplidar_cmd.h:36,\n'}
[46.779626] (rplidar_ros) StderrLine: {'line': b'                 from /home/webotpi/ros2_ws/src/rplidar_ros/sdk/include/rplidar.h:40:\n'}
[46.781313] (rplidar_ros) StderrLine: {'line': b'/home/webotpi/ros2_ws/src/rplidar_ros/sdk/include/sl_lidar_cmd.h:324:20: warning: ISO C++ forbids zero-size array \xe2\x80\x98payload\xe2\x80\x99 [-Wpedantic]\n'}
[46.782494] (rplidar_ros) StderrLine: {'line': b'  324 |     sl_u8  payload[0];\n'}
[46.782721] (rplidar_ros) StderrLine: {'line': b'      |                    ^\n'}
[46.868685] (-) TimerEvent: {}
[46.970201] (-) TimerEvent: {}
[47.004296] (rplidar_ros) StderrLine: {'line': b'In file included from /home/webotpi/ros2_ws/src/rplidar_ros/sdk/src/dataunpacker/unpacker/handler_hqnode.cpp:40:\n'}
[47.004717] (rplidar_ros) StderrLine: {'line': b'/home/webotpi/ros2_ws/src/rplidar_ros/sdk/src/dataunpacker/unpacker/../dataunpacker.h: In member function \xe2\x80\x98virtual void sl::internal::LIDARSampleDataListener::onCustomSampleDataDecoded(_u8, _u32, const void*, size_t)\xe2\x80\x99:\n'}
[47.005164] (rplidar_ros) StderrLine: {'line': b'/home/webotpi/ros2_ws/src/rplidar_ros/sdk/src/dataunpacker/unpacker/../dataunpacker.h:54:52: warning: unused parameter \xe2\x80\x98ansType\xe2\x80\x99 [-Wunused-parameter]\n'}
[47.005858] (rplidar_ros) StderrLine: {'line': b'   54 |         virtual void onCustomSampleDataDecoded(_u8 ansType, _u32 customCode, const void* data, size_t size) {}\n'}
[47.006304] (rplidar_ros) StderrLine: {'line': b'      |                                                ~~~~^~~~~~~\n'}
[47.007031] (rplidar_ros) StderrLine: {'line': b'/home/webotpi/ros2_ws/src/rplidar_ros/sdk/src/dataunpacker/unpacker/../dataunpacker.h:54:66: warning: unused parameter \xe2\x80\x98customCode\xe2\x80\x99 [-Wunused-parameter]\n'}
[47.007519] (rplidar_ros) StderrLine: {'line': b'   54 |         virtual void onCustomSampleDataDecoded(_u8 ansType, _u32 customCode, const void* data, size_t size) {}\n'}
[47.007846] (rplidar_ros) StderrLine: {'line': b'      |                                                             ~~~~~^~~~~~~~~~\n'}
[47.008070] (rplidar_ros) StderrLine: {'line': b'/home/webotpi/ros2_ws/src/rplidar_ros/sdk/src/dataunpacker/unpacker/../dataunpacker.h:54:90: warning: unused parameter \xe2\x80\x98data\xe2\x80\x99 [-Wunused-parameter]\n'}
[47.008393] (rplidar_ros) StderrLine: {'line': b'   54 |         virtual void onCustomSampleDataDecoded(_u8 ansType, _u32 customCode, const void* data, size_t size) {}\n'}
[47.008582] (rplidar_ros) StderrLine: {'line': b'      |                                                                              ~~~~~~~~~~~~^~~~\n'}
[47.008713] (rplidar_ros) StderrLine: {'line': b'/home/webotpi/ros2_ws/src/rplidar_ros/sdk/src/dataunpacker/unpacker/../dataunpacker.h:54:103: warning: unused parameter \xe2\x80\x98size\xe2\x80\x99 [-Wunused-parameter]\n'}
[47.008870] (rplidar_ros) StderrLine: {'line': b'   54 |         virtual void onCustomSampleDataDecoded(_u8 ansType, _u32 customCode, const void* data, size_t size) {}\n'}
[47.008995] (rplidar_ros) StderrLine: {'line': b'      |                                                                                                ~~~~~~~^~~~\n'}
[47.009110] (rplidar_ros) StderrLine: {'line': b'/home/webotpi/ros2_ws/src/rplidar_ros/sdk/src/dataunpacker/unpacker/../dataunpacker.h: In member function \xe2\x80\x98virtual void sl::internal::LIDARSampleDataListener::onDecodingError(int, _u8, const void*, size_t)\xe2\x80\x99:\n'}
[47.009211] (rplidar_ros) StderrLine: {'line': b'/home/webotpi/ros2_ws/src/rplidar_ros/sdk/src/dataunpacker/unpacker/../dataunpacker.h:56:42: warning: unused parameter \xe2\x80\x98errMsg\xe2\x80\x99 [-Wunused-parameter]\n'}
[47.010538] (rplidar_ros) StderrLine: {'line': b'   56 |         virtual void onDecodingError(int errMsg, _u8 ansType, const void* payload, size_t size) {}\n'}
[47.010776] (rplidar_ros) StderrLine: {'line': b'      |                                      ~~~~^~~~~~\n'}
[47.010903] (rplidar_ros) StderrLine: {'line': b'/home/webotpi/ros2_ws/src/rplidar_ros/sdk/src/dataunpacker/unpacker/../dataunpacker.h:56:54: warning: unused parameter \xe2\x80\x98ansType\xe2\x80\x99 [-Wunused-parameter]\n'}
[47.011034] (rplidar_ros) StderrLine: {'line': b'   56 |         virtual void onDecodingError(int errMsg, _u8 ansType, const void* payload, size_t size) {}\n'}
[47.011186] (rplidar_ros) StderrLine: {'line': b'      |                                                  ~~~~^~~~~~~\n'}
[47.011348] (rplidar_ros) StderrLine: {'line': b'/home/webotpi/ros2_ws/src/rplidar_ros/sdk/src/dataunpacker/unpacker/../dataunpacker.h:56:75: warning: unused parameter \xe2\x80\x98payload\xe2\x80\x99 [-Wunused-parameter]\n'}
[47.011489] (rplidar_ros) StderrLine: {'line': b'   56 |         virtual void onDecodingError(int errMsg, _u8 ansType, const void* payload, size_t size) {}\n'}
[47.011740] (rplidar_ros) StderrLine: {'line': b'      |                                                               ~~~~~~~~~~~~^~~~~~~\n'}
[47.011878] (rplidar_ros) StderrLine: {'line': b'/home/webotpi/ros2_ws/src/rplidar_ros/sdk/src/dataunpacker/unpacker/../dataunpacker.h:56:91: warning: unused parameter \xe2\x80\x98size\xe2\x80\x99 [-Wunused-parameter]\n'}
[47.012044] (rplidar_ros) StderrLine: {'line': b'   56 |         virtual void onDecodingError(int errMsg, _u8 ansType, const void* payload, size_t size) {}\n'}
[47.012228] (rplidar_ros) StderrLine: {'line': b'      |                                                                                    ~~~~~~~^~~~\n'}
[47.070457] (-) TimerEvent: {}
[47.170823] (-) TimerEvent: {}
[47.273125] (-) TimerEvent: {}
[47.312959] (rplidar_ros) StdoutLine: {'line': b'[ 52%] Building CXX object CMakeFiles/rplidar_composition.dir/sdk/src/dataunpacker/unpacker/handler_normalnode.cpp.o\n'}
[47.374147] (-) TimerEvent: {}
[47.474411] (-) TimerEvent: {}
[47.574905] (-) TimerEvent: {}
[47.648461] (rplidar_ros) StderrLine: {'line': b'In file included from /home/webotpi/ros2_ws/src/rplidar_ros/sdk/include/rplidar_protocol.h:36,\n'}
[47.649338] (rplidar_ros) StderrLine: {'line': b'                 from /home/webotpi/ros2_ws/src/rplidar_ros/sdk/include/rplidar.h:39,\n'}
[47.649681] (rplidar_ros) StderrLine: {'line': b'                 from /home/webotpi/ros2_ws/src/rplidar_ros/sdk/src/sdkcommon.h:49,\n'}
[47.649888] (rplidar_ros) StderrLine: {'line': b'                 from /home/webotpi/ros2_ws/src/rplidar_ros/sdk/src/sl_async_transceiver.cpp:35:\n'}
[47.650064] (rplidar_ros) StderrLine: {'line': b'/home/webotpi/ros2_ws/src/rplidar_ros/sdk/include/sl_lidar_protocol.h:66:16: warning: ISO C++ forbids zero-size array \xe2\x80\x98data\xe2\x80\x99 [-Wpedantic]\n'}
[47.650232] (rplidar_ros) StderrLine: {'line': b'   66 |     sl_u8 data[0];\n'}
[47.650411] (rplidar_ros) StderrLine: {'line': b'      |                ^\n'}
[47.652190] (rplidar_ros) StderrLine: {'line': b'In file included from /home/webotpi/ros2_ws/src/rplidar_ros/sdk/include/rplidar_cmd.h:36,\n'}
[47.652524] (rplidar_ros) StderrLine: {'line': b'                 from /home/webotpi/ros2_ws/src/rplidar_ros/sdk/include/rplidar.h:40:\n'}
[47.652668] (rplidar_ros) StderrLine: {'line': b'/home/webotpi/ros2_ws/src/rplidar_ros/sdk/include/sl_lidar_cmd.h:324:20: warning: ISO C++ forbids zero-size array \xe2\x80\x98payload\xe2\x80\x99 [-Wpedantic]\n'}
[47.652794] (rplidar_ros) StderrLine: {'line': b'  324 |     sl_u8  payload[0];\n'}
[47.652904] (rplidar_ros) StderrLine: {'line': b'      |                    ^\n'}
[47.674988] (-) TimerEvent: {}
[47.775293] (-) TimerEvent: {}
[47.875610] (-) TimerEvent: {}
[47.888566] (rplidar_ros) StderrLine: {'line': b'In file included from /home/webotpi/ros2_ws/src/rplidar_ros/sdk/src/sl_async_transceiver.cpp:44:\n'}
[47.888900] (rplidar_ros) StderrLine: {'line': b'/home/webotpi/ros2_ws/src/rplidar_ros/sdk/src/sl_async_transceiver.h: In member function \xe2\x80\x98virtual void sl::internal::IAsyncProtocolCodec::onChannelError(u_result)\xe2\x80\x99:\n'}
[47.889026] (rplidar_ros) StderrLine: {'line': b'/home/webotpi/ros2_ws/src/rplidar_ros/sdk/src/sl_async_transceiver.h:90:48: warning: unused parameter \xe2\x80\x98errCode\xe2\x80\x99 [-Wunused-parameter]\n'}
[47.889143] (rplidar_ros) StderrLine: {'line': b'   90 |         virtual void   onChannelError(u_result errCode) {}\n'}
[47.889266] (rplidar_ros) StderrLine: {'line': b'      |                                       ~~~~~~~~~^~~~~~~\n'}
[47.975747] (-) TimerEvent: {}
[48.076062] (-) TimerEvent: {}
[48.176403] (-) TimerEvent: {}
[48.276673] (-) TimerEvent: {}
[48.280721] (rplidar_ros) StdoutLine: {'line': b'[ 55%] Building CXX object CMakeFiles/rplidar_node.dir/sdk/src/sl_crc.cpp.o\n'}
[48.285859] (rplidar_ros) StderrLine: {'line': b'In file included from /home/webotpi/ros2_ws/src/rplidar_ros/sdk/include/rplidar_protocol.h:36,\n'}
[48.286556] (rplidar_ros) StderrLine: {'line': b'                 from /home/webotpi/ros2_ws/src/rplidar_ros/sdk/include/rplidar.h:39,\n'}
[48.286709] (rplidar_ros) StderrLine: {'line': b'                 from /home/webotpi/ros2_ws/src/rplidar_ros/sdk/src/sdkcommon.h:49,\n'}
[48.286925] (rplidar_ros) StderrLine: {'line': b'                 from /home/webotpi/ros2_ws/src/rplidar_ros/sdk/src/dataunpacker/unpacker/../dataunnpacker_commondef.h:41,\n'}
[48.287022] (rplidar_ros) StderrLine: {'line': b'                 from /home/webotpi/ros2_ws/src/rplidar_ros/sdk/src/dataunpacker/unpacker/handler_normalnode.cpp:39:\n'}
[48.287140] (rplidar_ros) StderrLine: {'line': b'/home/webotpi/ros2_ws/src/rplidar_ros/sdk/include/sl_lidar_protocol.h:66:16: warning: ISO C++ forbids zero-size array \xe2\x80\x98data\xe2\x80\x99 [-Wpedantic]\n'}
[48.287605] (rplidar_ros) StderrLine: {'line': b'   66 |     sl_u8 data[0];\n'}
[48.287741] (rplidar_ros) StderrLine: {'line': b'      |                ^\n'}
[48.287828] (rplidar_ros) StderrLine: {'line': b'In file included from /home/webotpi/ros2_ws/src/rplidar_ros/sdk/include/rplidar_cmd.h:36,\n'}
[48.288035] (rplidar_ros) StderrLine: {'line': b'                 from /home/webotpi/ros2_ws/src/rplidar_ros/sdk/include/rplidar.h:40:\n'}
[48.288124] (rplidar_ros) StderrLine: {'line': b'/home/webotpi/ros2_ws/src/rplidar_ros/sdk/include/sl_lidar_cmd.h:324:20: warning: ISO C++ forbids zero-size array \xe2\x80\x98payload\xe2\x80\x99 [-Wpedantic]\n'}
[48.288206] (rplidar_ros) StderrLine: {'line': b'  324 |     sl_u8  payload[0];\n'}
[48.288341] (rplidar_ros) StderrLine: {'line': b'      |                    ^\n'}
[48.347414] (rplidar_ros) StderrLine: {'line': b'In file included from /home/webotpi/ros2_ws/src/rplidar_ros/sdk/include/sl_lidar_cmd.h:41,\n'}
[48.347727] (rplidar_ros) StderrLine: {'line': b'                 from /home/webotpi/ros2_ws/src/rplidar_ros/sdk/include/sl_crc.h:36,\n'}
[48.347869] (rplidar_ros) StderrLine: {'line': b'                 from /home/webotpi/ros2_ws/src/rplidar_ros/sdk/src/sl_crc.cpp:33:\n'}
[48.347961] (rplidar_ros) StderrLine: {'line': b'/home/webotpi/ros2_ws/src/rplidar_ros/sdk/include/sl_lidar_protocol.h:66:16: warning: ISO C++ forbids zero-size array \xe2\x80\x98data\xe2\x80\x99 [-Wpedantic]\n'}
[48.348302] (rplidar_ros) StderrLine: {'line': b'   66 |     sl_u8 data[0];\n'}
[48.348412] (rplidar_ros) StderrLine: {'line': b'      |                ^\n'}
[48.348491] (rplidar_ros) StderrLine: {'line': b'/home/webotpi/ros2_ws/src/rplidar_ros/sdk/include/sl_lidar_cmd.h:324:20: warning: ISO C++ forbids zero-size array \xe2\x80\x98payload\xe2\x80\x99 [-Wpedantic]\n'}
[48.348570] (rplidar_ros) StderrLine: {'line': b'  324 |     sl_u8  payload[0];\n'}
[48.348765] (rplidar_ros) StderrLine: {'line': b'      |                    ^\n'}
[48.376793] (-) TimerEvent: {}
[48.444486] (rplidar_ros) StderrLine: {'line': b'In file included from /home/webotpi/ros2_ws/src/rplidar_ros/sdk/src/dataunpacker/unpacker/handler_normalnode.cpp:40:\n'}
[48.444985] (rplidar_ros) StderrLine: {'line': b'/home/webotpi/ros2_ws/src/rplidar_ros/sdk/src/dataunpacker/unpacker/../dataunpacker.h: In member function \xe2\x80\x98virtual void sl::internal::LIDARSampleDataListener::onCustomSampleDataDecoded(_u8, _u32, const void*, size_t)\xe2\x80\x99:\n'}
[48.445126] (rplidar_ros) StderrLine: {'line': b'/home/webotpi/ros2_ws/src/rplidar_ros/sdk/src/dataunpacker/unpacker/../dataunpacker.h:54:52: warning: unused parameter \xe2\x80\x98ansType\xe2\x80\x99 [-Wunused-parameter]\n'}
[48.445229] (rplidar_ros) StderrLine: {'line': b'   54 |         virtual void onCustomSampleDataDecoded(_u8 ansType, _u32 customCode, const void* data, size_t size) {}\n'}
[48.445349] (rplidar_ros) StderrLine: {'line': b'      |                                                ~~~~^~~~~~~\n'}
[48.445481] (rplidar_ros) StderrLine: {'line': b'/home/webotpi/ros2_ws/src/rplidar_ros/sdk/src/dataunpacker/unpacker/../dataunpacker.h:54:66: warning: unused parameter \xe2\x80\x98customCode\xe2\x80\x99 [-Wunused-parameter]\n'}
[48.445593] (rplidar_ros) StderrLine: {'line': b'   54 |         virtual void onCustomSampleDataDecoded(_u8 ansType, _u32 customCode, const void* data, size_t size) {}\n'}
[48.445670] (rplidar_ros) StderrLine: {'line': b'      |                                                             ~~~~~^~~~~~~~~~\n'}
[48.445744] (rplidar_ros) StderrLine: {'line': b'/home/webotpi/ros2_ws/src/rplidar_ros/sdk/src/dataunpacker/unpacker/../dataunpacker.h:54:90: warning: unused parameter \xe2\x80\x98data\xe2\x80\x99 [-Wunused-parameter]\n'}
[48.445817] (rplidar_ros) StderrLine: {'line': b'   54 |         virtual void onCustomSampleDataDecoded(_u8 ansType, _u32 customCode, const void* data, size_t size) {}\n'}
[48.445892] (rplidar_ros) StderrLine: {'line': b'      |                                                                              ~~~~~~~~~~~~^~~~\n'}
[48.445964] (rplidar_ros) StderrLine: {'line': b'/home/webotpi/ros2_ws/src/rplidar_ros/sdk/src/dataunpacker/unpacker/../dataunpacker.h:54:103: warning: unused parameter \xe2\x80\x98size\xe2\x80\x99 [-Wunused-parameter]\n'}
[48.446037] (rplidar_ros) StderrLine: {'line': b'   54 |         virtual void onCustomSampleDataDecoded(_u8 ansType, _u32 customCode, const void* data, size_t size) {}\n'}
[48.446113] (rplidar_ros) StderrLine: {'line': b'      |                                                                                                ~~~~~~~^~~~\n'}
[48.446185] (rplidar_ros) StderrLine: {'line': b'/home/webotpi/ros2_ws/src/rplidar_ros/sdk/src/dataunpacker/unpacker/../dataunpacker.h: In member function \xe2\x80\x98virtual void sl::internal::LIDARSampleDataListener::onDecodingError(int, _u8, const void*, size_t)\xe2\x80\x99:\n'}
[48.446279] (rplidar_ros) StderrLine: {'line': b'/home/webotpi/ros2_ws/src/rplidar_ros/sdk/src/dataunpacker/unpacker/../dataunpacker.h:56:42: warning: unused parameter \xe2\x80\x98errMsg\xe2\x80\x99 [-Wunused-parameter]\n'}
[48.446362] (rplidar_ros) StderrLine: {'line': b'   56 |         virtual void onDecodingError(int errMsg, _u8 ansType, const void* payload, size_t size) {}\n'}
[48.446435] (rplidar_ros) StderrLine: {'line': b'      |                                      ~~~~^~~~~~\n'}
[48.446506] (rplidar_ros) StderrLine: {'line': b'/home/webotpi/ros2_ws/src/rplidar_ros/sdk/src/dataunpacker/unpacker/../dataunpacker.h:56:54: warning: unused parameter \xe2\x80\x98ansType\xe2\x80\x99 [-Wunused-parameter]\n'}
[48.446593] (rplidar_ros) StderrLine: {'line': b'   56 |         virtual void onDecodingError(int errMsg, _u8 ansType, const void* payload, size_t size) {}\n'}
[48.446673] (rplidar_ros) StderrLine: {'line': b'      |                                                  ~~~~^~~~~~~\n'}
[48.446745] (rplidar_ros) StderrLine: {'line': b'/home/webotpi/ros2_ws/src/rplidar_ros/sdk/src/dataunpacker/unpacker/../dataunpacker.h:56:75: warning: unused parameter \xe2\x80\x98payload\xe2\x80\x99 [-Wunused-parameter]\n'}
[48.446817] (rplidar_ros) StderrLine: {'line': b'   56 |         virtual void onDecodingError(int errMsg, _u8 ansType, const void* payload, size_t size) {}\n'}
[48.446887] (rplidar_ros) StderrLine: {'line': b'      |                                                               ~~~~~~~~~~~~^~~~~~~\n'}
[48.446962] (rplidar_ros) StderrLine: {'line': b'/home/webotpi/ros2_ws/src/rplidar_ros/sdk/src/dataunpacker/unpacker/../dataunpacker.h:56:91: warning: unused parameter \xe2\x80\x98size\xe2\x80\x99 [-Wunused-parameter]\n'}
[48.447032] (rplidar_ros) StderrLine: {'line': b'   56 |         virtual void onDecodingError(int errMsg, _u8 ansType, const void* payload, size_t size) {}\n'}
[48.447105] (rplidar_ros) StderrLine: {'line': b'      |                                                                                    ~~~~~~~^~~~\n'}
[48.476914] (-) TimerEvent: {}
[48.491118] (rplidar_ros) StdoutLine: {'line': b'[ 57%] Building CXX object CMakeFiles/rplidar_node.dir/sdk/src/sl_lidar_driver.cpp.o\n'}
[48.577028] (-) TimerEvent: {}
[48.677341] (-) TimerEvent: {}
[48.777642] (-) TimerEvent: {}
[48.870947] (rplidar_ros) StdoutLine: {'line': b'[ 60%] Building CXX object CMakeFiles/rplidar_composition.dir/sdk/src/hal/thread.cpp.o\n'}
[48.877824] (-) TimerEvent: {}
[48.978139] (-) TimerEvent: {}
[49.078445] (-) TimerEvent: {}
[49.180165] (-) TimerEvent: {}
[49.281416] (-) TimerEvent: {}
[49.384242] (-) TimerEvent: {}
[49.486590] (-) TimerEvent: {}
[49.594579] (-) TimerEvent: {}
[49.694940] (-) TimerEvent: {}
[49.798036] (-) TimerEvent: {}
[49.898547] (-) TimerEvent: {}
[49.912657] (rplidar_ros) StdoutLine: {'line': b'[ 63%] Linking CXX executable rplidar_client\n'}
[49.998850] (-) TimerEvent: {}
[50.036605] (rplidar_ros) StderrLine: {'line': b'In file included from /home/webotpi/ros2_ws/src/rplidar_ros/sdk/include/rplidar_protocol.h:36,\n'}
[50.037061] (rplidar_ros) StderrLine: {'line': b'                 from /home/webotpi/ros2_ws/src/rplidar_ros/sdk/include/rplidar.h:39,\n'}
[50.037215] (rplidar_ros) StderrLine: {'line': b'                 from /home/webotpi/ros2_ws/src/rplidar_ros/sdk/src/sdkcommon.h:49,\n'}
[50.037410] (rplidar_ros) StderrLine: {'line': b'                 from /home/webotpi/ros2_ws/src/rplidar_ros/sdk/src/hal/thread.cpp:35:\n'}
[50.037661] (rplidar_ros) StderrLine: {'line': b'/home/webotpi/ros2_ws/src/rplidar_ros/sdk/include/sl_lidar_protocol.h:66:16: warning: ISO C++ forbids zero-size array \xe2\x80\x98data\xe2\x80\x99 [-Wpedantic]\n'}
[50.038017] (rplidar_ros) StderrLine: {'line': b'   66 |     sl_u8 data[0];\n'}
[50.038675] (rplidar_ros) StderrLine: {'line': b'      |                ^\n'}
[50.038994] (rplidar_ros) StderrLine: {'line': b'In file included from /home/webotpi/ros2_ws/src/rplidar_ros/sdk/include/rplidar_cmd.h:36,\n'}
[50.039149] (rplidar_ros) StderrLine: {'line': b'                 from /home/webotpi/ros2_ws/src/rplidar_ros/sdk/include/rplidar.h:40:\n'}
[50.039326] (rplidar_ros) StderrLine: {'line': b'/home/webotpi/ros2_ws/src/rplidar_ros/sdk/include/sl_lidar_cmd.h:324:20: warning: ISO C++ forbids zero-size array \xe2\x80\x98payload\xe2\x80\x99 [-Wpedantic]\n'}
[50.040444] (rplidar_ros) StderrLine: {'line': b'  324 |     sl_u8  payload[0];\n'}
[50.040748] (rplidar_ros) StderrLine: {'line': b'      |                    ^\n'}
[50.099195] (-) TimerEvent: {}
[50.137446] (rplidar_ros) StderrLine: {'line': b'In file included from /home/webotpi/ros2_ws/src/rplidar_ros/sdk/src/hal/thread.cpp:43:\n'}
[50.139058] (rplidar_ros) StderrLine: {'line': b'/home/webotpi/ros2_ws/src/rplidar_ros/sdk/src/arch/linux/thread.hpp: In static member function \xe2\x80\x98static rp::hal::Thread rp::hal::Thread::create(thread_proc_t, void*)\xe2\x80\x99:\n'}
[50.139797] (rplidar_ros) StderrLine: {'line': b'/home/webotpi/ros2_ws/src/rplidar_ros/sdk/src/arch/linux/thread.hpp:52:57: warning: cast between incompatible function types from \xe2\x80\x98thread_proc_t\xe2\x80\x99 {aka \xe2\x80\x98long unsigned int (*)(void*)\xe2\x80\x99} to \xe2\x80\x98void* (*)(void*)\xe2\x80\x99 [-Wcast-function-type]\n'}
[50.140229] (rplidar_ros) StderrLine: {'line': b'   52 |     pthread_create((pthread_t *)&newborn._handle, NULL, (void * (*)(void *))proc, data);\n'}
[50.145106] (rplidar_ros) StderrLine: {'line': b'      |                                                         ^~~~~~~~~~~~~~~~~~~~~~~~\n'}
[50.150333] (rplidar_ros) StderrLine: {'line': b'/home/webotpi/ros2_ws/src/rplidar_ros/sdk/src/arch/linux/thread.hpp: In member function \xe2\x80\x98u_result rp::hal::Thread::join(long unsigned int)\xe2\x80\x99:\n'}
[50.151389] (rplidar_ros) StderrLine: {'line': b'/home/webotpi/ros2_ws/src/rplidar_ros/sdk/src/arch/linux/thread.hpp:176:37: warning: unused parameter \xe2\x80\x98timeout\xe2\x80\x99 [-Wunused-parameter]\n'}
[50.156058] (rplidar_ros) StderrLine: {'line': b'  176 | u_result Thread::join(unsigned long timeout)\n'}
[50.157013] (rplidar_ros) StderrLine: {'line': b'      |                       ~~~~~~~~~~~~~~^~~~~~~\n'}
[50.199370] (-) TimerEvent: {}
[50.206604] (rplidar_ros) StderrLine: {'line': b'In file included from /home/webotpi/ros2_ws/src/rplidar_ros/sdk/include/rplidar_protocol.h:36,\n'}
[50.207043] (rplidar_ros) StderrLine: {'line': b'                 from /home/webotpi/ros2_ws/src/rplidar_ros/sdk/include/rplidar.h:39,\n'}
[50.207244] (rplidar_ros) StderrLine: {'line': b'                 from /home/webotpi/ros2_ws/src/rplidar_ros/sdk/src/sdkcommon.h:49,\n'}
[50.207506] (rplidar_ros) StderrLine: {'line': b'                 from /home/webotpi/ros2_ws/src/rplidar_ros/sdk/src/sl_lidar_driver.cpp:33:\n'}
[50.207620] (rplidar_ros) StderrLine: {'line': b'/home/webotpi/ros2_ws/src/rplidar_ros/sdk/include/sl_lidar_protocol.h:66:16: warning: ISO C++ forbids zero-size array \xe2\x80\x98data\xe2\x80\x99 [-Wpedantic]\n'}
[50.207768] (rplidar_ros) StderrLine: {'line': b'   66 |     sl_u8 data[0];\n'}
[50.207867] (rplidar_ros) StderrLine: {'line': b'      |                ^\n'}
[50.212547] (rplidar_ros) StderrLine: {'line': b'In file included from /home/webotpi/ros2_ws/src/rplidar_ros/sdk/include/rplidar_cmd.h:36,\n'}
[50.214303] (rplidar_ros) StderrLine: {'line': b'                 from /home/webotpi/ros2_ws/src/rplidar_ros/sdk/include/rplidar.h:40:\n'}
[50.214779] (rplidar_ros) StderrLine: {'line': b'/home/webotpi/ros2_ws/src/rplidar_ros/sdk/include/sl_lidar_cmd.h:324:20: warning: ISO C++ forbids zero-size array \xe2\x80\x98payload\xe2\x80\x99 [-Wpedantic]\n'}
[50.215013] (rplidar_ros) StderrLine: {'line': b'  324 |     sl_u8  payload[0];\n'}
[50.215148] (rplidar_ros) StderrLine: {'line': b'      |                    ^\n'}
[50.299574] (-) TimerEvent: {}
[50.400037] (-) TimerEvent: {}
[50.500448] (-) TimerEvent: {}
[50.510617] (rplidar_ros) StdoutLine: {'line': b'[ 65%] Building CXX object CMakeFiles/rplidar_composition.dir/sdk/src/rplidar_driver.cpp.o\n'}
[50.600702] (-) TimerEvent: {}
[50.702222] (-) TimerEvent: {}
[50.797260] (rplidar_ros) StderrLine: {'line': b'In file included from /home/webotpi/ros2_ws/src/rplidar_ros/sdk/src/sl_lidar_driver.cpp:50:\n'}
[50.799197] (rplidar_ros) StderrLine: {'line': b'/home/webotpi/ros2_ws/src/rplidar_ros/sdk/src/dataunpacker/dataunpacker.h: In member function \xe2\x80\x98virtual void sl::internal::LIDARSampleDataListener::onCustomSampleDataDecoded(_u8, _u32, const void*, size_t)\xe2\x80\x99:\n'}
[50.800397] (rplidar_ros) StderrLine: {'line': b'/home/webotpi/ros2_ws/src/rplidar_ros/sdk/src/dataunpacker/dataunpacker.h:54:52: warning: unused parameter \xe2\x80\x98ansType\xe2\x80\x99 [-Wunused-parameter]\n'}
[50.800771] (rplidar_ros) StderrLine: {'line': b'   54 |         virtual void onCustomSampleDataDecoded(_u8 ansType, _u32 customCode, const void* data, size_t size) {}\n'}
[50.800933] (rplidar_ros) StderrLine: {'line': b'      |                                                ~~~~^~~~~~~\n'}
[50.802149] (rplidar_ros) StderrLine: {'line': b'/home/webotpi/ros2_ws/src/rplidar_ros/sdk/src/dataunpacker/dataunpacker.h:54:66: warning: unused parameter \xe2\x80\x98customCode\xe2\x80\x99 [-Wunused-parameter]\n'}
[50.802340] (-) TimerEvent: {}
[50.802369] (rplidar_ros) StderrLine: {'line': b'   54 |         virtual void onCustomSampleDataDecoded(_u8 ansType, _u32 customCode, const void* data, size_t size) {}\n'}
[50.802504] (rplidar_ros) StderrLine: {'line': b'      |                                                             ~~~~~^~~~~~~~~~\n'}
[50.802927] (rplidar_ros) StderrLine: {'line': b'/home/webotpi/ros2_ws/src/rplidar_ros/sdk/src/dataunpacker/dataunpacker.h:54:90: warning: unused parameter \xe2\x80\x98data\xe2\x80\x99 [-Wunused-parameter]\n'}
[50.803081] (rplidar_ros) StderrLine: {'line': b'   54 |         virtual void onCustomSampleDataDecoded(_u8 ansType, _u32 customCode, const void* data, size_t size) {}\n'}
[50.803248] (rplidar_ros) StderrLine: {'line': b'      |                                                                              ~~~~~~~~~~~~^~~~\n'}
[50.804418] (rplidar_ros) StderrLine: {'line': b'/home/webotpi/ros2_ws/src/rplidar_ros/sdk/src/dataunpacker/dataunpacker.h:54:103: warning: unused parameter \xe2\x80\x98size\xe2\x80\x99 [-Wunused-parameter]\n'}
[50.804794] (rplidar_ros) StderrLine: {'line': b'   54 |         virtual void onCustomSampleDataDecoded(_u8 ansType, _u32 customCode, const void* data, size_t size) {}\n'}
[50.806411] (rplidar_ros) StderrLine: {'line': b'      |                                                                                                ~~~~~~~^~~~\n'}
[50.806742] (rplidar_ros) StderrLine: {'line': b'/home/webotpi/ros2_ws/src/rplidar_ros/sdk/src/dataunpacker/dataunpacker.h: In member function \xe2\x80\x98virtual void sl::internal::LIDARSampleDataListener::onDecodingError(int, _u8, const void*, size_t)\xe2\x80\x99:\n'}
[50.806883] (rplidar_ros) StderrLine: {'line': b'/home/webotpi/ros2_ws/src/rplidar_ros/sdk/src/dataunpacker/dataunpacker.h:56:42: warning: unused parameter \xe2\x80\x98errMsg\xe2\x80\x99 [-Wunused-parameter]\n'}
[50.807318] (rplidar_ros) StderrLine: {'line': b'   56 |         virtual void onDecodingError(int errMsg, _u8 ansType, const void* payload, size_t size) {}\n'}
[50.807503] (rplidar_ros) StderrLine: {'line': b'      |                                      ~~~~^~~~~~\n'}
[50.807838] (rplidar_ros) StderrLine: {'line': b'/home/webotpi/ros2_ws/src/rplidar_ros/sdk/src/dataunpacker/dataunpacker.h:56:54: warning: unused parameter \xe2\x80\x98ansType\xe2\x80\x99 [-Wunused-parameter]\n'}
[50.808468] (rplidar_ros) StderrLine: {'line': b'   56 |         virtual void onDecodingError(int errMsg, _u8 ansType, const void* payload, size_t size) {}\n'}
[50.808950] (rplidar_ros) StderrLine: {'line': b'      |                                                  ~~~~^~~~~~~\n'}
[50.809335] (rplidar_ros) StderrLine: {'line': b'/home/webotpi/ros2_ws/src/rplidar_ros/sdk/src/dataunpacker/dataunpacker.h:56:75: warning: unused parameter \xe2\x80\x98payload\xe2\x80\x99 [-Wunused-parameter]\n'}
[50.809773] (rplidar_ros) StderrLine: {'line': b'   56 |         virtual void onDecodingError(int errMsg, _u8 ansType, const void* payload, size_t size) {}\n'}
[50.810017] (rplidar_ros) StderrLine: {'line': b'      |                                                               ~~~~~~~~~~~~^~~~~~~\n'}
[50.810308] (rplidar_ros) StderrLine: {'line': b'/home/webotpi/ros2_ws/src/rplidar_ros/sdk/src/dataunpacker/dataunpacker.h:56:91: warning: unused parameter \xe2\x80\x98size\xe2\x80\x99 [-Wunused-parameter]\n'}
[50.810999] (rplidar_ros) StderrLine: {'line': b'   56 |         virtual void onDecodingError(int errMsg, _u8 ansType, const void* payload, size_t size) {}\n'}
[50.811354] (rplidar_ros) StderrLine: {'line': b'      |                                                                                    ~~~~~~~^~~~\n'}
[50.892460] (rplidar_ros) StderrLine: {'line': b'In file included from /home/webotpi/ros2_ws/src/rplidar_ros/sdk/src/sl_lidar_driver.cpp:51:\n'}
[50.893188] (rplidar_ros) StderrLine: {'line': b'/home/webotpi/ros2_ws/src/rplidar_ros/sdk/src/sl_async_transceiver.h: In member function \xe2\x80\x98virtual void sl::internal::IAsyncProtocolCodec::onChannelError(u_result)\xe2\x80\x99:\n'}
[50.893534] (rplidar_ros) StderrLine: {'line': b'/home/webotpi/ros2_ws/src/rplidar_ros/sdk/src/sl_async_transceiver.h:90:48: warning: unused parameter \xe2\x80\x98errCode\xe2\x80\x99 [-Wunused-parameter]\n'}
[50.893725] (rplidar_ros) StderrLine: {'line': b'   90 |         virtual void   onChannelError(u_result errCode) {}\n'}
[50.893849] (rplidar_ros) StderrLine: {'line': b'      |                                       ~~~~~~~~~^~~~~~~\n'}
[50.902753] (-) TimerEvent: {}
[51.001416] (rplidar_ros) StderrLine: {'line': b'/home/webotpi/ros2_ws/src/rplidar_ros/sdk/src/sl_lidar_driver.cpp: In member function \xe2\x80\x98virtual sl_result sl::SlamtecLidarDriver::reset(sl_u32)\xe2\x80\x99:\n'}
[51.002204] (rplidar_ros) StderrLine: {'line': b'/home/webotpi/ros2_ws/src/rplidar_ros/sdk/src/sl_lidar_driver.cpp:511:32: warning: unused parameter \xe2\x80\x98timeoutInMs\xe2\x80\x99 [-Wunused-parameter]\n'}
[51.002534] (rplidar_ros) StderrLine: {'line': b'  511 |         sl_result reset(sl_u32 timeoutInMs = DEFAULT_TIMEOUT)\n'}
[51.002735] (-) TimerEvent: {}
[51.002780] (rplidar_ros) StderrLine: {'line': b'      |                         ~~~~~~~^~~~~~~~~~~~~~~~~~~~~~~~~~~~~\n'}
[51.022859] (rplidar_ros) StderrLine: {'line': b'/home/webotpi/ros2_ws/src/rplidar_ros/sdk/src/sl_lidar_driver.cpp: In member function \xe2\x80\x98virtual sl_result sl::SlamtecLidarDriver::startScan(bool, bool, sl_u32, sl::LidarScanMode*)\xe2\x80\x99:\n'}
[51.023630] (rplidar_ros) StderrLine: {'line': b'/home/webotpi/ros2_ws/src/rplidar_ros/sdk/src/sl_lidar_driver.cpp:586:69: warning: unused parameter \xe2\x80\x98options\xe2\x80\x99 [-Wunused-parameter]\n'}
[51.024177] (rplidar_ros) StderrLine: {'line': b'  586 |         sl_result startScan(bool force, bool useTypicalScan, sl_u32 options = 0, LidarScanMode* outUsedScanMode = nullptr)\n'}
[51.024383] (rplidar_ros) StderrLine: {'line': b'      |                                                              ~~~~~~~^~~~~~~~~~~\n'}
[51.035420] (rplidar_ros) StderrLine: {'line': b'/home/webotpi/ros2_ws/src/rplidar_ros/sdk/src/sl_lidar_driver.cpp: In member function \xe2\x80\x98virtual sl_result sl::SlamtecLidarDriver::stop(sl_u32)\xe2\x80\x99:\n'}
[51.036012] (rplidar_ros) StderrLine: {'line': b'/home/webotpi/ros2_ws/src/rplidar_ros/sdk/src/sl_lidar_driver.cpp:763:31: warning: unused parameter \xe2\x80\x98timeout\xe2\x80\x99 [-Wunused-parameter]\n'}
[51.036227] (rplidar_ros) StderrLine: {'line': b'  763 |         sl_result stop(sl_u32 timeout = DEFAULT_TIMEOUT)\n'}
[51.036594] (rplidar_ros) StderrLine: {'line': b'      |                        ~~~~~~~^~~~~~~~~~~~~~~~~~~~~~~~~\n'}
[51.039661] (rplidar_ros) StderrLine: {'line': b'/home/webotpi/ros2_ws/src/rplidar_ros/sdk/src/sl_lidar_driver.cpp: In member function \xe2\x80\x98virtual sl_result sl::SlamtecLidarDriver::getFrequency(const sl::LidarScanMode&, const sl_lidar_response_measurement_node_hq_t*, size_t, float&)\xe2\x80\x99:\n'}
[51.040245] (rplidar_ros) StderrLine: {'line': b'/home/webotpi/ros2_ws/src/rplidar_ros/sdk/src/sl_lidar_driver.cpp:880:110: warning: unused parameter \xe2\x80\x98nodes\xe2\x80\x99 [-Wunused-parameter]\n'}
[51.040476] (rplidar_ros) StderrLine: {'line': b'  880 |         sl_result getFrequency(const LidarScanMode& scanMode, const sl_lidar_response_measurement_node_hq_t* nodes, size_t count, float& frequency)\n'}
[51.040637] (rplidar_ros) StderrLine: {'line': b'      |                                                               ~~~~~~~~~~~~~~~~~~~~~~~~~~~~~~~~~~~~~~~~~~~~~~~^~~~~\n'}
[51.051533] (rplidar_ros) StderrLine: {'line': b'/home/webotpi/ros2_ws/src/rplidar_ros/sdk/src/sl_lidar_driver.cpp: In member function \xe2\x80\x98virtual sl_result sl::SlamtecLidarDriver::getMotorInfo(sl::LidarMotorInfo&, sl_u32)\xe2\x80\x99:\n'}
[51.052919] (rplidar_ros) StderrLine: {'line': b'/home/webotpi/ros2_ws/src/rplidar_ros/sdk/src/sl_lidar_driver.cpp:1023:66: warning: unused parameter \xe2\x80\x98timeoutInMs\xe2\x80\x99 [-Wunused-parameter]\n'}
[51.053786] (rplidar_ros) StderrLine: {'line': b' 1023 |         sl_result getMotorInfo(LidarMotorInfo &motorInfo, sl_u32 timeoutInMs)\n'}
[51.058117] (rplidar_ros) StderrLine: {'line': b'      |                                                           ~~~~~~~^~~~~~~~~~~\n'}
[51.068685] (rplidar_ros) StderrLine: {'line': b'/home/webotpi/ros2_ws/src/rplidar_ros/sdk/src/sl_lidar_driver.cpp: In member function \xe2\x80\x98u_result sl::SlamtecLidarDriver::getScanModeCount(sl_u16&, sl_u32)\xe2\x80\x99:\n'}
[51.069082] (rplidar_ros) StderrLine: {'line': b'/home/webotpi/ros2_ws/src/rplidar_ros/sdk/src/sl_lidar_driver.cpp:1199:61: warning: unused parameter \xe2\x80\x98timeoutInMs\xe2\x80\x99 [-Wunused-parameter]\n'}
[51.069240] (rplidar_ros) StderrLine: {'line': b' 1199 |         u_result getScanModeCount(sl_u16& modeCount, sl_u32 timeoutInMs = DEFAULT_TIMEOUT)\n'}
[51.069512] (rplidar_ros) StderrLine: {'line': b'      |                                                      ~~~~~~~^~~~~~~~~~~~~~~~~~~~~~~~~~~~~\n'}
[51.103132] (-) TimerEvent: {}
[51.204107] (-) TimerEvent: {}
[51.206372] (rplidar_ros) StderrLine: {'line': b'/home/webotpi/ros2_ws/src/rplidar_ros/sdk/src/sl_lidar_driver.cpp: In instantiation of \xe2\x80\x98void sl::RawSampleNodeHolder<T>::pushNode(_u64, const T*) [with T = sl_lidar_response_measurement_node_hq_t; _u64 = long unsigned int]\xe2\x80\x99:\n'}
[51.206725] (rplidar_ros) StderrLine: {'line': b'/home/webotpi/ros2_ws/src/rplidar_ros/sdk/src/sl_lidar_driver.cpp:1648:42:   required from here\n'}
[51.206874] (rplidar_ros) StderrLine: {'line': b'/home/webotpi/ros2_ws/src/rplidar_ros/sdk/src/sl_lidar_driver.cpp:202:28: warning: unused parameter \xe2\x80\x98timestamp_uS\xe2\x80\x99 [-Wunused-parameter]\n'}
[51.207011] (rplidar_ros) StderrLine: {'line': b'  202 |         void pushNode(_u64 timestamp_uS, const T* node)\n'}
[51.207133] (rplidar_ros) StderrLine: {'line': b'      |                       ~~~~~^~~~~~~~~~~~\n'}
[51.306605] (-) TimerEvent: {}
[51.407031] (-) TimerEvent: {}
[51.507332] (-) TimerEvent: {}
[51.540689] (rplidar_ros) StderrLine: {'line': b'/home/webotpi/ros2_ws/src/rplidar_ros/sdk/src/sl_lidar_driver.cpp: At global scope:\n'}
[51.541272] (rplidar_ros) StderrLine: {'line': b'/home/webotpi/ros2_ws/src/rplidar_ros/sdk/src/sl_lidar_driver.cpp:83:17: warning: \xe2\x80\x98void sl::convert(const sl_lidar_response_measurement_node_hq_t&, sl_lidar_response_measurement_node_t&)\xe2\x80\x99 defined but not used [-Wunused-function]\n'}
[51.541499] (rplidar_ros) StderrLine: {'line': b'   83 |     static void convert(const sl_lidar_response_measurement_node_hq_t& from, sl_lidar_response_measurement_node_t& to)\n'}
[51.541634] (rplidar_ros) StderrLine: {'line': b'      |                 ^~~~~~~\n'}
[51.541774] (rplidar_ros) StderrLine: {'line': b'/home/webotpi/ros2_ws/src/rplidar_ros/sdk/src/sl_lidar_driver.cpp:75:17: warning: \xe2\x80\x98void sl::convert(const sl_lidar_response_measurement_node_t&, sl_lidar_response_measurement_node_hq_t&)\xe2\x80\x99 defined but not used [-Wunused-function]\n'}
[51.541923] (rplidar_ros) StderrLine: {'line': b'   75 |     static void convert(const sl_lidar_response_measurement_node_t& from, sl_lidar_response_measurement_node_hq_t& to)\n'}
[51.542037] (rplidar_ros) StderrLine: {'line': b'      |                 ^~~~~~~\n'}
[51.542174] (rplidar_ros) StderrLine: {'line': b'/home/webotpi/ros2_ws/src/rplidar_ros/sdk/src/sl_lidar_driver.cpp:70:17: warning: \xe2\x80\x98void sl::printDeprecationWarn(const char*, const char*)\xe2\x80\x99 defined but not used [-Wunused-function]\n'}
[51.542346] (rplidar_ros) StderrLine: {'line': b'   70 |     static void printDeprecationWarn(const char* fn, const char* replacement)\n'}
[51.542542] (rplidar_ros) StderrLine: {'line': b'      |                 ^~~~~~~~~~~~~~~~~~~~\n'}
[51.607486] (-) TimerEvent: {}
[51.640416] (rplidar_ros) StdoutLine: {'line': b'[ 65%] Built target rplidar_client\n'}
[51.707652] (-) TimerEvent: {}
[51.807949] (-) TimerEvent: {}
[51.812884] (rplidar_ros) StderrLine: {'line': b'In file included from /home/webotpi/ros2_ws/src/rplidar_ros/sdk/include/rplidar_protocol.h:36,\n'}
[51.813184] (rplidar_ros) StderrLine: {'line': b'                 from /home/webotpi/ros2_ws/src/rplidar_ros/sdk/include/rplidar.h:39,\n'}
[51.813364] (rplidar_ros) StderrLine: {'line': b'                 from /home/webotpi/ros2_ws/src/rplidar_ros/sdk/src/sdkcommon.h:49,\n'}
[51.813567] (rplidar_ros) StderrLine: {'line': b'                 from /home/webotpi/ros2_ws/src/rplidar_ros/sdk/src/rplidar_driver.cpp:33:\n'}
[51.813726] (rplidar_ros) StderrLine: {'line': b'/home/webotpi/ros2_ws/src/rplidar_ros/sdk/include/sl_lidar_protocol.h:66:16: warning: ISO C++ forbids zero-size array \xe2\x80\x98data\xe2\x80\x99 [-Wpedantic]\n'}
[51.813868] (rplidar_ros) StderrLine: {'line': b'   66 |     sl_u8 data[0];\n'}
[51.814009] (rplidar_ros) StderrLine: {'line': b'      |                ^\n'}
[51.815916] (rplidar_ros) StderrLine: {'line': b'In file included from /home/webotpi/ros2_ws/src/rplidar_ros/sdk/include/rplidar_cmd.h:36,\n'}
[51.816285] (rplidar_ros) StderrLine: {'line': b'                 from /home/webotpi/ros2_ws/src/rplidar_ros/sdk/include/rplidar.h:40:\n'}
[51.816416] (rplidar_ros) StderrLine: {'line': b'/home/webotpi/ros2_ws/src/rplidar_ros/sdk/include/sl_lidar_cmd.h:324:20: warning: ISO C++ forbids zero-size array \xe2\x80\x98payload\xe2\x80\x99 [-Wpedantic]\n'}
[51.816513] (rplidar_ros) StderrLine: {'line': b'  324 |     sl_u8  payload[0];\n'}
[51.816598] (rplidar_ros) StderrLine: {'line': b'      |                    ^\n'}
[51.908032] (-) TimerEvent: {}
[51.912289] (rplidar_ros) StderrLine: {'line': b'/home/webotpi/ros2_ws/src/rplidar_ros/sdk/src/rplidar_driver.cpp: In member function \xe2\x80\x98u_result rp::standalone::rplidar::RPlidarDriver::connect(const char*, _u32, _u32)\xe2\x80\x99:\n'}
[51.912603] (rplidar_ros) StderrLine: {'line': b'/home/webotpi/ros2_ws/src/rplidar_ros/sdk/src/rplidar_driver.cpp:67:77: warning: unused parameter \xe2\x80\x98flag\xe2\x80\x99 [-Wunused-parameter]\n'}
[51.912710] (rplidar_ros) StderrLine: {'line': b'   67 |     u_result RPlidarDriver::connect(const char *path, _u32 portOrBaud, _u32 flag)\n'}
[51.912798] (rplidar_ros) StderrLine: {'line': b'      |                                                                        ~~~~~^~~~\n'}
[51.912882] (rplidar_ros) StderrLine: {'line': b'/home/webotpi/ros2_ws/src/rplidar_ros/sdk/src/rplidar_driver.cpp: In member function \xe2\x80\x98u_result rp::standalone::rplidar::RPlidarDriver::reset(_u32)\xe2\x80\x99:\n'}
[51.912967] (rplidar_ros) StderrLine: {'line': b'/home/webotpi/ros2_ws/src/rplidar_ros/sdk/src/rplidar_driver.cpp:101:40: warning: unused parameter \xe2\x80\x98timeout\xe2\x80\x99 [-Wunused-parameter]\n'}
[51.913112] (rplidar_ros) StderrLine: {'line': b'  101 |     u_result RPlidarDriver::reset(_u32 timeout)\n'}
[51.913208] (rplidar_ros) StderrLine: {'line': b'      |                                   ~~~~~^~~~~~~\n'}
[51.913844] (rplidar_ros) StderrLine: {'line': b'/home/webotpi/ros2_ws/src/rplidar_ros/sdk/src/rplidar_driver.cpp: In member function \xe2\x80\x98u_result rp::standalone::rplidar::RPlidarDriver::getScanDataWithInterval(rplidar_response_measurement_node_t*, size_t&)\xe2\x80\x99:\n'}
[51.914025] (rplidar_ros) StderrLine: {'line': b'/home/webotpi/ros2_ws/src/rplidar_ros/sdk/src/rplidar_driver.cpp:180:91: warning: unused parameter \xe2\x80\x98nodebuffer\xe2\x80\x99 [-Wunused-parameter]\n'}
[51.914142] (rplidar_ros) StderrLine: {'line': b'  180 |     u_result RPlidarDriver::getScanDataWithInterval(rplidar_response_measurement_node_t * nodebuffer, size_t & count)\n'}
[51.914241] (rplidar_ros) StderrLine: {'line': b'      |                                                     ~~~~~~~~~~~~~~~~~~~~~~~~~~~~~~~~~~~~~~^~~~~~~~~~\n'}
[51.914407] (rplidar_ros) StderrLine: {'line': b'/home/webotpi/ros2_ws/src/rplidar_ros/sdk/src/rplidar_driver.cpp:180:112: warning: unused parameter \xe2\x80\x98count\xe2\x80\x99 [-Wunused-parameter]\n'}
[51.914510] (rplidar_ros) StderrLine: {'line': b'  180 |     u_result RPlidarDriver::getScanDataWithInterval(rplidar_response_measurement_node_t * nodebuffer, size_t & count)\n'}
[51.914597] (rplidar_ros) StderrLine: {'line': b'      |                                                                                                       ~~~~~~~~~^~~~~\n'}
[52.008199] (-) TimerEvent: {}
[52.108462] (-) TimerEvent: {}
[52.117189] (rplidar_ros) StdoutLine: {'line': b'[ 68%] Building CXX object CMakeFiles/rplidar_composition.dir/sdk/src/sl_async_transceiver.cpp.o\n'}
[52.208639] (-) TimerEvent: {}
[52.309336] (-) TimerEvent: {}
[52.337103] (rplidar_ros) StdoutLine: {'line': b'[ 71%] Building CXX object CMakeFiles/rplidar_node.dir/sdk/src/sl_serial_channel.cpp.o\n'}
[52.409359] (-) TimerEvent: {}
[52.509622] (-) TimerEvent: {}
[52.609947] (-) TimerEvent: {}
[52.710213] (-) TimerEvent: {}
[52.788084] (rplidar_ros) StderrLine: {'line': b'In file included from /home/webotpi/ros2_ws/src/rplidar_ros/sdk/include/sl_lidar_cmd.h:41,\n'}
[52.788459] (rplidar_ros) StderrLine: {'line': b'                 from /home/webotpi/ros2_ws/src/rplidar_ros/sdk/include/sl_lidar_driver.h:54,\n'}
[52.788832] (rplidar_ros) StderrLine: {'line': b'                 from /home/webotpi/ros2_ws/src/rplidar_ros/sdk/src/sl_serial_channel.cpp:33:\n'}
[52.788935] (rplidar_ros) StderrLine: {'line': b'/home/webotpi/ros2_ws/src/rplidar_ros/sdk/include/sl_lidar_protocol.h:66:16: warning: ISO C++ forbids zero-size array \xe2\x80\x98data\xe2\x80\x99 [-Wpedantic]\n'}
[52.789025] (rplidar_ros) StderrLine: {'line': b'   66 |     sl_u8 data[0];\n'}
[52.789104] (rplidar_ros) StderrLine: {'line': b'      |                ^\n'}
[52.789205] (rplidar_ros) StderrLine: {'line': b'/home/webotpi/ros2_ws/src/rplidar_ros/sdk/include/sl_lidar_cmd.h:324:20: warning: ISO C++ forbids zero-size array \xe2\x80\x98payload\xe2\x80\x99 [-Wpedantic]\n'}
[52.789364] (rplidar_ros) StderrLine: {'line': b'  324 |     sl_u8  payload[0];\n'}
[52.789486] (rplidar_ros) StderrLine: {'line': b'      |                    ^\n'}
[52.810344] (-) TimerEvent: {}
[52.882502] (rplidar_ros) StderrLine: {'line': b'In file included from /home/webotpi/ros2_ws/src/rplidar_ros/sdk/include/rplidar_protocol.h:36,\n'}
[52.883187] (rplidar_ros) StderrLine: {'line': b'                 from /home/webotpi/ros2_ws/src/rplidar_ros/sdk/include/rplidar.h:39,\n'}
[52.883398] (rplidar_ros) StderrLine: {'line': b'                 from /home/webotpi/ros2_ws/src/rplidar_ros/sdk/src/sdkcommon.h:49,\n'}
[52.883506] (rplidar_ros) StderrLine: {'line': b'                 from /home/webotpi/ros2_ws/src/rplidar_ros/sdk/src/sl_async_transceiver.cpp:35:\n'}
[52.883706] (rplidar_ros) StderrLine: {'line': b'/home/webotpi/ros2_ws/src/rplidar_ros/sdk/include/sl_lidar_protocol.h:66:16: warning: ISO C++ forbids zero-size array \xe2\x80\x98data\xe2\x80\x99 [-Wpedantic]\n'}
[52.883795] (rplidar_ros) StderrLine: {'line': b'   66 |     sl_u8 data[0];\n'}
[52.883877] (rplidar_ros) StderrLine: {'line': b'      |                ^\n'}
[52.883952] (rplidar_ros) StderrLine: {'line': b'In file included from /home/webotpi/ros2_ws/src/rplidar_ros/sdk/include/rplidar_cmd.h:36,\n'}
[52.884033] (rplidar_ros) StderrLine: {'line': b'                 from /home/webotpi/ros2_ws/src/rplidar_ros/sdk/include/rplidar.h:40:\n'}
[52.884112] (rplidar_ros) StderrLine: {'line': b'/home/webotpi/ros2_ws/src/rplidar_ros/sdk/include/sl_lidar_cmd.h:324:20: warning: ISO C++ forbids zero-size array \xe2\x80\x98payload\xe2\x80\x99 [-Wpedantic]\n'}
[52.884211] (rplidar_ros) StderrLine: {'line': b'  324 |     sl_u8  payload[0];\n'}
[52.884697] (rplidar_ros) StderrLine: {'line': b'      |                    ^\n'}
[52.910602] (-) TimerEvent: {}
[52.926001] (rplidar_ros) StdoutLine: {'line': b'[ 73%] Building CXX object CMakeFiles/rplidar_node.dir/sdk/src/sl_lidarprotocol_codec.cpp.o\n'}
[53.010732] (-) TimerEvent: {}
[53.034160] (rplidar_ros) StderrLine: {'line': b'In file included from /home/webotpi/ros2_ws/src/rplidar_ros/sdk/src/sl_async_transceiver.cpp:44:\n'}
[53.034543] (rplidar_ros) StderrLine: {'line': b'/home/webotpi/ros2_ws/src/rplidar_ros/sdk/src/sl_async_transceiver.h: In member function \xe2\x80\x98virtual void sl::internal::IAsyncProtocolCodec::onChannelError(u_result)\xe2\x80\x99:\n'}
[53.034718] (rplidar_ros) StderrLine: {'line': b'/home/webotpi/ros2_ws/src/rplidar_ros/sdk/src/sl_async_transceiver.h:90:48: warning: unused parameter \xe2\x80\x98errCode\xe2\x80\x99 [-Wunused-parameter]\n'}
[53.034853] (rplidar_ros) StderrLine: {'line': b'   90 |         virtual void   onChannelError(u_result errCode) {}\n'}
[53.034993] (rplidar_ros) StderrLine: {'line': b'      |                                       ~~~~~~~~~^~~~~~~\n'}
[53.110893] (-) TimerEvent: {}
[53.211289] (-) TimerEvent: {}
[53.311811] (-) TimerEvent: {}
[53.314592] (rplidar_ros) StdoutLine: {'line': b'[ 76%] Building CXX object CMakeFiles/rplidar_composition.dir/sdk/src/sl_lidar_driver.cpp.o\n'}
[53.412117] (-) TimerEvent: {}
[53.512413] (-) TimerEvent: {}
[53.612826] (-) TimerEvent: {}
[53.703375] (rplidar_ros) StderrLine: {'line': b'In file included from /home/webotpi/ros2_ws/src/rplidar_ros/sdk/include/rplidar_protocol.h:36,\n'}
[53.703695] (rplidar_ros) StderrLine: {'line': b'                 from /home/webotpi/ros2_ws/src/rplidar_ros/sdk/include/rplidar.h:39,\n'}
[53.703806] (rplidar_ros) StderrLine: {'line': b'                 from /home/webotpi/ros2_ws/src/rplidar_ros/sdk/src/sdkcommon.h:49,\n'}
[53.703919] (rplidar_ros) StderrLine: {'line': b'                 from /home/webotpi/ros2_ws/src/rplidar_ros/sdk/src/sl_lidarprotocol_codec.cpp:35:\n'}
[53.704260] (rplidar_ros) StderrLine: {'line': b'/home/webotpi/ros2_ws/src/rplidar_ros/sdk/include/sl_lidar_protocol.h:66:16: warning: ISO C++ forbids zero-size array \xe2\x80\x98data\xe2\x80\x99 [-Wpedantic]\n'}
[53.704434] (rplidar_ros) StderrLine: {'line': b'   66 |     sl_u8 data[0];\n'}
[53.704524] (rplidar_ros) StderrLine: {'line': b'      |                ^\n'}
[53.704768] (rplidar_ros) StderrLine: {'line': b'In file included from /home/webotpi/ros2_ws/src/rplidar_ros/sdk/include/rplidar_cmd.h:36,\n'}
[53.704923] (rplidar_ros) StderrLine: {'line': b'                 from /home/webotpi/ros2_ws/src/rplidar_ros/sdk/include/rplidar.h:40:\n'}
[53.705039] (rplidar_ros) StderrLine: {'line': b'/home/webotpi/ros2_ws/src/rplidar_ros/sdk/include/sl_lidar_cmd.h:324:20: warning: ISO C++ forbids zero-size array \xe2\x80\x98payload\xe2\x80\x99 [-Wpedantic]\n'}
[53.705390] (rplidar_ros) StderrLine: {'line': b'  324 |     sl_u8  payload[0];\n'}
[53.705489] (rplidar_ros) StderrLine: {'line': b'      |                    ^\n'}
[53.714390] (-) TimerEvent: {}
[53.815822] (-) TimerEvent: {}
[53.909928] (rplidar_ros) StderrLine: {'line': b'In file included from /home/webotpi/ros2_ws/src/rplidar_ros/sdk/src/sl_lidarprotocol_codec.cpp:49:\n'}
[53.915719] (rplidar_ros) StderrLine: {'line': b'/home/webotpi/ros2_ws/src/rplidar_ros/sdk/src/sl_async_transceiver.h: In member function \xe2\x80\x98virtual void sl::internal::IAsyncProtocolCodec::onChannelError(u_result)\xe2\x80\x99:\n'}
[53.915854] (-) TimerEvent: {}
[53.915875] (rplidar_ros) StderrLine: {'line': b'/home/webotpi/ros2_ws/src/rplidar_ros/sdk/src/sl_async_transceiver.h:90:48: warning: unused parameter \xe2\x80\x98errCode\xe2\x80\x99 [-Wunused-parameter]\n'}
[53.915956] (rplidar_ros) StderrLine: {'line': b'   90 |         virtual void   onChannelError(u_result errCode) {}\n'}
[53.916033] (rplidar_ros) StderrLine: {'line': b'      |                                       ~~~~~~~~~^~~~~~~\n'}
[54.016021] (-) TimerEvent: {}
[54.116311] (-) TimerEvent: {}
[54.120390] (rplidar_ros) StderrLine: {'line': b'In file included from /home/webotpi/ros2_ws/src/rplidar_ros/sdk/include/rplidar_protocol.h:36,\n'}
[54.120683] (rplidar_ros) StderrLine: {'line': b'                 from /home/webotpi/ros2_ws/src/rplidar_ros/sdk/include/rplidar.h:39,\n'}
[54.120810] (rplidar_ros) StderrLine: {'line': b'                 from /home/webotpi/ros2_ws/src/rplidar_ros/sdk/src/sdkcommon.h:49,\n'}
[54.120914] (rplidar_ros) StderrLine: {'line': b'                 from /home/webotpi/ros2_ws/src/rplidar_ros/sdk/src/sl_lidar_driver.cpp:33:\n'}
[54.121003] (rplidar_ros) StderrLine: {'line': b'/home/webotpi/ros2_ws/src/rplidar_ros/sdk/include/sl_lidar_protocol.h:66:16: warning: ISO C++ forbids zero-size array \xe2\x80\x98data\xe2\x80\x99 [-Wpedantic]\n'}
[54.121246] (rplidar_ros) StderrLine: {'line': b'   66 |     sl_u8 data[0];\n'}
[54.121389] (rplidar_ros) StderrLine: {'line': b'      |                ^\n'}
[54.121478] (rplidar_ros) StderrLine: {'line': b'In file included from /home/webotpi/ros2_ws/src/rplidar_ros/sdk/include/rplidar_cmd.h:36,\n'}
[54.121558] (rplidar_ros) StderrLine: {'line': b'                 from /home/webotpi/ros2_ws/src/rplidar_ros/sdk/include/rplidar.h:40:\n'}
[54.121643] (rplidar_ros) StderrLine: {'line': b'/home/webotpi/ros2_ws/src/rplidar_ros/sdk/include/sl_lidar_cmd.h:324:20: warning: ISO C++ forbids zero-size array \xe2\x80\x98payload\xe2\x80\x99 [-Wpedantic]\n'}
[54.121730] (rplidar_ros) StderrLine: {'line': b'  324 |     sl_u8  payload[0];\n'}
[54.121818] (rplidar_ros) StderrLine: {'line': b'      |                    ^\n'}
[54.122958] (rplidar_ros) StdoutLine: {'line': b'[ 78%] Building CXX object CMakeFiles/rplidar_node.dir/sdk/src/sl_tcp_channel.cpp.o\n'}
[54.218409] (-) TimerEvent: {}
[54.318741] (-) TimerEvent: {}
[54.344169] (rplidar_ros) StderrLine: {'line': b'In file included from /home/webotpi/ros2_ws/src/rplidar_ros/sdk/src/sl_lidar_driver.cpp:50:\n'}
[54.344688] (rplidar_ros) StderrLine: {'line': b'/home/webotpi/ros2_ws/src/rplidar_ros/sdk/src/dataunpacker/dataunpacker.h: In member function \xe2\x80\x98virtual void sl::internal::LIDARSampleDataListener::onCustomSampleDataDecoded(_u8, _u32, const void*, size_t)\xe2\x80\x99:\n'}
[54.344905] (rplidar_ros) StderrLine: {'line': b'/home/webotpi/ros2_ws/src/rplidar_ros/sdk/src/dataunpacker/dataunpacker.h:54:52: warning: unused parameter \xe2\x80\x98ansType\xe2\x80\x99 [-Wunused-parameter]\n'}
[54.345051] (rplidar_ros) StderrLine: {'line': b'   54 |         virtual void onCustomSampleDataDecoded(_u8 ansType, _u32 customCode, const void* data, size_t size) {}\n'}
[54.345422] (rplidar_ros) StderrLine: {'line': b'      |                                                ~~~~^~~~~~~\n'}
[54.345587] (rplidar_ros) StderrLine: {'line': b'/home/webotpi/ros2_ws/src/rplidar_ros/sdk/src/dataunpacker/dataunpacker.h:54:66: warning: unused parameter \xe2\x80\x98customCode\xe2\x80\x99 [-Wunused-parameter]\n'}
[54.345862] (rplidar_ros) StderrLine: {'line': b'   54 |         virtual void onCustomSampleDataDecoded(_u8 ansType, _u32 customCode, const void* data, size_t size) {}\n'}
[54.346017] (rplidar_ros) StderrLine: {'line': b'      |                                                             ~~~~~^~~~~~~~~~\n'}
[54.346126] (rplidar_ros) StderrLine: {'line': b'/home/webotpi/ros2_ws/src/rplidar_ros/sdk/src/dataunpacker/dataunpacker.h:54:90: warning: unused parameter \xe2\x80\x98data\xe2\x80\x99 [-Wunused-parameter]\n'}
[54.346486] (rplidar_ros) StderrLine: {'line': b'   54 |         virtual void onCustomSampleDataDecoded(_u8 ansType, _u32 customCode, const void* data, size_t size) {}\n'}
[54.346622] (rplidar_ros) StderrLine: {'line': b'      |                                                                              ~~~~~~~~~~~~^~~~\n'}
[54.346885] (rplidar_ros) StderrLine: {'line': b'/home/webotpi/ros2_ws/src/rplidar_ros/sdk/src/dataunpacker/dataunpacker.h:54:103: warning: unused parameter \xe2\x80\x98size\xe2\x80\x99 [-Wunused-parameter]\n'}
[54.347018] (rplidar_ros) StderrLine: {'line': b'   54 |         virtual void onCustomSampleDataDecoded(_u8 ansType, _u32 customCode, const void* data, size_t size) {}\n'}
[54.347131] (rplidar_ros) StderrLine: {'line': b'      |                                                                                                ~~~~~~~^~~~\n'}
[54.347517] (rplidar_ros) StderrLine: {'line': b'/home/webotpi/ros2_ws/src/rplidar_ros/sdk/src/dataunpacker/dataunpacker.h: In member function \xe2\x80\x98virtual void sl::internal::LIDARSampleDataListener::onDecodingError(int, _u8, const void*, size_t)\xe2\x80\x99:\n'}
[54.347683] (rplidar_ros) StderrLine: {'line': b'/home/webotpi/ros2_ws/src/rplidar_ros/sdk/src/dataunpacker/dataunpacker.h:56:42: warning: unused parameter \xe2\x80\x98errMsg\xe2\x80\x99 [-Wunused-parameter]\n'}
[54.347996] (rplidar_ros) StderrLine: {'line': b'   56 |         virtual void onDecodingError(int errMsg, _u8 ansType, const void* payload, size_t size) {}\n'}
[54.348148] (rplidar_ros) StderrLine: {'line': b'      |                                      ~~~~^~~~~~\n'}
[54.348536] (rplidar_ros) StderrLine: {'line': b'/home/webotpi/ros2_ws/src/rplidar_ros/sdk/src/dataunpacker/dataunpacker.h:56:54: warning: unused parameter \xe2\x80\x98ansType\xe2\x80\x99 [-Wunused-parameter]\n'}
[54.348754] (rplidar_ros) StderrLine: {'line': b'   56 |         virtual void onDecodingError(int errMsg, _u8 ansType, const void* payload, size_t size) {}\n'}
[54.349039] (rplidar_ros) StderrLine: {'line': b'      |                                                  ~~~~^~~~~~~\n'}
[54.349404] (rplidar_ros) StderrLine: {'line': b'/home/webotpi/ros2_ws/src/rplidar_ros/sdk/src/dataunpacker/dataunpacker.h:56:75: warning: unused parameter \xe2\x80\x98payload\xe2\x80\x99 [-Wunused-parameter]\n'}
[54.349841] (rplidar_ros) StderrLine: {'line': b'   56 |         virtual void onDecodingError(int errMsg, _u8 ansType, const void* payload, size_t size) {}\n'}
[54.350144] (rplidar_ros) StderrLine: {'line': b'      |                                                               ~~~~~~~~~~~~^~~~~~~\n'}
[54.350417] (rplidar_ros) StderrLine: {'line': b'/home/webotpi/ros2_ws/src/rplidar_ros/sdk/src/dataunpacker/dataunpacker.h:56:91: warning: unused parameter \xe2\x80\x98size\xe2\x80\x99 [-Wunused-parameter]\n'}
[54.350573] (rplidar_ros) StderrLine: {'line': b'   56 |         virtual void onDecodingError(int errMsg, _u8 ansType, const void* payload, size_t size) {}\n'}
[54.350882] (rplidar_ros) StderrLine: {'line': b'      |                                                                                    ~~~~~~~^~~~\n'}
[54.379539] (rplidar_ros) StderrLine: {'line': b'In file included from /home/webotpi/ros2_ws/src/rplidar_ros/sdk/src/sl_lidar_driver.cpp:51:\n'}
[54.380118] (rplidar_ros) StderrLine: {'line': b'/home/webotpi/ros2_ws/src/rplidar_ros/sdk/src/sl_async_transceiver.h: In member function \xe2\x80\x98virtual void sl::internal::IAsyncProtocolCodec::onChannelError(u_result)\xe2\x80\x99:\n'}
[54.380553] (rplidar_ros) StderrLine: {'line': b'/home/webotpi/ros2_ws/src/rplidar_ros/sdk/src/sl_async_transceiver.h:90:48: warning: unused parameter \xe2\x80\x98errCode\xe2\x80\x99 [-Wunused-parameter]\n'}
[54.380701] (rplidar_ros) StderrLine: {'line': b'   90 |         virtual void   onChannelError(u_result errCode) {}\n'}
[54.381048] (rplidar_ros) StderrLine: {'line': b'      |                                       ~~~~~~~~~^~~~~~~\n'}
[54.418925] (-) TimerEvent: {}
[54.422041] (rplidar_ros) StderrLine: {'line': b'/home/webotpi/ros2_ws/src/rplidar_ros/sdk/src/sl_lidar_driver.cpp: In member function \xe2\x80\x98virtual sl_result sl::SlamtecLidarDriver::reset(sl_u32)\xe2\x80\x99:\n'}
[54.422367] (rplidar_ros) StderrLine: {'line': b'/home/webotpi/ros2_ws/src/rplidar_ros/sdk/src/sl_lidar_driver.cpp:511:32: warning: unused parameter \xe2\x80\x98timeoutInMs\xe2\x80\x99 [-Wunused-parameter]\n'}
[54.422497] (rplidar_ros) StderrLine: {'line': b'  511 |         sl_result reset(sl_u32 timeoutInMs = DEFAULT_TIMEOUT)\n'}
[54.422608] (rplidar_ros) StderrLine: {'line': b'      |                         ~~~~~~~^~~~~~~~~~~~~~~~~~~~~~~~~~~~~\n'}
[54.427677] (rplidar_ros) StderrLine: {'line': b'/home/webotpi/ros2_ws/src/rplidar_ros/sdk/src/sl_lidar_driver.cpp: In member function \xe2\x80\x98virtual sl_result sl::SlamtecLidarDriver::startScan(bool, bool, sl_u32, sl::LidarScanMode*)\xe2\x80\x99:\n'}
[54.428027] (rplidar_ros) StderrLine: {'line': b'/home/webotpi/ros2_ws/src/rplidar_ros/sdk/src/sl_lidar_driver.cpp:586:69: warning: unused parameter \xe2\x80\x98options\xe2\x80\x99 [-Wunused-parameter]\n'}
[54.428172] (rplidar_ros) StderrLine: {'line': b'  586 |         sl_result startScan(bool force, bool useTypicalScan, sl_u32 options = 0, LidarScanMode* outUsedScanMode = nullptr)\n'}
[54.428302] (rplidar_ros) StderrLine: {'line': b'      |                                                              ~~~~~~~^~~~~~~~~~~\n'}
[54.430956] (rplidar_ros) StderrLine: {'line': b'/home/webotpi/ros2_ws/src/rplidar_ros/sdk/src/sl_lidar_driver.cpp: In member function \xe2\x80\x98virtual sl_result sl::SlamtecLidarDriver::stop(sl_u32)\xe2\x80\x99:\n'}
[54.431198] (rplidar_ros) StderrLine: {'line': b'/home/webotpi/ros2_ws/src/rplidar_ros/sdk/src/sl_lidar_driver.cpp:763:31: warning: unused parameter \xe2\x80\x98timeout\xe2\x80\x99 [-Wunused-parameter]\n'}
[54.431326] (rplidar_ros) StderrLine: {'line': b'  763 |         sl_result stop(sl_u32 timeout = DEFAULT_TIMEOUT)\n'}
[54.431410] (rplidar_ros) StderrLine: {'line': b'      |                        ~~~~~~~^~~~~~~~~~~~~~~~~~~~~~~~~\n'}
[54.433797] (rplidar_ros) StderrLine: {'line': b'/home/webotpi/ros2_ws/src/rplidar_ros/sdk/src/sl_lidar_driver.cpp: In member function \xe2\x80\x98virtual sl_result sl::SlamtecLidarDriver::getFrequency(const sl::LidarScanMode&, const sl_lidar_response_measurement_node_hq_t*, size_t, float&)\xe2\x80\x99:\n'}
[54.434032] (rplidar_ros) StderrLine: {'line': b'/home/webotpi/ros2_ws/src/rplidar_ros/sdk/src/sl_lidar_driver.cpp:880:110: warning: unused parameter \xe2\x80\x98nodes\xe2\x80\x99 [-Wunused-parameter]\n'}
[54.434164] (rplidar_ros) StderrLine: {'line': b'  880 |         sl_result getFrequency(const LidarScanMode& scanMode, const sl_lidar_response_measurement_node_hq_t* nodes, size_t count, float& frequency)\n'}
[54.434271] (rplidar_ros) StderrLine: {'line': b'      |                                                               ~~~~~~~~~~~~~~~~~~~~~~~~~~~~~~~~~~~~~~~~~~~~~~~^~~~~\n'}
[54.439327] (rplidar_ros) StderrLine: {'line': b'/home/webotpi/ros2_ws/src/rplidar_ros/sdk/src/sl_lidar_driver.cpp: In member function \xe2\x80\x98virtual sl_result sl::SlamtecLidarDriver::getMotorInfo(sl::LidarMotorInfo&, sl_u32)\xe2\x80\x99:\n'}
[54.439849] (rplidar_ros) StderrLine: {'line': b'/home/webotpi/ros2_ws/src/rplidar_ros/sdk/src/sl_lidar_driver.cpp:1023:66: warning: unused parameter \xe2\x80\x98timeoutInMs\xe2\x80\x99 [-Wunused-parameter]\n'}
[54.439995] (rplidar_ros) StderrLine: {'line': b' 1023 |         sl_result getMotorInfo(LidarMotorInfo &motorInfo, sl_u32 timeoutInMs)\n'}
[54.440143] (rplidar_ros) StderrLine: {'line': b'      |                                                           ~~~~~~~^~~~~~~~~~~\n'}
[54.441893] (rplidar_ros) StderrLine: {'line': b'/home/webotpi/ros2_ws/src/rplidar_ros/sdk/src/sl_lidar_driver.cpp: In member function \xe2\x80\x98u_result sl::SlamtecLidarDriver::getScanModeCount(sl_u16&, sl_u32)\xe2\x80\x99:\n'}
[54.442292] (rplidar_ros) StderrLine: {'line': b'/home/webotpi/ros2_ws/src/rplidar_ros/sdk/src/sl_lidar_driver.cpp:1199:61: warning: unused parameter \xe2\x80\x98timeoutInMs\xe2\x80\x99 [-Wunused-parameter]\n'}
[54.442454] (rplidar_ros) StderrLine: {'line': b' 1199 |         u_result getScanModeCount(sl_u16& modeCount, sl_u32 timeoutInMs = DEFAULT_TIMEOUT)\n'}
[54.442569] (rplidar_ros) StderrLine: {'line': b'      |                                                      ~~~~~~~^~~~~~~~~~~~~~~~~~~~~~~~~~~~~\n'}
[54.511917] (rplidar_ros) StderrLine: {'line': b'/home/webotpi/ros2_ws/src/rplidar_ros/sdk/src/sl_lidar_driver.cpp: In instantiation of \xe2\x80\x98void sl::RawSampleNodeHolder<T>::pushNode(_u64, const T*) [with T = sl_lidar_response_measurement_node_hq_t; _u64 = long unsigned int]\xe2\x80\x99:\n'}
[54.512267] (rplidar_ros) StderrLine: {'line': b'/home/webotpi/ros2_ws/src/rplidar_ros/sdk/src/sl_lidar_driver.cpp:1648:42:   required from here\n'}
[54.512424] (rplidar_ros) StderrLine: {'line': b'/home/webotpi/ros2_ws/src/rplidar_ros/sdk/src/sl_lidar_driver.cpp:202:28: warning: unused parameter \xe2\x80\x98timestamp_uS\xe2\x80\x99 [-Wunused-parameter]\n'}
[54.512548] (rplidar_ros) StderrLine: {'line': b'  202 |         void pushNode(_u64 timestamp_uS, const T* node)\n'}
[54.512624] (rplidar_ros) StderrLine: {'line': b'      |                       ~~~~~^~~~~~~~~~~~\n'}
[54.519032] (-) TimerEvent: {}
[54.594770] (rplidar_ros) StderrLine: {'line': b'In file included from /home/webotpi/ros2_ws/src/rplidar_ros/sdk/include/sl_lidar_cmd.h:41,\n'}
[54.595042] (rplidar_ros) StderrLine: {'line': b'                 from /home/webotpi/ros2_ws/src/rplidar_ros/sdk/include/sl_lidar_driver.h:54,\n'}
[54.595134] (rplidar_ros) StderrLine: {'line': b'                 from /home/webotpi/ros2_ws/src/rplidar_ros/sdk/src/sl_tcp_channel.cpp:33:\n'}
[54.595226] (rplidar_ros) StderrLine: {'line': b'/home/webotpi/ros2_ws/src/rplidar_ros/sdk/include/sl_lidar_protocol.h:66:16: warning: ISO C++ forbids zero-size array \xe2\x80\x98data\xe2\x80\x99 [-Wpedantic]\n'}
[54.595531] (rplidar_ros) StderrLine: {'line': b'   66 |     sl_u8 data[0];\n'}
[54.595637] (rplidar_ros) StderrLine: {'line': b'      |                ^\n'}
[54.595726] (rplidar_ros) StderrLine: {'line': b'/home/webotpi/ros2_ws/src/rplidar_ros/sdk/include/sl_lidar_cmd.h:324:20: warning: ISO C++ forbids zero-size array \xe2\x80\x98payload\xe2\x80\x99 [-Wpedantic]\n'}
[54.595808] (rplidar_ros) StderrLine: {'line': b'  324 |     sl_u8  payload[0];\n'}
[54.595886] (rplidar_ros) StderrLine: {'line': b'      |                    ^\n'}
[54.601512] (rplidar_ros) StderrLine: {'line': b'/home/webotpi/ros2_ws/src/rplidar_ros/sdk/src/sl_tcp_channel.cpp: In member function \xe2\x80\x98void sl::TcpChannel::setStatus(_u32)\xe2\x80\x99:\n'}
[54.601833] (rplidar_ros) StderrLine: {'line': b'/home/webotpi/ros2_ws/src/rplidar_ros/sdk/src/sl_tcp_channel.cpp:109:29: warning: unused parameter \xe2\x80\x98flag\xe2\x80\x99 [-Wunused-parameter]\n'}
[54.601938] (rplidar_ros) StderrLine: {'line': b'  109 |         void setStatus(_u32 flag){}\n'}
[54.602035] (rplidar_ros) StderrLine: {'line': b'      |                        ~~~~~^~~~\n'}
[54.619156] (-) TimerEvent: {}
[54.709017] (rplidar_ros) StdoutLine: {'line': b'[ 81%] Building CXX object CMakeFiles/rplidar_node.dir/sdk/src/sl_udp_channel.cpp.o\n'}
[54.719676] (-) TimerEvent: {}
[54.728808] (rplidar_ros) StderrLine: {'line': b'/home/webotpi/ros2_ws/src/rplidar_ros/sdk/src/sl_lidar_driver.cpp: At global scope:\n'}
[54.729237] (rplidar_ros) StderrLine: {'line': b'/home/webotpi/ros2_ws/src/rplidar_ros/sdk/src/sl_lidar_driver.cpp:83:17: warning: \xe2\x80\x98void sl::convert(const sl_lidar_response_measurement_node_hq_t&, sl_lidar_response_measurement_node_t&)\xe2\x80\x99 defined but not used [-Wunused-function]\n'}
[54.729464] (rplidar_ros) StderrLine: {'line': b'   83 |     static void convert(const sl_lidar_response_measurement_node_hq_t& from, sl_lidar_response_measurement_node_t& to)\n'}
[54.729613] (rplidar_ros) StderrLine: {'line': b'      |                 ^~~~~~~\n'}
[54.729730] (rplidar_ros) StderrLine: {'line': b'/home/webotpi/ros2_ws/src/rplidar_ros/sdk/src/sl_lidar_driver.cpp:75:17: warning: \xe2\x80\x98void sl::convert(const sl_lidar_response_measurement_node_t&, sl_lidar_response_measurement_node_hq_t&)\xe2\x80\x99 defined but not used [-Wunused-function]\n'}
[54.729840] (rplidar_ros) StderrLine: {'line': b'   75 |     static void convert(const sl_lidar_response_measurement_node_t& from, sl_lidar_response_measurement_node_hq_t& to)\n'}
[54.729953] (rplidar_ros) StderrLine: {'line': b'      |                 ^~~~~~~\n'}
[54.730041] (rplidar_ros) StderrLine: {'line': b'/home/webotpi/ros2_ws/src/rplidar_ros/sdk/src/sl_lidar_driver.cpp:70:17: warning: \xe2\x80\x98void sl::printDeprecationWarn(const char*, const char*)\xe2\x80\x99 defined but not used [-Wunused-function]\n'}
[54.730227] (rplidar_ros) StderrLine: {'line': b'   70 |     static void printDeprecationWarn(const char* fn, const char* replacement)\n'}
[54.730372] (rplidar_ros) StderrLine: {'line': b'      |                 ^~~~~~~~~~~~~~~~~~~~\n'}
[54.819896] (-) TimerEvent: {}
[54.920294] (-) TimerEvent: {}
[55.022376] (-) TimerEvent: {}
[55.122657] (-) TimerEvent: {}
[55.167864] (rplidar_ros) StderrLine: {'line': b'In file included from /home/webotpi/ros2_ws/src/rplidar_ros/sdk/include/sl_lidar_cmd.h:41,\n'}
[55.168140] (rplidar_ros) StderrLine: {'line': b'                 from /home/webotpi/ros2_ws/src/rplidar_ros/sdk/include/sl_lidar_driver.h:54,\n'}
[55.168389] (rplidar_ros) StderrLine: {'line': b'                 from /home/webotpi/ros2_ws/src/rplidar_ros/sdk/src/sl_udp_channel.cpp:33:\n'}
[55.169694] (rplidar_ros) StderrLine: {'line': b'/home/webotpi/ros2_ws/src/rplidar_ros/sdk/include/sl_lidar_protocol.h:66:16: warning: ISO C++ forbids zero-size array \xe2\x80\x98data\xe2\x80\x99 [-Wpedantic]\n'}
[55.170629] (rplidar_ros) StderrLine: {'line': b'   66 |     sl_u8 data[0];\n'}
[55.170752] (rplidar_ros) StderrLine: {'line': b'      |                ^\n'}
[55.170840] (rplidar_ros) StderrLine: {'line': b'/home/webotpi/ros2_ws/src/rplidar_ros/sdk/include/sl_lidar_cmd.h:324:20: warning: ISO C++ forbids zero-size array \xe2\x80\x98payload\xe2\x80\x99 [-Wpedantic]\n'}
[55.170954] (rplidar_ros) StderrLine: {'line': b'  324 |     sl_u8  payload[0];\n'}
[55.171037] (rplidar_ros) StderrLine: {'line': b'      |                    ^\n'}
[55.179215] (rplidar_ros) StderrLine: {'line': b'/home/webotpi/ros2_ws/src/rplidar_ros/sdk/src/sl_udp_channel.cpp: In member function \xe2\x80\x98void sl::UdpChannel::setStatus(_u32)\xe2\x80\x99:\n'}
[55.179921] (rplidar_ros) StderrLine: {'line': b'/home/webotpi/ros2_ws/src/rplidar_ros/sdk/src/sl_udp_channel.cpp:112:29: warning: unused parameter \xe2\x80\x98flag\xe2\x80\x99 [-Wunused-parameter]\n'}
[55.180105] (rplidar_ros) StderrLine: {'line': b'  112 |         void setStatus(_u32 flag){}\n'}
[55.180228] (rplidar_ros) StderrLine: {'line': b'      |                        ~~~~~^~~~\n'}
[55.222843] (-) TimerEvent: {}
[55.302895] (rplidar_ros) StdoutLine: {'line': b'[ 84%] Linking CXX executable rplidar_node\n'}
[55.322904] (-) TimerEvent: {}
[55.423455] (-) TimerEvent: {}
[55.524409] (-) TimerEvent: {}
[55.624992] (-) TimerEvent: {}
[55.649465] (rplidar_ros) StdoutLine: {'line': b'[ 86%] Building CXX object CMakeFiles/rplidar_composition.dir/sdk/src/sl_lidarprotocol_codec.cpp.o\n'}
[55.725518] (-) TimerEvent: {}
[55.826807] (-) TimerEvent: {}
[55.927176] (-) TimerEvent: {}
[56.027752] (-) TimerEvent: {}
[56.129198] (-) TimerEvent: {}
[56.201161] (rplidar_ros) StdoutLine: {'line': b'[ 86%] Built target rplidar_node\n'}
[56.229393] (-) TimerEvent: {}
[56.329699] (-) TimerEvent: {}
[56.429915] (-) TimerEvent: {}
[56.460770] (rplidar_ros) StderrLine: {'line': b'In file included from /home/webotpi/ros2_ws/src/rplidar_ros/sdk/include/rplidar_protocol.h:36,\n'}
[56.461198] (rplidar_ros) StderrLine: {'line': b'                 from /home/webotpi/ros2_ws/src/rplidar_ros/sdk/include/rplidar.h:39,\n'}
[56.461370] (rplidar_ros) StderrLine: {'line': b'                 from /home/webotpi/ros2_ws/src/rplidar_ros/sdk/src/sdkcommon.h:49,\n'}
[56.461471] (rplidar_ros) StderrLine: {'line': b'                 from /home/webotpi/ros2_ws/src/rplidar_ros/sdk/src/sl_lidarprotocol_codec.cpp:35:\n'}
[56.461573] (rplidar_ros) StderrLine: {'line': b'/home/webotpi/ros2_ws/src/rplidar_ros/sdk/include/sl_lidar_protocol.h:66:16: warning: ISO C++ forbids zero-size array \xe2\x80\x98data\xe2\x80\x99 [-Wpedantic]\n'}
[56.461669] (rplidar_ros) StderrLine: {'line': b'   66 |     sl_u8 data[0];\n'}
[56.461779] (rplidar_ros) StderrLine: {'line': b'      |                ^\n'}
[56.462098] (rplidar_ros) StderrLine: {'line': b'In file included from /home/webotpi/ros2_ws/src/rplidar_ros/sdk/include/rplidar_cmd.h:36,\n'}
[56.462276] (rplidar_ros) StderrLine: {'line': b'                 from /home/webotpi/ros2_ws/src/rplidar_ros/sdk/include/rplidar.h:40:\n'}
[56.462382] (rplidar_ros) StderrLine: {'line': b'/home/webotpi/ros2_ws/src/rplidar_ros/sdk/include/sl_lidar_cmd.h:324:20: warning: ISO C++ forbids zero-size array \xe2\x80\x98payload\xe2\x80\x99 [-Wpedantic]\n'}
[56.462487] (rplidar_ros) StderrLine: {'line': b'  324 |     sl_u8  payload[0];\n'}
[56.462566] (rplidar_ros) StderrLine: {'line': b'      |                    ^\n'}
[56.530128] (-) TimerEvent: {}
[56.603124] (rplidar_ros) StderrLine: {'line': b'In file included from /home/webotpi/ros2_ws/src/rplidar_ros/sdk/src/sl_lidarprotocol_codec.cpp:49:\n'}
[56.603476] (rplidar_ros) StderrLine: {'line': b'/home/webotpi/ros2_ws/src/rplidar_ros/sdk/src/sl_async_transceiver.h: In member function \xe2\x80\x98virtual void sl::internal::IAsyncProtocolCodec::onChannelError(u_result)\xe2\x80\x99:\n'}
[56.603616] (rplidar_ros) StderrLine: {'line': b'/home/webotpi/ros2_ws/src/rplidar_ros/sdk/src/sl_async_transceiver.h:90:48: warning: unused parameter \xe2\x80\x98errCode\xe2\x80\x99 [-Wunused-parameter]\n'}
[56.603714] (rplidar_ros) StderrLine: {'line': b'   90 |         virtual void   onChannelError(u_result errCode) {}\n'}
[56.603830] (rplidar_ros) StderrLine: {'line': b'      |                                       ~~~~~~~~~^~~~~~~\n'}
[56.630282] (-) TimerEvent: {}
[56.730574] (-) TimerEvent: {}
[56.784020] (rplidar_ros) StdoutLine: {'line': b'[ 89%] Building CXX object CMakeFiles/rplidar_composition.dir/sdk/src/sl_tcp_channel.cpp.o\n'}
[56.830693] (-) TimerEvent: {}
[56.930926] (-) TimerEvent: {}
[57.031150] (-) TimerEvent: {}
[57.131490] (-) TimerEvent: {}
[57.167180] (rplidar_ros) StderrLine: {'line': b'In file included from /home/webotpi/ros2_ws/src/rplidar_ros/sdk/include/sl_lidar_cmd.h:41,\n'}
[57.167458] (rplidar_ros) StderrLine: {'line': b'                 from /home/webotpi/ros2_ws/src/rplidar_ros/sdk/include/sl_lidar_driver.h:54,\n'}
[57.167553] (rplidar_ros) StderrLine: {'line': b'                 from /home/webotpi/ros2_ws/src/rplidar_ros/sdk/src/sl_tcp_channel.cpp:33:\n'}
[57.167644] (rplidar_ros) StderrLine: {'line': b'/home/webotpi/ros2_ws/src/rplidar_ros/sdk/include/sl_lidar_protocol.h:66:16: warning: ISO C++ forbids zero-size array \xe2\x80\x98data\xe2\x80\x99 [-Wpedantic]\n'}
[57.167732] (rplidar_ros) StderrLine: {'line': b'   66 |     sl_u8 data[0];\n'}
[57.167822] (rplidar_ros) StderrLine: {'line': b'      |                ^\n'}
[57.168044] (rplidar_ros) StderrLine: {'line': b'/home/webotpi/ros2_ws/src/rplidar_ros/sdk/include/sl_lidar_cmd.h:324:20: warning: ISO C++ forbids zero-size array \xe2\x80\x98payload\xe2\x80\x99 [-Wpedantic]\n'}
[57.168202] (rplidar_ros) StderrLine: {'line': b'  324 |     sl_u8  payload[0];\n'}
[57.168363] (rplidar_ros) StderrLine: {'line': b'      |                    ^\n'}
[57.174895] (rplidar_ros) StderrLine: {'line': b'/home/webotpi/ros2_ws/src/rplidar_ros/sdk/src/sl_tcp_channel.cpp: In member function \xe2\x80\x98void sl::TcpChannel::setStatus(_u32)\xe2\x80\x99:\n'}
[57.175490] (rplidar_ros) StderrLine: {'line': b'/home/webotpi/ros2_ws/src/rplidar_ros/sdk/src/sl_tcp_channel.cpp:109:29: warning: unused parameter \xe2\x80\x98flag\xe2\x80\x99 [-Wunused-parameter]\n'}
[57.175722] (rplidar_ros) StderrLine: {'line': b'  109 |         void setStatus(_u32 flag){}\n'}
[57.175808] (rplidar_ros) StderrLine: {'line': b'      |                        ~~~~~^~~~\n'}
[57.231561] (-) TimerEvent: {}
[57.269814] (rplidar_ros) StdoutLine: {'line': b'[ 92%] Building CXX object CMakeFiles/rplidar_composition.dir/sdk/src/sl_udp_channel.cpp.o\n'}
[57.331675] (-) TimerEvent: {}
[57.431899] (-) TimerEvent: {}
[57.532122] (-) TimerEvent: {}
[57.632426] (-) TimerEvent: {}
[57.659825] (rplidar_ros) StderrLine: {'line': b'In file included from /home/webotpi/ros2_ws/src/rplidar_ros/sdk/include/sl_lidar_cmd.h:41,\n'}
[57.660071] (rplidar_ros) StderrLine: {'line': b'                 from /home/webotpi/ros2_ws/src/rplidar_ros/sdk/include/sl_lidar_driver.h:54,\n'}
[57.660158] (rplidar_ros) StderrLine: {'line': b'                 from /home/webotpi/ros2_ws/src/rplidar_ros/sdk/src/sl_udp_channel.cpp:33:\n'}
[57.660243] (rplidar_ros) StderrLine: {'line': b'/home/webotpi/ros2_ws/src/rplidar_ros/sdk/include/sl_lidar_protocol.h:66:16: warning: ISO C++ forbids zero-size array \xe2\x80\x98data\xe2\x80\x99 [-Wpedantic]\n'}
[57.660441] (rplidar_ros) StderrLine: {'line': b'   66 |     sl_u8 data[0];\n'}
[57.660521] (rplidar_ros) StderrLine: {'line': b'      |                ^\n'}
[57.660602] (rplidar_ros) StderrLine: {'line': b'/home/webotpi/ros2_ws/src/rplidar_ros/sdk/include/sl_lidar_cmd.h:324:20: warning: ISO C++ forbids zero-size array \xe2\x80\x98payload\xe2\x80\x99 [-Wpedantic]\n'}
[57.660678] (rplidar_ros) StderrLine: {'line': b'  324 |     sl_u8  payload[0];\n'}
[57.660750] (rplidar_ros) StderrLine: {'line': b'      |                    ^\n'}
[57.665761] (rplidar_ros) StderrLine: {'line': b'/home/webotpi/ros2_ws/src/rplidar_ros/sdk/src/sl_udp_channel.cpp: In member function \xe2\x80\x98void sl::UdpChannel::setStatus(_u32)\xe2\x80\x99:\n'}
[57.665932] (rplidar_ros) StderrLine: {'line': b'/home/webotpi/ros2_ws/src/rplidar_ros/sdk/src/sl_udp_channel.cpp:112:29: warning: unused parameter \xe2\x80\x98flag\xe2\x80\x99 [-Wunused-parameter]\n'}
[57.666036] (rplidar_ros) StderrLine: {'line': b'  112 |         void setStatus(_u32 flag){}\n'}
[57.666112] (rplidar_ros) StderrLine: {'line': b'      |                        ~~~~~^~~~\n'}
[57.732614] (-) TimerEvent: {}
[57.774823] (rplidar_ros) StdoutLine: {'line': b'[ 94%] Building CXX object CMakeFiles/rplidar_composition.dir/sdk/src/sl_serial_channel.cpp.o\n'}
[57.832713] (-) TimerEvent: {}
[57.932938] (-) TimerEvent: {}
[58.033181] (-) TimerEvent: {}
[58.133452] (-) TimerEvent: {}
[58.159940] (rplidar_ros) StderrLine: {'line': b'In file included from /home/webotpi/ros2_ws/src/rplidar_ros/sdk/include/sl_lidar_cmd.h:41,\n'}
[58.160187] (rplidar_ros) StderrLine: {'line': b'                 from /home/webotpi/ros2_ws/src/rplidar_ros/sdk/include/sl_lidar_driver.h:54,\n'}
[58.160302] (rplidar_ros) StderrLine: {'line': b'                 from /home/webotpi/ros2_ws/src/rplidar_ros/sdk/src/sl_serial_channel.cpp:33:\n'}
[58.160471] (rplidar_ros) StderrLine: {'line': b'/home/webotpi/ros2_ws/src/rplidar_ros/sdk/include/sl_lidar_protocol.h:66:16: warning: ISO C++ forbids zero-size array \xe2\x80\x98data\xe2\x80\x99 [-Wpedantic]\n'}
[58.160554] (rplidar_ros) StderrLine: {'line': b'   66 |     sl_u8 data[0];\n'}
[58.160630] (rplidar_ros) StderrLine: {'line': b'      |                ^\n'}
[58.160704] (rplidar_ros) StderrLine: {'line': b'/home/webotpi/ros2_ws/src/rplidar_ros/sdk/include/sl_lidar_cmd.h:324:20: warning: ISO C++ forbids zero-size array \xe2\x80\x98payload\xe2\x80\x99 [-Wpedantic]\n'}
[58.160779] (rplidar_ros) StderrLine: {'line': b'  324 |     sl_u8  payload[0];\n'}
[58.160850] (rplidar_ros) StderrLine: {'line': b'      |                    ^\n'}
[58.233564] (-) TimerEvent: {}
[58.264882] (rplidar_ros) StdoutLine: {'line': b'[ 97%] Building CXX object CMakeFiles/rplidar_composition.dir/sdk/src/sl_crc.cpp.o\n'}
[58.302438] (rplidar_ros) StderrLine: {'line': b'In file included from /home/webotpi/ros2_ws/src/rplidar_ros/sdk/include/sl_lidar_cmd.h:41,\n'}
[58.303526] (rplidar_ros) StderrLine: {'line': b'                 from /home/webotpi/ros2_ws/src/rplidar_ros/sdk/include/sl_crc.h:36,\n'}
[58.304477] (rplidar_ros) StderrLine: {'line': b'                 from /home/webotpi/ros2_ws/src/rplidar_ros/sdk/src/sl_crc.cpp:33:\n'}
[58.304652] (rplidar_ros) StderrLine: {'line': b'/home/webotpi/ros2_ws/src/rplidar_ros/sdk/include/sl_lidar_protocol.h:66:16: warning: ISO C++ forbids zero-size array \xe2\x80\x98data\xe2\x80\x99 [-Wpedantic]\n'}
[58.304747] (rplidar_ros) StderrLine: {'line': b'   66 |     sl_u8 data[0];\n'}
[58.304832] (rplidar_ros) StderrLine: {'line': b'      |                ^\n'}
[58.305746] (rplidar_ros) StderrLine: {'line': b'/home/webotpi/ros2_ws/src/rplidar_ros/sdk/include/sl_lidar_cmd.h:324:20: warning: ISO C++ forbids zero-size array \xe2\x80\x98payload\xe2\x80\x99 [-Wpedantic]\n'}
[58.305988] (rplidar_ros) StderrLine: {'line': b'  324 |     sl_u8  payload[0];\n'}
[58.306084] (rplidar_ros) StderrLine: {'line': b'      |                    ^\n'}
[58.333673] (-) TimerEvent: {}
[58.347446] (rplidar_ros) StdoutLine: {'line': b'[100%] Linking CXX executable rplidar_composition\n'}
[58.433847] (-) TimerEvent: {}
[58.534457] (-) TimerEvent: {}
[58.635378] (-) TimerEvent: {}
[58.736390] (-) TimerEvent: {}
[58.837021] (-) TimerEvent: {}
[58.937550] (-) TimerEvent: {}
[59.041979] (-) TimerEvent: {}
[59.072187] (rplidar_ros) StdoutLine: {'line': b'[100%] Built target rplidar_composition\n'}
[59.099338] (rplidar_ros) CommandEnded: {'returncode': 0}
[59.100089] (rplidar_ros) JobProgress: {'identifier': 'rplidar_ros', 'progress': 'install'}
[59.100502] (rplidar_ros) Command: {'cmd': ['/usr/bin/cmake', '--install', '/home/webotpi/ros2_ws/build/rplidar_ros'], 'cwd': '/home/webotpi/ros2_ws/build/rplidar_ros', 'env': OrderedDict({'LANGUAGE': 'zh_CN:en', 'USER': 'webotpi', 'SSH_CLIENT': '192.168.0.111 49972 22', 'LC_TIME': 'zh_CN.UTF-8', 'GZ_CONFIG_PATH': '/opt/ros/jazzy/opt/gz_sim_vendor/share/gz:/opt/ros/jazzy/opt/sdformat_vendor/share/gz:/opt/ros/jazzy/opt/gz_gui_vendor/share/gz:/opt/ros/jazzy/opt/gz_transport_vendor/share/gz:/opt/ros/jazzy/opt/gz_rendering_vendor/share/gz:/opt/ros/jazzy/opt/gz_plugin_vendor/share/gz:/opt/ros/jazzy/opt/gz_fuel_tools_vendor/share/gz:/opt/ros/jazzy/opt/gz_msgs_vendor/share/gz:/opt/ros/jazzy/opt/gz_common_vendor/share/gz', 'XDG_SESSION_TYPE': 'tty', 'SHLVL': '1', 'LD_LIBRARY_PATH': '/opt/ros/jazzy/opt/gz_sim_vendor/lib:/opt/ros/jazzy/opt/gz_sensors_vendor/lib:/opt/ros/jazzy/opt/gz_physics_vendor/lib:/opt/ros/jazzy/opt/sdformat_vendor/lib:/opt/ros/jazzy/opt/rviz_ogre_vendor/lib:/opt/ros/jazzy/lib/aarch64-linux-gnu:/opt/ros/jazzy/opt/gz_gui_vendor/lib:/opt/ros/jazzy/opt/gz_transport_vendor/lib:/opt/ros/jazzy/opt/gz_rendering_vendor/lib:/opt/ros/jazzy/opt/gz_plugin_vendor/lib:/opt/ros/jazzy/opt/gz_fuel_tools_vendor/lib:/opt/ros/jazzy/opt/gz_msgs_vendor/lib:/opt/ros/jazzy/opt/gz_common_vendor/lib:/opt/ros/jazzy/opt/gz_math_vendor/lib:/opt/ros/jazzy/opt/gz_utils_vendor/lib:/opt/ros/jazzy/opt/gz_tools_vendor/lib:/opt/ros/jazzy/opt/gz_ogre_next_vendor/lib:/opt/ros/jazzy/opt/gz_dartsim_vendor/lib:/opt/ros/jazzy/opt/gz_cmake_vendor/lib:/opt/ros/jazzy/lib', 'HOME': '/home/webotpi', 'OLDPWD': '/home/webotpi', 'ROS_PYTHON_VERSION': '3', 'LC_MONETARY': 'zh_CN.UTF-8', 'DBUS_SESSION_BUS_ADDRESS': 'unix:path=/run/user/1000/bus', 'ROS_DISTRO': 'jazzy', 'LOGNAME': 'webotpi', '_': '/usr/bin/colcon', 'ROS_VERSION': '2', 'XDG_SESSION_CLASS': 'user', 'XDG_SESSION_ID': '31', 'PATH': '/opt/ros/jazzy/opt/gz_msgs_vendor/bin:/opt/ros/jazzy/opt/gz_tools_vendor/bin:/opt/ros/jazzy/opt/gz_ogre_next_vendor/bin:/opt/ros/jazzy/bin:/usr/local/sbin:/usr/local/bin:/usr/sbin:/usr/bin:/sbin:/bin:/usr/games:/usr/local/games:/snap/bin', 'PAPERSIZE': 'a4', 'LC_ADDRESS': 'zh_CN.UTF-8', 'XDG_RUNTIME_DIR': '/run/user/1000', 'LANG': 'zh_CN.UTF-8', 'LC_TELEPHONE': 'zh_CN.UTF-8', 'AMENT_PREFIX_PATH': '/opt/ros/jazzy', 'SHELL': '/bin/bash', 'LC_NAME': 'zh_CN.UTF-8', 'LC_MEASUREMENT': 'zh_CN.UTF-8', 'LC_IDENTIFICATION': 'zh_CN.UTF-8', 'ROS_AUTOMATIC_DISCOVERY_RANGE': 'SUBNET', 'PWD': '/home/webotpi/ros2_ws/build/rplidar_ros', 'SSH_CONNECTION': '192.168.0.111 49972 192.168.0.119 22', 'PYTHONPATH': '/opt/ros/jazzy/lib/python3.12/site-packages', 'LC_NUMERIC': 'zh_CN.UTF-8', 'LC_PAPER': 'zh_CN.UTF-8', 'COLCON': '1', 'CMAKE_PREFIX_PATH': '/opt/ros/jazzy/opt/gz_sim_vendor:/opt/ros/jazzy/opt/gz_sensors_vendor:/opt/ros/jazzy/opt/gz_physics_vendor:/opt/ros/jazzy/opt/sdformat_vendor:/opt/ros/jazzy/opt/gz_gui_vendor:/opt/ros/jazzy/opt/gz_transport_vendor:/opt/ros/jazzy/opt/gz_rendering_vendor:/opt/ros/jazzy/opt/gz_plugin_vendor:/opt/ros/jazzy/opt/gz_fuel_tools_vendor:/opt/ros/jazzy/opt/gz_msgs_vendor:/opt/ros/jazzy/opt/gz_common_vendor:/opt/ros/jazzy/opt/gz_math_vendor:/opt/ros/jazzy/opt/gz_utils_vendor:/opt/ros/jazzy/opt/gz_tools_vendor:/opt/ros/jazzy/opt/gz_ogre_next_vendor:/opt/ros/jazzy/opt/gz_dartsim_vendor:/opt/ros/jazzy/opt/gz_cmake_vendor:/opt/ros/jazzy'}), 'shell': False}
[59.118995] (rplidar_ros) StdoutLine: {'line': b'-- Install configuration: ""\n'}
[59.119316] (rplidar_ros) StdoutLine: {'line': b'-- Installing: /home/webotpi/ros2_ws/install/rplidar_ros/share/rplidar_ros/launch\n'}
[59.119445] (rplidar_ros) StdoutLine: {'line': b'-- Installing: /home/webotpi/ros2_ws/install/rplidar_ros/share/rplidar_ros/launch/rplidar_c1_launch.py\n'}
[59.125838] (rplidar_ros) StdoutLine: {'line': b'-- Installing: /home/webotpi/ros2_ws/install/rplidar_ros/share/rplidar_ros/launch/view_rplidar_a2m8_launch.py\n'}
[59.126282] (rplidar_ros) StdoutLine: {'line': b'-- Installing: /home/webotpi/ros2_ws/install/rplidar_ros/share/rplidar_ros/launch/rplidar_s3_launch.py\n'}
[59.126994] (rplidar_ros) StdoutLine: {'line': b'-- Installing: /home/webotpi/ros2_ws/install/rplidar_ros/share/rplidar_ros/launch/view_rplidar_a3_launch.py\n'}
[59.127426] (rplidar_ros) StdoutLine: {'line': b'-- Installing: /home/webotpi/ros2_ws/install/rplidar_ros/share/rplidar_ros/launch/view_rplidar_a2m12_launch.py\n'}
[59.127822] (rplidar_ros) StdoutLine: {'line': b'-- Installing: /home/webotpi/ros2_ws/install/rplidar_ros/share/rplidar_ros/launch/rplidar_a3_launch.py\n'}
[59.129732] (rplidar_ros) StdoutLine: {'line': b'-- Installing: /home/webotpi/ros2_ws/install/rplidar_ros/share/rplidar_ros/launch/view_rplidar_s3_launch.py\n'}
[59.130161] (rplidar_ros) StdoutLine: {'line': b'-- Installing: /home/webotpi/ros2_ws/install/rplidar_ros/share/rplidar_ros/launch/view_rplidar_c1_launch.py\n'}
[59.131297] (rplidar_ros) StdoutLine: {'line': b'-- Installing: /home/webotpi/ros2_ws/install/rplidar_ros/share/rplidar_ros/launch/rplidar_a1_launch.py\n'}
[59.132852] (rplidar_ros) StdoutLine: {'line': b'-- Installing: /home/webotpi/ros2_ws/install/rplidar_ros/share/rplidar_ros/launch/view_rplidar_s1_launch.py\n'}
[59.133333] (rplidar_ros) StdoutLine: {'line': b'-- Installing: /home/webotpi/ros2_ws/install/rplidar_ros/share/rplidar_ros/launch/rplidar_s2_launch.py\n'}
[59.134017] (rplidar_ros) StdoutLine: {'line': b'-- Installing: /home/webotpi/ros2_ws/install/rplidar_ros/share/rplidar_ros/launch/view_rplidar_a2m7_launch.py\n'}
[59.134859] (rplidar_ros) StdoutLine: {'line': b'-- Installing: /home/webotpi/ros2_ws/install/rplidar_ros/share/rplidar_ros/launch/rplidar_a2m7_launch.py\n'}
[59.136420] (rplidar_ros) StdoutLine: {'line': b'-- Installing: /home/webotpi/ros2_ws/install/rplidar_ros/share/rplidar_ros/launch/view_rplidar_s1_tcp_launch.py\n'}
[59.137369] (rplidar_ros) StdoutLine: {'line': b'-- Installing: /home/webotpi/ros2_ws/install/rplidar_ros/share/rplidar_ros/launch/view_rplidar_t1_launch.py\n'}
[59.138122] (rplidar_ros) StdoutLine: {'line': b'-- Installing: /home/webotpi/ros2_ws/install/rplidar_ros/share/rplidar_ros/launch/view_rplidar_a1_launch.py\n'}
[59.139716] (rplidar_ros) StdoutLine: {'line': b'-- Installing: /home/webotpi/ros2_ws/install/rplidar_ros/share/rplidar_ros/launch/view_rplidar_s2_launch.py\n'}
[59.140585] (rplidar_ros) StdoutLine: {'line': b'-- Installing: /home/webotpi/ros2_ws/install/rplidar_ros/share/rplidar_ros/launch/rplidar_s2e_launch.py\n'}
[59.141496] (rplidar_ros) StdoutLine: {'line': b'-- Installing: /home/webotpi/ros2_ws/install/rplidar_ros/share/rplidar_ros/launch/view_rplidar_s2e_launch.py\n'}
[59.142110] (rplidar_ros) StdoutLine: {'line': b'-- Installing: /home/webotpi/ros2_ws/install/rplidar_ros/share/rplidar_ros/launch/rplidar_a2m12_launch.py\n'}
[59.142338] (-) TimerEvent: {}
[59.143175] (rplidar_ros) StdoutLine: {'line': b'-- Installing: /home/webotpi/ros2_ws/install/rplidar_ros/share/rplidar_ros/launch/rplidar_a2m8_launch.py\n'}
[59.144331] (rplidar_ros) StdoutLine: {'line': b'-- Installing: /home/webotpi/ros2_ws/install/rplidar_ros/share/rplidar_ros/launch/rplidar_s1_tcp_launch.py\n'}
[59.145285] (rplidar_ros) StdoutLine: {'line': b'-- Installing: /home/webotpi/ros2_ws/install/rplidar_ros/share/rplidar_ros/launch/rplidar_s1_launch.py\n'}
[59.146340] (rplidar_ros) StdoutLine: {'line': b'-- Installing: /home/webotpi/ros2_ws/install/rplidar_ros/share/rplidar_ros/launch/rplidar_t1_launch.py\n'}
[59.146893] (rplidar_ros) StdoutLine: {'line': b'-- Installing: /home/webotpi/ros2_ws/install/rplidar_ros/share/rplidar_ros/rviz\n'}
[59.148106] (rplidar_ros) StdoutLine: {'line': b'-- Installing: /home/webotpi/ros2_ws/install/rplidar_ros/share/rplidar_ros/rviz/rplidar_ros.rviz\n'}
[59.151478] (rplidar_ros) StdoutLine: {'line': b'-- Installing: /home/webotpi/ros2_ws/install/rplidar_ros/lib/rplidar_ros/rplidar_node\n'}
[59.157775] (rplidar_ros) StdoutLine: {'line': b'-- Set non-toolchain portion of runtime path of "/home/webotpi/ros2_ws/install/rplidar_ros/lib/rplidar_ros/rplidar_node" to ""\n'}
[59.158099] (rplidar_ros) StdoutLine: {'line': b'-- Installing: /home/webotpi/ros2_ws/install/rplidar_ros/lib/rplidar_ros/rplidar_composition\n'}
[59.162151] (rplidar_ros) StdoutLine: {'line': b'-- Set non-toolchain portion of runtime path of "/home/webotpi/ros2_ws/install/rplidar_ros/lib/rplidar_ros/rplidar_composition" to ""\n'}
[59.162367] (rplidar_ros) StdoutLine: {'line': b'-- Installing: /home/webotpi/ros2_ws/install/rplidar_ros/lib/rplidar_ros/rplidar_client\n'}
[59.171215] (rplidar_ros) StdoutLine: {'line': b'-- Set non-toolchain portion of runtime path of "/home/webotpi/ros2_ws/install/rplidar_ros/lib/rplidar_ros/rplidar_client" to ""\n'}
[59.171743] (rplidar_ros) StdoutLine: {'line': b'-- Installing: /home/webotpi/ros2_ws/install/rplidar_ros/share/ament_index/resource_index/package_run_dependencies/rplidar_ros\n'}
[59.171902] (rplidar_ros) StdoutLine: {'line': b'-- Installing: /home/webotpi/ros2_ws/install/rplidar_ros/share/ament_index/resource_index/parent_prefix_path/rplidar_ros\n'}
[59.172768] (rplidar_ros) StdoutLine: {'line': b'-- Installing: /home/webotpi/ros2_ws/install/rplidar_ros/share/rplidar_ros/environment/ament_prefix_path.sh\n'}
[59.172988] (rplidar_ros) StdoutLine: {'line': b'-- Installing: /home/webotpi/ros2_ws/install/rplidar_ros/share/rplidar_ros/environment/ament_prefix_path.dsv\n'}
[59.173110] (rplidar_ros) StdoutLine: {'line': b'-- Installing: /home/webotpi/ros2_ws/install/rplidar_ros/share/rplidar_ros/environment/path.sh\n'}
[59.173315] (rplidar_ros) StdoutLine: {'line': b'-- Installing: /home/webotpi/ros2_ws/install/rplidar_ros/share/rplidar_ros/environment/path.dsv\n'}
[59.173479] (rplidar_ros) StdoutLine: {'line': b'-- Installing: /home/webotpi/ros2_ws/install/rplidar_ros/share/rplidar_ros/local_setup.bash\n'}
[59.173567] (rplidar_ros) StdoutLine: {'line': b'-- Installing: /home/webotpi/ros2_ws/install/rplidar_ros/share/rplidar_ros/local_setup.sh\n'}
[59.173701] (rplidar_ros) StdoutLine: {'line': b'-- Installing: /home/webotpi/ros2_ws/install/rplidar_ros/share/rplidar_ros/local_setup.zsh\n'}
[59.173829] (rplidar_ros) StdoutLine: {'line': b'-- Installing: /home/webotpi/ros2_ws/install/rplidar_ros/share/rplidar_ros/local_setup.dsv\n'}
[59.173950] (rplidar_ros) StdoutLine: {'line': b'-- Installing: /home/webotpi/ros2_ws/install/rplidar_ros/share/rplidar_ros/package.dsv\n'}
[59.174170] (rplidar_ros) StdoutLine: {'line': b'-- Installing: /home/webotpi/ros2_ws/install/rplidar_ros/share/ament_index/resource_index/packages/rplidar_ros\n'}
[59.174405] (rplidar_ros) StdoutLine: {'line': b'-- Installing: /home/webotpi/ros2_ws/install/rplidar_ros/share/rplidar_ros/cmake/ament_cmake_export_dependencies-extras.cmake\n'}
[59.174587] (rplidar_ros) StdoutLine: {'line': b'-- Installing: /home/webotpi/ros2_ws/install/rplidar_ros/share/rplidar_ros/cmake/ament_cmake_export_include_directories-extras.cmake\n'}
[59.174746] (rplidar_ros) StdoutLine: {'line': b'-- Installing: /home/webotpi/ros2_ws/install/rplidar_ros/share/rplidar_ros/cmake/rplidar_rosConfig.cmake\n'}
[59.174873] (rplidar_ros) StdoutLine: {'line': b'-- Installing: /home/webotpi/ros2_ws/install/rplidar_ros/share/rplidar_ros/cmake/rplidar_rosConfig-version.cmake\n'}
[59.175033] (rplidar_ros) StdoutLine: {'line': b'-- Installing: /home/webotpi/ros2_ws/install/rplidar_ros/share/rplidar_ros/package.xml\n'}
[59.177653] (rplidar_ros) CommandEnded: {'returncode': 0}
[59.199470] (rplidar_ros) JobEnded: {'identifier': 'rplidar_ros', 'rc': 0}
[59.242498] (-) TimerEvent: {}
[59.342898] (-) TimerEvent: {}
[59.443289] (-) TimerEvent: {}
[59.543598] (-) TimerEvent: {}
[59.643883] (-) TimerEvent: {}
[59.744141] (-) TimerEvent: {}
[59.844434] (-) TimerEvent: {}
[59.944724] (-) TimerEvent: {}
[60.045083] (-) TimerEvent: {}
[60.145333] (-) TimerEvent: {}
[60.245566] (-) TimerEvent: {}
[60.345821] (-) TimerEvent: {}
[60.446072] (-) TimerEvent: {}
[60.546346] (-) TimerEvent: {}
[60.646595] (-) TimerEvent: {}
[60.746842] (-) TimerEvent: {}
[60.847131] (-) TimerEvent: {}
[60.947368] (-) TimerEvent: {}
[61.047604] (-) TimerEvent: {}
[61.147847] (-) TimerEvent: {}
[61.248095] (-) TimerEvent: {}
[61.348325] (-) TimerEvent: {}
[61.448651] (-) TimerEvent: {}
[61.549157] (-) TimerEvent: {}
[61.649632] (-) TimerEvent: {}
[61.750033] (-) TimerEvent: {}
[61.850301] (-) TimerEvent: {}
[61.950548] (-) TimerEvent: {}
[62.051045] (-) TimerEvent: {}
[62.151551] (-) TimerEvent: {}
[62.251797] (-) TimerEvent: {}
[62.352041] (-) TimerEvent: {}
[62.452300] (-) TimerEvent: {}
[62.552553] (-) TimerEvent: {}
[62.652815] (-) TimerEvent: {}
[62.753065] (-) TimerEvent: {}
[62.853365] (-) TimerEvent: {}
[62.953726] (-) TimerEvent: {}
[63.053966] (-) TimerEvent: {}
[63.154205] (-) TimerEvent: {}
[63.254469] (-) TimerEvent: {}
[63.354743] (-) TimerEvent: {}
[63.455024] (-) TimerEvent: {}
[63.555323] (-) TimerEvent: {}
[63.655561] (-) TimerEvent: {}
[63.755801] (-) TimerEvent: {}
[63.856059] (-) TimerEvent: {}
[63.956361] (-) TimerEvent: {}
[64.056634] (-) TimerEvent: {}
[64.156899] (-) TimerEvent: {}
[64.257143] (-) TimerEvent: {}
[64.357397] (-) TimerEvent: {}
[64.457634] (-) TimerEvent: {}
[64.557854] (-) TimerEvent: {}
[64.658063] (-) TimerEvent: {}
[64.758340] (-) TimerEvent: {}
[64.858658] (-) TimerEvent: {}
[64.958900] (-) TimerEvent: {}
[65.059137] (-) TimerEvent: {}
[65.159386] (-) TimerEvent: {}
[65.259652] (-) TimerEvent: {}
[65.359902] (-) TimerEvent: {}
[65.460158] (-) TimerEvent: {}
[65.560372] (-) TimerEvent: {}
[65.660589] (-) TimerEvent: {}
[65.760809] (-) TimerEvent: {}
[65.861591] (-) TimerEvent: {}
[65.961849] (-) TimerEvent: {}
[66.062449] (-) TimerEvent: {}
[66.162984] (-) TimerEvent: {}
[66.265654] (-) TimerEvent: {}
[66.366311] (-) TimerEvent: {}
[66.466627] (-) TimerEvent: {}
[66.566932] (-) TimerEvent: {}
[66.667187] (-) TimerEvent: {}
[66.767455] (-) TimerEvent: {}
[66.867708] (-) TimerEvent: {}
[66.967970] (-) TimerEvent: {}
[67.068222] (-) TimerEvent: {}
[67.168473] (-) TimerEvent: {}
[67.268705] (-) TimerEvent: {}
[67.368926] (-) TimerEvent: {}
[67.469160] (-) TimerEvent: {}
[67.569448] (-) TimerEvent: {}
[67.669739] (-) TimerEvent: {}
[67.769992] (-) TimerEvent: {}
[67.870303] (-) TimerEvent: {}
[67.970769] (-) TimerEvent: {}
[68.071106] (-) TimerEvent: {}
[68.171341] (-) TimerEvent: {}
[68.271605] (-) TimerEvent: {}
[68.371869] (-) TimerEvent: {}
[68.472091] (-) TimerEvent: {}
[68.572314] (-) TimerEvent: {}
[68.672546] (-) TimerEvent: {}
[68.772818] (-) TimerEvent: {}
[68.873074] (-) TimerEvent: {}
[68.973461] (-) TimerEvent: {}
[69.073800] (-) TimerEvent: {}
[69.174065] (-) TimerEvent: {}
[69.274329] (-) TimerEvent: {}
[69.374565] (-) TimerEvent: {}
[69.474801] (-) TimerEvent: {}
[69.575044] (-) TimerEvent: {}
[69.675311] (-) TimerEvent: {}
[69.775534] (-) TimerEvent: {}
[69.875772] (-) TimerEvent: {}
[69.976024] (-) TimerEvent: {}
[70.076286] (-) TimerEvent: {}
[70.176535] (-) TimerEvent: {}
[70.276782] (-) TimerEvent: {}
[70.377019] (-) TimerEvent: {}
[70.478643] (-) TimerEvent: {}
[70.579349] (-) TimerEvent: {}
[70.679581] (-) TimerEvent: {}
[70.779829] (-) TimerEvent: {}
[70.880129] (-) TimerEvent: {}
[70.980430] (-) TimerEvent: {}
[71.080722] (-) TimerEvent: {}
[71.196012] (-) TimerEvent: {}
[71.296520] (-) TimerEvent: {}
[71.397039] (-) TimerEvent: {}
[71.497345] (-) TimerEvent: {}
[71.597661] (-) TimerEvent: {}
[71.698018] (-) TimerEvent: {}
[71.798371] (-) TimerEvent: {}
[71.898660] (-) TimerEvent: {}
[71.998888] (-) TimerEvent: {}
[72.099140] (-) TimerEvent: {}
[72.199386] (-) TimerEvent: {}
[72.299653] (-) TimerEvent: {}
[72.399929] (-) TimerEvent: {}
[72.500169] (-) TimerEvent: {}
[72.600444] (-) TimerEvent: {}
[72.700693] (-) TimerEvent: {}
[72.800936] (-) TimerEvent: {}
[72.901161] (-) TimerEvent: {}
[73.001408] (-) TimerEvent: {}
[73.101631] (-) TimerEvent: {}
[73.201847] (-) TimerEvent: {}
[73.302104] (-) TimerEvent: {}
[73.402473] (-) TimerEvent: {}
[73.502700] (-) TimerEvent: {}
[73.602917] (-) TimerEvent: {}
[73.703152] (-) TimerEvent: {}
[73.803589] (-) TimerEvent: {}
[73.904093] (-) TimerEvent: {}
[74.004434] (-) TimerEvent: {}
[74.104942] (-) TimerEvent: {}
[74.205283] (-) TimerEvent: {}
[74.305505] (-) TimerEvent: {}
[74.405733] (-) TimerEvent: {}
[74.506048] (-) TimerEvent: {}
[74.606320] (-) TimerEvent: {}
[74.706557] (-) TimerEvent: {}
[74.806780] (-) TimerEvent: {}
[74.907025] (-) TimerEvent: {}
[75.007305] (-) TimerEvent: {}
[75.107605] (-) TimerEvent: {}
[75.207836] (-) TimerEvent: {}
[75.308069] (-) TimerEvent: {}
[75.408394] (-) TimerEvent: {}
[75.508878] (-) TimerEvent: {}
[75.609107] (-) TimerEvent: {}
[75.709385] (-) TimerEvent: {}
[75.809697] (-) TimerEvent: {}
[75.909942] (-) TimerEvent: {}
[76.010176] (-) TimerEvent: {}
[76.110434] (-) TimerEvent: {}
[76.210808] (-) TimerEvent: {}
[76.311613] (-) TimerEvent: {}
[76.412318] (-) TimerEvent: {}
[76.512704] (-) TimerEvent: {}
[76.612942] (-) TimerEvent: {}
[76.713380] (-) TimerEvent: {}
[76.813775] (-) TimerEvent: {}
[76.914059] (-) TimerEvent: {}
[77.014366] (-) TimerEvent: {}
[77.114616] (-) TimerEvent: {}
[77.214852] (-) TimerEvent: {}
[77.315159] (-) TimerEvent: {}
[77.415484] (-) TimerEvent: {}
[77.515729] (-) TimerEvent: {}
[77.615966] (-) TimerEvent: {}
[77.716212] (-) TimerEvent: {}
[77.816479] (-) TimerEvent: {}
[77.916702] (-) TimerEvent: {}
[78.016941] (-) TimerEvent: {}
[78.117191] (-) TimerEvent: {}
[78.217697] (-) TimerEvent: {}
[78.318233] (-) TimerEvent: {}
[78.418512] (-) TimerEvent: {}
[78.518760] (-) TimerEvent: {}
[78.619079] (-) TimerEvent: {}
[78.719407] (-) TimerEvent: {}
[78.819812] (-) TimerEvent: {}
[78.920274] (-) TimerEvent: {}
[79.020807] (-) TimerEvent: {}
[79.121317] (-) TimerEvent: {}
[79.221569] (-) TimerEvent: {}
[79.321799] (-) TimerEvent: {}
[79.422039] (-) TimerEvent: {}
[79.522293] (-) TimerEvent: {}
[79.622533] (-) TimerEvent: {}
[79.722763] (-) TimerEvent: {}
[79.822984] (-) TimerEvent: {}
[79.923226] (-) TimerEvent: {}
[80.023493] (-) TimerEvent: {}
[80.123735] (-) TimerEvent: {}
[80.224006] (-) TimerEvent: {}
[80.324232] (-) TimerEvent: {}
[80.424491] (-) TimerEvent: {}
[80.524743] (-) TimerEvent: {}
[80.624972] (-) TimerEvent: {}
[80.725205] (-) TimerEvent: {}
[80.825452] (-) TimerEvent: {}
[80.925695] (-) TimerEvent: {}
[81.025913] (-) TimerEvent: {}
[81.126357] (-) TimerEvent: {}
[81.226738] (-) TimerEvent: {}
[81.327006] (-) TimerEvent: {}
[81.427318] (-) TimerEvent: {}
[81.527574] (-) TimerEvent: {}
[81.627834] (-) TimerEvent: {}
[81.728141] (-) TimerEvent: {}
[81.828427] (-) TimerEvent: {}
[81.928667] (-) TimerEvent: {}
[82.028907] (-) TimerEvent: {}
[82.129362] (-) TimerEvent: {}
[82.229691] (-) TimerEvent: {}
[82.329921] (-) TimerEvent: {}
[82.430193] (-) TimerEvent: {}
[82.530477] (-) TimerEvent: {}
[82.630771] (-) TimerEvent: {}
[82.731055] (-) TimerEvent: {}
[82.831307] (-) TimerEvent: {}
[82.931567] (-) TimerEvent: {}
[83.031892] (-) TimerEvent: {}
[83.132385] (-) TimerEvent: {}
[83.232669] (-) TimerEvent: {}
[83.332930] (-) TimerEvent: {}
[83.433176] (-) TimerEvent: {}
[83.533434] (-) TimerEvent: {}
[83.633669] (-) TimerEvent: {}
[83.733937] (-) TimerEvent: {}
[83.834181] (-) TimerEvent: {}
[83.934446] (-) TimerEvent: {}
[84.035355] (-) TimerEvent: {}
[84.135863] (-) TimerEvent: {}
[84.236171] (-) TimerEvent: {}
[84.336479] (-) TimerEvent: {}
[84.436749] (-) TimerEvent: {}
[84.537182] (-) TimerEvent: {}
[84.637419] (-) TimerEvent: {}
[84.737651] (-) TimerEvent: {}
[84.837902] (-) TimerEvent: {}
[84.938180] (-) TimerEvent: {}
[85.038478] (-) TimerEvent: {}
[85.138720] (-) TimerEvent: {}
[85.238988] (-) TimerEvent: {}
[85.339244] (-) TimerEvent: {}
[85.439495] (-) TimerEvent: {}
[85.539727] (-) TimerEvent: {}
[85.639967] (-) TimerEvent: {}
[85.740195] (-) TimerEvent: {}
[85.840438] (-) TimerEvent: {}
[85.940680] (-) TimerEvent: {}
[86.040917] (-) TimerEvent: {}
[86.141148] (-) TimerEvent: {}
[86.241359] (-) TimerEvent: {}
[86.341597] (-) TimerEvent: {}
[86.441837] (-) TimerEvent: {}
[86.542078] (-) TimerEvent: {}
[86.642332] (-) TimerEvent: {}
[86.742552] (-) TimerEvent: {}
[86.842789] (-) TimerEvent: {}
[86.943040] (-) TimerEvent: {}
[87.043293] (-) TimerEvent: {}
[87.143660] (-) TimerEvent: {}
[87.244053] (-) TimerEvent: {}
[87.344449] (-) TimerEvent: {}
[87.444792] (-) TimerEvent: {}
[87.545063] (-) TimerEvent: {}
[87.645324] (-) TimerEvent: {}
[87.745574] (-) TimerEvent: {}
[87.845822] (-) TimerEvent: {}
[87.946064] (-) TimerEvent: {}
[88.046333] (-) TimerEvent: {}
[88.146610] (-) TimerEvent: {}
[88.246853] (-) TimerEvent: {}
[88.347102] (-) TimerEvent: {}
[88.447382] (-) TimerEvent: {}
[88.547648] (-) TimerEvent: {}
[88.647930] (-) TimerEvent: {}
[88.748170] (-) TimerEvent: {}
[88.848473] (-) TimerEvent: {}
[88.948717] (-) TimerEvent: {}
[89.048983] (-) TimerEvent: {}
[89.149261] (-) TimerEvent: {}
[89.249740] (-) TimerEvent: {}
[89.350159] (-) TimerEvent: {}
[89.450448] (-) TimerEvent: {}
[89.550957] (-) TimerEvent: {}
[89.651559] (-) TimerEvent: {}
[89.751920] (-) TimerEvent: {}
[89.852278] (-) TimerEvent: {}
[89.952618] (-) TimerEvent: {}
[90.052945] (-) TimerEvent: {}
[90.153343] (-) TimerEvent: {}
[90.253630] (-) TimerEvent: {}
[90.354317] (-) TimerEvent: {}
[90.454867] (-) TimerEvent: {}
[90.555100] (-) TimerEvent: {}
[90.655349] (-) TimerEvent: {}
[90.755603] (-) TimerEvent: {}
[90.855865] (-) TimerEvent: {}
[90.956105] (-) TimerEvent: {}
[91.056330] (-) TimerEvent: {}
[91.156581] (-) TimerEvent: {}
[91.256815] (-) TimerEvent: {}
[91.357058] (-) TimerEvent: {}
[91.457310] (-) TimerEvent: {}
[91.557544] (-) TimerEvent: {}
[91.657767] (-) TimerEvent: {}
[91.757985] (-) TimerEvent: {}
[91.858211] (-) TimerEvent: {}
[91.958480] (-) TimerEvent: {}
[92.058729] (-) TimerEvent: {}
[92.158960] (-) TimerEvent: {}
[92.259187] (-) TimerEvent: {}
[92.359443] (-) TimerEvent: {}
[92.459667] (-) TimerEvent: {}
[92.559896] (-) TimerEvent: {}
[92.660156] (-) TimerEvent: {}
[92.760449] (-) TimerEvent: {}
[92.860674] (-) TimerEvent: {}
[92.960963] (-) TimerEvent: {}
[93.061300] (-) TimerEvent: {}
[93.161552] (-) TimerEvent: {}
[93.261796] (-) TimerEvent: {}
[93.362028] (-) TimerEvent: {}
[93.462309] (-) TimerEvent: {}
[93.562571] (-) TimerEvent: {}
[93.662821] (-) TimerEvent: {}
[93.763053] (-) TimerEvent: {}
[93.863310] (-) TimerEvent: {}
[93.963620] (-) TimerEvent: {}
[94.063882] (-) TimerEvent: {}
[94.164116] (-) TimerEvent: {}
[94.264364] (-) TimerEvent: {}
[94.364631] (-) TimerEvent: {}
[94.464891] (-) TimerEvent: {}
[94.565143] (-) TimerEvent: {}
[94.665410] (-) TimerEvent: {}
[94.765665] (-) TimerEvent: {}
[94.866225] (-) TimerEvent: {}
[94.966751] (-) TimerEvent: {}
[95.067389] (-) TimerEvent: {}
[95.168800] (-) TimerEvent: {}
[95.269279] (-) TimerEvent: {}
[95.369532] (-) TimerEvent: {}
[95.469780] (-) TimerEvent: {}
[95.570076] (-) TimerEvent: {}
[95.670360] (-) TimerEvent: {}
[95.770840] (-) TimerEvent: {}
[95.871311] (-) TimerEvent: {}
[95.971549] (-) TimerEvent: {}
[96.071789] (-) TimerEvent: {}
[96.172030] (-) TimerEvent: {}
[96.272266] (-) TimerEvent: {}
[96.372513] (-) TimerEvent: {}
[96.472843] (-) TimerEvent: {}
[96.573094] (-) TimerEvent: {}
[96.673334] (-) TimerEvent: {}
[96.773619] (-) TimerEvent: {}
[96.874010] (-) TimerEvent: {}
[96.974478] (-) TimerEvent: {}
[97.074845] (-) TimerEvent: {}
[97.175177] (-) TimerEvent: {}
[97.275577] (-) TimerEvent: {}
[97.375899] (-) TimerEvent: {}
[97.476239] (-) TimerEvent: {}
[97.576681] (-) TimerEvent: {}
[97.677012] (-) TimerEvent: {}
[97.777332] (-) TimerEvent: {}
[97.877692] (-) TimerEvent: {}
[97.977999] (-) TimerEvent: {}
[98.078320] (-) TimerEvent: {}
[98.178569] (-) TimerEvent: {}
[98.278845] (-) TimerEvent: {}
[98.379147] (-) TimerEvent: {}
[98.479376] (-) TimerEvent: {}
[98.579632] (-) TimerEvent: {}
[98.679879] (-) TimerEvent: {}
[98.780133] (-) TimerEvent: {}
[98.880392] (-) TimerEvent: {}
[98.980643] (-) TimerEvent: {}
[99.080884] (-) TimerEvent: {}
[99.181131] (-) TimerEvent: {}
[99.281359] (-) TimerEvent: {}
[99.381608] (-) TimerEvent: {}
[99.481868] (-) TimerEvent: {}
[99.582119] (-) TimerEvent: {}
[99.682342] (-) TimerEvent: {}
[99.782580] (-) TimerEvent: {}
[99.883001] (-) TimerEvent: {}
[99.983346] (-) TimerEvent: {}
[100.083600] (-) TimerEvent: {}
[100.183877] (-) TimerEvent: {}
[100.284123] (-) TimerEvent: {}
[100.384357] (-) TimerEvent: {}
[100.484580] (-) TimerEvent: {}
[100.584829] (-) TimerEvent: {}
[100.685134] (-) TimerEvent: {}
[100.785415] (-) TimerEvent: {}
[100.885652] (-) TimerEvent: {}
[100.985887] (-) TimerEvent: {}
[101.086153] (-) TimerEvent: {}
[101.186464] (-) TimerEvent: {}
[101.286696] (-) TimerEvent: {}
[101.386925] (-) TimerEvent: {}
[101.487151] (-) TimerEvent: {}
[101.587544] (-) TimerEvent: {}
[101.688054] (-) TimerEvent: {}
[101.788348] (-) TimerEvent: {}
[101.888603] (-) TimerEvent: {}
[101.988886] (-) TimerEvent: {}
[102.089129] (-) TimerEvent: {}
[102.189369] (-) TimerEvent: {}
[102.289635] (-) TimerEvent: {}
[102.389914] (-) TimerEvent: {}
[102.490151] (-) TimerEvent: {}
[102.590426] (-) TimerEvent: {}
[102.690682] (-) TimerEvent: {}
[102.790934] (-) TimerEvent: {}
[102.891158] (-) TimerEvent: {}
[102.991405] (-) TimerEvent: {}
[103.091660] (-) TimerEvent: {}
[103.191913] (-) TimerEvent: {}
[103.292137] (-) TimerEvent: {}
[103.392354] (-) TimerEvent: {}
[103.492582] (-) TimerEvent: {}
[103.593006] (-) TimerEvent: {}
[103.693324] (-) TimerEvent: {}
[103.793816] (-) TimerEvent: {}
[103.894353] (-) TimerEvent: {}
[103.994758] (-) TimerEvent: {}
[104.095060] (-) TimerEvent: {}
[104.195532] (-) TimerEvent: {}
[104.295801] (-) TimerEvent: {}
[104.396069] (-) TimerEvent: {}
[104.496341] (-) TimerEvent: {}
[104.596610] (-) TimerEvent: {}
[104.697069] (-) TimerEvent: {}
[104.797377] (-) TimerEvent: {}
[104.897627] (-) TimerEvent: {}
[104.997893] (-) TimerEvent: {}
[105.098145] (-) TimerEvent: {}
[105.198359] (-) TimerEvent: {}
[105.298592] (-) TimerEvent: {}
[105.398823] (-) TimerEvent: {}
[105.499055] (-) TimerEvent: {}
[105.599307] (-) TimerEvent: {}
[105.699554] (-) TimerEvent: {}
[105.799968] (-) TimerEvent: {}
[105.900303] (-) TimerEvent: {}
[106.000669] (-) TimerEvent: {}
[106.101050] (-) TimerEvent: {}
[106.201347] (-) TimerEvent: {}
[106.301579] (-) TimerEvent: {}
[106.401807] (-) TimerEvent: {}
[106.502058] (-) TimerEvent: {}
[106.602329] (-) TimerEvent: {}
[106.702634] (-) TimerEvent: {}
[106.802869] (-) TimerEvent: {}
[106.903101] (-) TimerEvent: {}
[107.003358] (-) TimerEvent: {}
[107.103857] (-) TimerEvent: {}
[107.204108] (-) TimerEvent: {}
[107.304350] (-) TimerEvent: {}
[107.404599] (-) TimerEvent: {}
[107.504849] (-) TimerEvent: {}
[107.605115] (-) TimerEvent: {}
[107.705378] (-) TimerEvent: {}
[107.805615] (-) TimerEvent: {}
[107.905823] (-) TimerEvent: {}
[108.006052] (-) TimerEvent: {}
[108.106303] (-) TimerEvent: {}
[108.206548] (-) TimerEvent: {}
[108.306996] (-) TimerEvent: {}
[108.407364] (-) TimerEvent: {}
[108.507620] (-) TimerEvent: {}
[108.607883] (-) TimerEvent: {}
[108.708126] (-) TimerEvent: {}
[108.808351] (-) TimerEvent: {}
[108.908604] (-) TimerEvent: {}
[109.009075] (-) TimerEvent: {}
[109.109481] (-) TimerEvent: {}
[109.209722] (-) TimerEvent: {}
[109.309959] (-) TimerEvent: {}
[109.410236] (-) TimerEvent: {}
[109.510549] (-) TimerEvent: {}
[109.610785] (-) TimerEvent: {}
[109.711040] (-) TimerEvent: {}
[109.811300] (-) TimerEvent: {}
[109.911524] (-) TimerEvent: {}
[110.011756] (-) TimerEvent: {}
[110.112005] (-) TimerEvent: {}
[110.212275] (-) TimerEvent: {}
[110.312516] (-) TimerEvent: {}
[110.412753] (-) TimerEvent: {}
[110.512983] (-) TimerEvent: {}
[110.613390] (-) TimerEvent: {}
[110.713883] (-) TimerEvent: {}
[110.814309] (-) TimerEvent: {}
[110.914684] (-) TimerEvent: {}
[111.014968] (-) TimerEvent: {}
[111.115235] (-) TimerEvent: {}
[111.215483] (-) TimerEvent: {}
[111.315707] (-) TimerEvent: {}
[111.415959] (-) TimerEvent: {}
[111.516217] (-) TimerEvent: {}
[111.616482] (-) TimerEvent: {}
[111.716749] (-) TimerEvent: {}
[111.817004] (-) TimerEvent: {}
[111.917233] (-) TimerEvent: {}
[112.017500] (-) TimerEvent: {}
[112.117754] (-) TimerEvent: {}
[112.218042] (-) TimerEvent: {}
[112.318332] (-) TimerEvent: {}
[112.418556] (-) TimerEvent: {}
[112.518808] (-) TimerEvent: {}
[112.619046] (-) TimerEvent: {}
[112.719414] (-) TimerEvent: {}
[112.819731] (-) TimerEvent: {}
[112.919995] (-) TimerEvent: {}
[113.020643] (-) TimerEvent: {}
[113.120894] (-) TimerEvent: {}
[113.221166] (-) TimerEvent: {}
[113.321428] (-) TimerEvent: {}
[113.421698] (-) TimerEvent: {}
[113.521959] (-) TimerEvent: {}
[113.622197] (-) TimerEvent: {}
[113.722643] (-) TimerEvent: {}
[113.822974] (-) TimerEvent: {}
[113.923221] (-) TimerEvent: {}
[114.023488] (-) TimerEvent: {}
[114.123750] (-) TimerEvent: {}
[114.223984] (-) TimerEvent: {}
[114.324215] (-) TimerEvent: {}
[114.424471] (-) TimerEvent: {}
[114.524712] (-) TimerEvent: {}
[114.624966] (-) TimerEvent: {}
[114.725173] (-) TimerEvent: {}
[114.825396] (-) TimerEvent: {}
[114.925635] (-) TimerEvent: {}
[115.025999] (-) TimerEvent: {}
[115.126340] (-) TimerEvent: {}
[115.226625] (-) TimerEvent: {}
[115.326910] (-) TimerEvent: {}
[115.427158] (-) TimerEvent: {}
[115.527415] (-) TimerEvent: {}
[115.627656] (-) TimerEvent: {}
[115.727927] (-) TimerEvent: {}
[115.828164] (-) TimerEvent: {}
[115.928414] (-) TimerEvent: {}
[116.028654] (-) TimerEvent: {}
[116.129033] (-) TimerEvent: {}
[116.229490] (-) TimerEvent: {}
[116.329673] (-) TimerEvent: {}
[116.429926] (-) TimerEvent: {}
[116.530225] (-) TimerEvent: {}
[116.630501] (-) TimerEvent: {}
[116.730897] (-) TimerEvent: {}
[116.831370] (-) TimerEvent: {}
[116.931718] (-) TimerEvent: {}
[117.032148] (-) TimerEvent: {}
[117.132819] (-) TimerEvent: {}
[117.233373] (-) TimerEvent: {}
[117.333667] (-) TimerEvent: {}
[117.433981] (-) TimerEvent: {}
[117.534322] (-) TimerEvent: {}
[117.634690] (-) TimerEvent: {}
[117.734964] (-) TimerEvent: {}
[117.835234] (-) TimerEvent: {}
[117.935517] (-) TimerEvent: {}
[118.035803] (-) TimerEvent: {}
[118.136196] (-) TimerEvent: {}
[118.236470] (-) TimerEvent: {}
[118.336712] (-) TimerEvent: {}
[118.437470] (-) TimerEvent: {}
[118.537723] (-) TimerEvent: {}
[118.637937] (-) TimerEvent: {}
[118.738168] (-) TimerEvent: {}
[118.838438] (-) TimerEvent: {}
[118.938852] (-) TimerEvent: {}
[119.040367] (-) TimerEvent: {}
[119.140602] (-) TimerEvent: {}
[119.240846] (-) TimerEvent: {}
[119.341099] (-) TimerEvent: {}
[119.441348] (-) TimerEvent: {}
[119.541600] (-) TimerEvent: {}
[119.641834] (-) TimerEvent: {}
[119.742061] (-) TimerEvent: {}
[119.842310] (-) TimerEvent: {}
[119.942550] (-) TimerEvent: {}
[120.042937] (-) TimerEvent: {}
[120.143330] (-) TimerEvent: {}
[120.243559] (-) TimerEvent: {}
[120.343802] (-) TimerEvent: {}
[120.444040] (-) TimerEvent: {}
[120.544286] (-) TimerEvent: {}
[120.644499] (-) TimerEvent: {}
[120.744711] (-) TimerEvent: {}
[120.844955] (-) TimerEvent: {}
[120.945422] (-) TimerEvent: {}
[121.045777] (-) TimerEvent: {}
[121.146084] (-) TimerEvent: {}
[121.246552] (-) TimerEvent: {}
[121.346791] (-) TimerEvent: {}
[121.447016] (-) TimerEvent: {}
[121.547274] (-) TimerEvent: {}
[121.647521] (-) TimerEvent: {}
[121.747759] (-) TimerEvent: {}
[121.847998] (-) TimerEvent: {}
[121.948239] (-) TimerEvent: {}
[122.048495] (-) TimerEvent: {}
[122.148741] (-) TimerEvent: {}
[122.248981] (-) TimerEvent: {}
[122.349240] (-) TimerEvent: {}
[122.449531] (-) TimerEvent: {}
[122.549847] (-) TimerEvent: {}
[122.650105] (-) TimerEvent: {}
[122.750350] (-) TimerEvent: {}
[122.850588] (-) TimerEvent: {}
[122.950896] (-) TimerEvent: {}
[123.051375] (-) TimerEvent: {}
[123.151864] (-) TimerEvent: {}
[123.252120] (-) TimerEvent: {}
[123.352361] (-) TimerEvent: {}
[123.452592] (-) TimerEvent: {}
[123.552837] (-) TimerEvent: {}
[123.653100] (-) TimerEvent: {}
[123.753349] (-) TimerEvent: {}
[123.854159] (-) TimerEvent: {}
[123.954620] (-) TimerEvent: {}
[124.054934] (-) TimerEvent: {}
[124.155208] (-) TimerEvent: {}
[124.255476] (-) TimerEvent: {}
[124.355728] (-) TimerEvent: {}
[124.455978] (-) TimerEvent: {}
[124.556244] (-) TimerEvent: {}
[124.656490] (-) TimerEvent: {}
[124.756728] (-) TimerEvent: {}
[124.856988] (-) TimerEvent: {}
[124.957239] (-) TimerEvent: {}
[125.057468] (-) TimerEvent: {}
[125.157688] (-) TimerEvent: {}
[125.257945] (-) TimerEvent: {}
[125.358173] (-) TimerEvent: {}
[125.458412] (-) TimerEvent: {}
[125.558681] (-) TimerEvent: {}
[125.658906] (-) TimerEvent: {}
[125.759135] (-) TimerEvent: {}
[125.859367] (-) TimerEvent: {}
[125.959843] (-) TimerEvent: {}
[126.060447] (-) TimerEvent: {}
[126.160752] (-) TimerEvent: {}
[126.261107] (-) TimerEvent: {}
[126.361424] (-) TimerEvent: {}
[126.461676] (-) TimerEvent: {}
[126.561924] (-) TimerEvent: {}
[126.662151] (-) TimerEvent: {}
[126.762422] (-) TimerEvent: {}
[126.862668] (-) TimerEvent: {}
[126.962974] (-) TimerEvent: {}
[127.063212] (-) TimerEvent: {}
[127.163473] (-) TimerEvent: {}
[127.263715] (-) TimerEvent: {}
[127.363938] (-) TimerEvent: {}
[127.464317] (-) TimerEvent: {}
[127.564556] (-) TimerEvent: {}
[127.664776] (-) TimerEvent: {}
[127.764998] (-) TimerEvent: {}
[127.865369] (-) TimerEvent: {}
[127.965953] (-) TimerEvent: {}
[128.066554] (-) TimerEvent: {}
[128.166844] (-) TimerEvent: {}
[128.267169] (-) TimerEvent: {}
[128.367437] (-) TimerEvent: {}
[128.467666] (-) TimerEvent: {}
[128.567898] (-) TimerEvent: {}
[128.668154] (-) TimerEvent: {}
[128.768441] (-) TimerEvent: {}
[128.868694] (-) TimerEvent: {}
[128.968961] (-) TimerEvent: {}
[129.069227] (-) TimerEvent: {}
[129.169694] (-) TimerEvent: {}
[129.270045] (-) TimerEvent: {}
[129.370419] (-) TimerEvent: {}
[129.470651] (-) TimerEvent: {}
[129.570884] (-) TimerEvent: {}
[129.671123] (-) TimerEvent: {}
[129.771376] (-) TimerEvent: {}
[129.871620] (-) TimerEvent: {}
[129.972136] (-) TimerEvent: {}
[130.072649] (-) TimerEvent: {}
[130.173033] (-) TimerEvent: {}
[130.273452] (-) TimerEvent: {}
[130.373789] (-) TimerEvent: {}
[130.474171] (-) TimerEvent: {}
[130.574451] (-) TimerEvent: {}
[130.674772] (-) TimerEvent: {}
[130.775044] (-) TimerEvent: {}
[130.875310] (-) TimerEvent: {}
[130.975564] (-) TimerEvent: {}
[131.075801] (-) TimerEvent: {}
[131.176110] (-) TimerEvent: {}
[131.276378] (-) TimerEvent: {}
[131.376623] (-) TimerEvent: {}
[131.476878] (-) TimerEvent: {}
[131.577127] (-) TimerEvent: {}
[131.677382] (-) TimerEvent: {}
[131.777651] (-) TimerEvent: {}
[131.878030] (-) TimerEvent: {}
[131.978497] (-) TimerEvent: {}
[132.078714] (-) TimerEvent: {}
[132.178941] (-) TimerEvent: {}
[132.279201] (-) TimerEvent: {}
[132.379581] (-) TimerEvent: {}
[132.482671] (-) TimerEvent: {}
[132.583371] (-) TimerEvent: {}
[132.683652] (-) TimerEvent: {}
[132.783921] (-) TimerEvent: {}
[132.884178] (-) TimerEvent: {}
[132.984482] (-) TimerEvent: {}
[133.084741] (-) TimerEvent: {}
[133.184990] (-) TimerEvent: {}
[133.285214] (-) TimerEvent: {}
[133.385453] (-) TimerEvent: {}
[133.485686] (-) TimerEvent: {}
[133.585933] (-) TimerEvent: {}
[133.686168] (-) TimerEvent: {}
[133.786443] (-) TimerEvent: {}
[133.886678] (-) TimerEvent: {}
[133.986905] (-) TimerEvent: {}
[134.087142] (-) TimerEvent: {}
[134.187560] (-) TimerEvent: {}
[134.288038] (-) TimerEvent: {}
[134.388276] (-) TimerEvent: {}
[134.488501] (-) TimerEvent: {}
[134.588726] (-) TimerEvent: {}
[134.688951] (-) TimerEvent: {}
[134.789376] (-) TimerEvent: {}
[134.889844] (-) TimerEvent: {}
[134.991089] (-) TimerEvent: {}
[135.091929] (-) TimerEvent: {}
[135.192198] (-) TimerEvent: {}
[135.292477] (-) TimerEvent: {}
[135.392713] (-) TimerEvent: {}
[135.492948] (-) TimerEvent: {}
[135.593197] (-) TimerEvent: {}
[135.693467] (-) TimerEvent: {}
[135.793753] (-) TimerEvent: {}
[135.894025] (-) TimerEvent: {}
[135.994337] (-) TimerEvent: {}
[136.094582] (-) TimerEvent: {}
[136.194834] (-) TimerEvent: {}
[136.295235] (-) TimerEvent: {}
[136.395633] (-) TimerEvent: {}
[136.495882] (-) TimerEvent: {}
[136.596114] (-) TimerEvent: {}
[136.696364] (-) TimerEvent: {}
[136.796728] (-) TimerEvent: {}
[136.897117] (-) TimerEvent: {}
[136.997386] (-) TimerEvent: {}
[137.098561] (-) TimerEvent: {}
[137.199024] (-) TimerEvent: {}
[137.299680] (-) TimerEvent: {}
[137.400115] (-) TimerEvent: {}
[137.500484] (-) TimerEvent: {}
[137.600900] (-) TimerEvent: {}
[137.701310] (-) TimerEvent: {}
[137.801878] (-) TimerEvent: {}
[137.902309] (-) TimerEvent: {}
[138.002571] (-) TimerEvent: {}
[138.103894] (-) TimerEvent: {}
[138.204657] (-) TimerEvent: {}
[138.304882] (-) TimerEvent: {}
[138.405151] (-) TimerEvent: {}
[138.505458] (-) TimerEvent: {}
[138.605757] (-) TimerEvent: {}
[138.706009] (-) TimerEvent: {}
[138.806230] (-) TimerEvent: {}
[138.906494] (-) TimerEvent: {}
[139.006766] (-) TimerEvent: {}
[139.107059] (-) TimerEvent: {}
[139.207319] (-) TimerEvent: {}
[139.307549] (-) TimerEvent: {}
[139.320207] (deptrum-ros-driver-aurora930) StderrLine: {'line': b'CMake Error at cmake/Download.cmake:29 (message):\n'}
[139.320762] (deptrum-ros-driver-aurora930) StderrLine: {'line': b'  \n'}
[139.320930] (deptrum-ros-driver-aurora930) StderrLine: {'line': b'  http://192.168.104.3/data/ci_release/deptrum-stream/stellar400/release/-/deptrum-stream-stellar400---v1.1.2-18.04.tar.gz\n'}
[139.321069] (deptrum-ros-driver-aurora930) StderrLine: {'line': b"  doesn't exist.\n"}
[139.321201] (deptrum-ros-driver-aurora930) StderrLine: {'line': b'Call Stack (most recent call first):\n'}
[139.321358] (deptrum-ros-driver-aurora930) StderrLine: {'line': b'  cmake/Download.cmake:71 (download)\n'}
[139.321500] (deptrum-ros-driver-aurora930) StderrLine: {'line': b'  CMakeLists.txt:119 (download_sdk)\n'}
[139.321639] (deptrum-ros-driver-aurora930) StderrLine: {'line': b'\n'}
[139.321765] (deptrum-ros-driver-aurora930) StderrLine: {'line': b'\n'}
[139.321890] (deptrum-ros-driver-aurora930) StdoutLine: {'line': b'-- Configuring incomplete, errors occurred!\n'}
[139.344635] (deptrum-ros-driver-aurora930) CommandEnded: {'returncode': 1}
[139.387789] (deptrum-ros-driver-aurora930) JobEnded: {'identifier': 'deptrum-ros-driver-aurora930', 'rc': 1}
[139.398313] (-) EventReactorShutdown: {}
